--- Measuring Execution Times ---
Random dataset with 10 elements: [46, -92, 9, 23, 47, -97, -48, 18, 25, -29]
Subarray found: [9, 23, 47] with a sum of 79
Random dataset with 50 elements: [27, -32, -7, 63, -38, 77, 21, 96, -16, -79, 37, -19, -43, 73, 42, -79, -61, -12, -75, -12, -19, -44, -52, -83, -16, 54, 55, 9, 62, -78, -84, 77, 54, -15, 76, 64, 10, -99, -42, -14, -32, 11, 79, -73, -49, 13, -31, 77, 48, 17]
Subarray found: [54, 55, 9, 62, -78, -84, 77, 54, -15, 76, 64, 10] with a sum of 284
Random dataset with 100 elements: [-63, 17, 16, 97, -56, 80, 0, 87, -11, 10, 29, -72, 36, -69, -80, 88, 16, -33, -88, 68, 65, -48, -15, -42, -21, 96, -48, -55, -64, -52, -12, -6, 60, 4, -47, 3, 18, 42, -30, -4, -59, 66, 63, -69, -54, -99, 54, 1, -63, 98, 44, -59, -51, -58, -94, 70, -40, 14, 63, -1, -68, 59, 41, 93, -87, 55, -37, 83, 58, 98, 29, 82, -26, 76, 51, -14, 35, 74, -13, 38, -8, 23, 2, 94, -85, -75, -24, 66, 11, -36, -39, 80, 82, 11, 96, 31, 26, 49, -35, -63]
Subarray found: [70, -40, 14, 63, -1, -68, 59, 41, 93, -87, 55, -37, 83, 58, 98, 29, 82, -26, 76, 51, -14, 35, 74, -13, 38, -8, 23, 2, 94, -85, -75, -24, 66, 11, -36, -39, 80, 82, 11, 96, 31, 26, 49] with a sum of 1037
Random dataset with 250 elements: [-1, 2, -60, 43, 71, -83, 80, -90, 43, -39, -58, -5, 4, -33, 8, 18, 64, 39, 46, -21, 64, 47, 91, -60, 73, -56, 8, 73, -52, 20, -30, -46, 47, 88, 8, 16, 89, 71, -39, -2, 68, 48, 21, -14, 57, -45, -51, -18, 17, -16, 91, -9, 98, -46, -37, -88, -76, 29, -89, 31, 21, -2, 55, -40, 25, 21, -21, 46, 32, 28, 99, -53, -32, 67, 33, -51, 88, 45, -92, -5, 91, 93, -69, -38, 70, 89, 35, -83, -69, 78, -62, -33, -68, 87, 29, 50, -70, -13, -95, 63, 78, -77, -52, 70, 48, -94, -9, 63, -22, 73, 34, -30, 40, -89, 16, -56, -66, -1, 56, -53, -2, -34, 62, -66, -90, -62, -8, 5, -91, 36, -82, 58, -88, -27, -97, -42, -6, -32, 89, 77, -81, -93, -34, 42, 3, 91, 10, -86, -30, 42, 5, -95, 21, 10, -12, -35, 65, 11, -97, 20, -79, 83, 20, -61, -54, -12, -71, 21, 73, -5, -25, 89, -50, 22, -3, -71, -64, -44, -99, -84, -39, 11, -8, -80, -36, 11, 59, 88, -13, -79, -46, -85, -22, 45, -17, 3, -23, 31, 68, -56, -85, 87, -97, 91, 55, -9, -62, -17, -92, -72, 5, -51, -32, -15, -89, 84, -14, 66, -42, -24, 13, -47, -92, -41, -1, 37, 86, -96, -96, 37, -76, -100, -47, 44, -5, -71, -32, -3, 80, -13, -52, -37, -51, 21, -36, 8, 38, 61, 63, 45]
Subarray found: [8, 18, 64, 39, 46, -21, 64, 47, 91, -60, 73, -56, 8, 73, -52, 20, -30, -46, 47, 88, 8, 16, 89, 71, -39, -2, 68, 48, 21, -14, 57, -45, -51, -18, 17, -16, 91, -9, 98, -46, -37, -88, -76, 29, -89, 31, 21, -2, 55, -40, 25, 21, -21, 46, 32, 28, 99, -53, -32, 67, 33, -51, 88, 45, -92, -5, 91, 93, -69, -38, 70, 89, 35] with a sum of 1070
Random dataset with 500 elements: [18, 34, 48, 19, -35, 62, 93, 78, -4, -46, -73, -14, 46, 88, -77, -96, -49, -16, -41, 1, -25, -88, 93, -83, -17, 14, 59, -22, -5, -66, 24, -71, -52, -6, 36, -59, -5, -7, -15, 13, -54, 34, -80, 55, -99, -63, 96, 19, 27, 84, -54, 97, 53, 22, 69, 15, 41, 0, -55, 65, 46, 38, 15, 93, -30, 34, 88, -30, 65, 73, 56, 54, -85, 21, 100, -12, -32, 99, -14, -9, 80, -86, -73, -11, 81, 42, -34, 55, 18, -54, 37, -16, 78, 7, -89, 48, -8, -32, -95, -91, -93, -93, -94, -56, 66, 0, 55, -82, 79, 21, -40, -39, 79, -31, 56, -1, -27, 21, 18, -56, 48, 26, 41, -100, -99, -63, 66, -80, 59, 29, 93, 22, -72, -14, -13, 6, 80, -63, -26, -6, -98, 47, 64, 2, 22, -51, 77, 83, -87, 43, 90, -92, 31, 44, 39, -100, -15, 85, -8, -10, -25, -2, -99, -86, 83, 59, 25, 8, 94, 59, 26, 43, 48, 59, -54, 71, -41, -11, -95, -31, -80, -78, 84, -87, -8, 24, 84, 78, 96, -85, -13, -45, -45, 62, 33, -55, -1, 91, -89, -30, -11, -14, -100, 67, -38, -33, -57, -74, 30, 27, 93, 42, 25, 74, 34, 4, 13, 53, -88, 54, 75, -6, -64, -19, 19, -77, -4, -34, 46, -49, 37, -90, 53, 6, -6, 24, -15, -7, -8, -11, -57, -9, -82, 40, 63, 1, -67, 51, 53, 50, -97, 42, 79, 23, -69, 26, 50, 74, 94, -63, 5, -62, -42, -77, -39, 43, 98, -92, -52, 68, -96, -42, -22, 25, 45, 6, 90, -40, 70, 47, -83, -29, 88, -87, -10, -52, 6, -77, -90, -68, -92, 62, -15, -39, -86, 92, 71, 54, 87, -95, 94, -79, -16, 27, 30, 35, -36, -17, 55, -89, -14, 30, -20, -15, -53, 30, 88, 95, 36, 87, 62, -13, 70, -96, -12, 35, 62, -25, 22, -39, 96, -93, -65, 58, -8, -44, -9, 14, -7, 21, 89, -79, 40, -69, 34, -63, 87, -32, -31, -71, 60, -90, 96, 89, -74, -58, 70, 32, -68, -72, -19, 95, -14, -48, -33, 34, 95, -46, 17, 71, -8, 29, -44, 23, 34, 99, -34, -23, -16, -91, 51, -3, -97, -22, 1, 62, -23, -37, 48, 63, 82, 5, -32, -12, 0, 74, -28, 91, 78, 50, 22, -63, -61, 20, 3, 16, 84, 33, 14, 92, 72, -58, -30, 15, 5, -8, -79, 91, -68, 76, -10, -54, 28, -44, 65, -34, 75, 64, -74, 67, 83, 76, 53, -9, -82, 36, 63, -44, 88, 11, 46, -58, -42, -35, -96, 1, 42, 7, 4, -11, -7, -91, -39, -77, -40, 59, 67, -18, 69, -77, -29, 56, 88, -58, 32, -94, -75, 39, -76, 9, -100, -7, -2, -89, 75, 80, -24, 64, 87, 12, 87, 65, 31, 80, -55, -47, -4, 95, -88, -90, 22, -67, 90, 39, 33, -91, -77, -47, 30, 35]
Subarray found: [96, 19, 27, 84, -54, 97, 53, 22, 69, 15, 41, 0, -55, 65, 46, 38, 15, 93, -30, 34, 88, -30, 65, 73, 56, 54, -85, 21, 100, -12, -32, 99, -14, -9, 80, -86, -73, -11, 81, 42, -34, 55, 18, -54, 37, -16, 78, 7, -89, 48, -8, -32, -95, -91, -93, -93, -94, -56, 66, 0, 55, -82, 79, 21, -40, -39, 79, -31, 56, -1, -27, 21, 18, -56, 48, 26, 41, -100, -99, -63, 66, -80, 59, 29, 93, 22, -72, -14, -13, 6, 80, -63, -26, -6, -98, 47, 64, 2, 22, -51, 77, 83, -87, 43, 90, -92, 31, 44, 39, -100, -15, 85, -8, -10, -25, -2, -99, -86, 83, 59, 25, 8, 94, 59, 26, 43, 48, 59, -54, 71, -41, -11, -95, -31, -80, -78, 84, -87, -8, 24, 84, 78, 96, -85, -13, -45, -45, 62, 33, -55, -1, 91, -89, -30, -11, -14, -100, 67, -38, -33, -57, -74, 30, 27, 93, 42, 25, 74, 34, 4, 13, 53, -88, 54, 75, -6, -64, -19, 19, -77, -4, -34, 46, -49, 37, -90, 53, 6, -6, 24, -15, -7, -8, -11, -57, -9, -82, 40, 63, 1, -67, 51, 53, 50, -97, 42, 79, 23, -69, 26, 50, 74, 94, -63, 5, -62, -42, -77, -39, 43, 98, -92, -52, 68, -96, -42, -22, 25, 45, 6, 90, -40, 70, 47, -83, -29, 88, -87, -10, -52, 6, -77, -90, -68, -92, 62, -15, -39, -86, 92, 71, 54, 87, -95, 94, -79, -16, 27, 30, 35, -36, -17, 55, -89, -14, 30, -20, -15, -53, 30, 88, 95, 36, 87, 62, -13, 70, -96, -12, 35, 62, -25, 22, -39, 96, -93, -65, 58, -8, -44, -9, 14, -7, 21, 89, -79, 40, -69, 34, -63, 87, -32, -31, -71, 60, -90, 96, 89, -74, -58, 70, 32, -68, -72, -19, 95, -14, -48, -33, 34, 95, -46, 17, 71, -8, 29, -44, 23, 34, 99, -34, -23, -16, -91, 51, -3, -97, -22, 1, 62, -23, -37, 48, 63, 82, 5, -32, -12, 0, 74, -28, 91, 78, 50, 22, -63, -61, 20, 3, 16, 84, 33, 14, 92, 72, -58, -30, 15, 5, -8, -79, 91, -68, 76, -10, -54, 28, -44, 65, -34, 75, 64, -74, 67, 83, 76, 53, -9, -82, 36, 63, -44, 88, 11, 46] with a sum of 1838
Random dataset with 750 elements: [-17, 9, -65, -39, 19, 48, -69, -90, -74, 61, 78, -21, 59, -9, -35, -73, 4, 4, -1, -86, 24, 53, -55, -53, 98, -80, 8, 46, 31, 10, 50, 13, -89, 56, -74, -27, 47, 93, 77, -13, -20, 92, -79, -91, -41, -56, 60, 47, -20, 51, -78, -39, 81, 59, 6, -67, 37, -38, 14, -39, -6, 18, 8, 91, -82, 96, -25, 69, -21, 14, 15, 93, -24, 24, -19, 61, -75, 89, -77, 23, -27, 67, -75, -21, 93, 56, 100, 64, 40, -33, -35, -41, 8, 38, 53, 5, 18, 90, 27, 64, 10, -24, -63, -90, -94, 78, -6, 57, 7, -34, 26, 5, -66, 57, 22, -57, 72, 1, 10, -81, 17, 4, -54, 82, -75, -53, -79, 72, -7, -89, 6, 90, -52, 82, -66, 37, 33, -46, -69, 20, 19, 28, -86, -8, 84, 53, -20, 20, -58, 90, -10, 94, -12, -65, 31, 26, -98, 47, 51, -52, -37, 87, -71, 60, 45, -19, -15, -97, -40, -49, -39, 61, 76, 98, -93, 30, -15, -58, 90, 96, 31, -94, -3, 27, -59, 32, -11, -73, 9, -3, -59, -44, -59, -29, 58, 90, 41, 48, -71, 91, 28, -100, 16, -55, 35, -79, 1, 57, 53, -37, -81, 17, -26, 67, -16, 51, 98, 30, -60, -26, -95, 47, 6, 30, 60, 72, 16, -30, -27, -55, 25, -54, -55, 14, -55, -52, 12, -41, 23, 71, -79, -49, -16, -38, 65, -2, 54, 88, -16, 35, 57, -89, -39, 81, -32, 17, 10, -40, 59, 84, 82, -30, -55, 56, 13, 97, -62, -41, 96, 21, 36, 79, -88, -34, 50, 36, -90, 84, 21, 10, 38, -8, 75, -88, 16, 42, -6, -2, 67, 5, -22, 57, -92, 35, -65, 75, 55, 67, -54, -35, -20, 12, 24, -78, 98, 57, 44, 7, 89, 85, -31, 54, 54, -34, 1, -88, 61, -8, 65, -12, 34, -38, 64, 78, 37, -81, -98, 35, -34, 83, -51, 82, 69, 69, 16, -61, -88, 81, -53, -82, 68, -91, -64, -30, -93, 37, -8, -12, 80, 86, -97, -62, 46, 100, 37, 8, 66, 32, 27, -31, -39, 7, -54, 45, 87, 52, -17, 41, 91, 7, -53, -73, -82, 67, 32, -97, -59, -3, 83, 73, -21, 78, 93, 92, -71, -79, -50, -74, -66, -95, 22, -67, -99, -44, -77, -85, 92, 24, 75, -62, -25, -88, -25, 4, 10, 9, -78, 67, -26, -72, 50, -12, 5, 49, 24, -75, 51, -24, 25, 21, 70, -24, 86, -40, -49, -89, 48, 16, -31, -46, -11, 45, 67, -16, 14, -73, -77, 45, 21, -29, -75, -47, -88, -25, 47, -34, -31, -56, 74, -68, -88, 56, 47, 1, 28, -53, -11, 45, -91, -75, 33, 89, 96, -40, -77, 32, 92, 16, -79, 32, 56, -17, 8, -86, 22, -49, 42, 98, 62, 50, -66, 25, 57, 86, 59, -89, 84, 78, -61, 31, 11, -17, -27, -88, -14, 14, -4, -53, -62, -6, -82, -47, 9, -24, 63, -58, 16, -45, -30, 89, 48, -90, -99, -4, -40, 68, -19, -4, -61, -87, 60, 77, 2, 89, 37, -94, -74, -78, 54, -10, -28, 18, 7, -1, -42, 99, 35, 33, -85, 43, -18, -70, -51, -37, 4, 43, -15, -74, 81, -100, 69, -6, 26, -33, 1, -48, -22, 27, 58, -24, -5, -56, -47, 91, 25, 14, -87, 93, 28, 97, -23, 60, 24, 70, 73, -62, 52, 66, 71, 94, 66, -29, 95, -45, 75, -58, 25, 75, -58, 1, 38, 16, 87, -73, -82, 40, -13, 37, 49, -90, 19, -36, 68, 8, -80, -26, -47, -68, 8, -82, 33, 86, -41, 1, -24, 44, 88, 96, 45, -5, 82, 74, 43, -92, -60, 74, -98, -17, -71, -31, -65, 25, 78, 4, -9, -54, 79, 11, 32, -42, 39, 97, 84, 28, -71, 5, -18, -82, -39, 83, 76, -60, -25, 46, 52, 94, -61, -74, 31, 45, 0, 31, 19, 84, -73, -12, 35, 16, -41, 60, -14, 6, -47, -35, 49, 32, 30, -2, -81, 3, -41, 63, -73, 63, -21, 41, -23, -66, 23, 41, -21, 37, 40, 86, 34, 47, 92, 65, -20, 69, -91, 97, -7, -87, -29, 22, 35, -49, 30, 37, -3, 93, -71, -27, 12, 85, 15, -7, -18, -96, 5, 65, 67, 51, -51, 6, -55, 9, 7, -31, -27, 6, -63, 83, -64, -69, -36, 1, -68, -29, 72, 16, -88, 40, -66, 98, -22, -21, 71, -42]
Subarray found: [98, -80, 8, 46, 31, 10, 50, 13, -89, 56, -74, -27, 47, 93, 77, -13, -20, 92, -79, -91, -41, -56, 60, 47, -20, 51, -78, -39, 81, 59, 6, -67, 37, -38, 14, -39, -6, 18, 8, 91, -82, 96, -25, 69, -21, 14, 15, 93, -24, 24, -19, 61, -75, 89, -77, 23, -27, 67, -75, -21, 93, 56, 100, 64, 40, -33, -35, -41, 8, 38, 53, 5, 18, 90, 27, 64, 10, -24, -63, -90, -94, 78, -6, 57, 7, -34, 26, 5, -66, 57, 22, -57, 72, 1, 10, -81, 17, 4, -54, 82, -75, -53, -79, 72, -7, -89, 6, 90, -52, 82, -66, 37, 33, -46, -69, 20, 19, 28, -86, -8, 84, 53, -20, 20, -58, 90, -10, 94, -12, -65, 31, 26, -98, 47, 51, -52, -37, 87, -71, 60, 45, -19, -15, -97, -40, -49, -39, 61, 76, 98, -93, 30, -15, -58, 90, 96, 31, -94, -3, 27, -59, 32, -11, -73, 9, -3, -59, -44, -59, -29, 58, 90, 41, 48, -71, 91, 28, -100, 16, -55, 35, -79, 1, 57, 53, -37, -81, 17, -26, 67, -16, 51, 98, 30, -60, -26, -95, 47, 6, 30, 60, 72, 16, -30, -27, -55, 25, -54, -55, 14, -55, -52, 12, -41, 23, 71, -79, -49, -16, -38, 65, -2, 54, 88, -16, 35, 57, -89, -39, 81, -32, 17, 10, -40, 59, 84, 82, -30, -55, 56, 13, 97, -62, -41, 96, 21, 36, 79, -88, -34, 50, 36, -90, 84, 21, 10, 38, -8, 75, -88, 16, 42, -6, -2, 67, 5, -22, 57, -92, 35, -65, 75, 55, 67, -54, -35, -20, 12, 24, -78, 98, 57, 44, 7, 89, 85, -31, 54, 54, -34, 1, -88, 61, -8, 65, -12, 34, -38, 64, 78, 37, -81, -98, 35, -34, 83, -51, 82, 69, 69, 16, -61, -88, 81, -53, -82, 68, -91, -64, -30, -93, 37, -8, -12, 80, 86, -97, -62, 46, 100, 37, 8, 66, 32, 27, -31, -39, 7, -54, 45, 87, 52, -17, 41, 91, 7, -53, -73, -82, 67, 32, -97, -59, -3, 83, 73, -21, 78, 93, 92, -71, -79, -50, -74, -66, -95, 22, -67, -99, -44, -77, -85, 92, 24, 75, -62, -25, -88, -25, 4, 10, 9, -78, 67, -26, -72, 50, -12, 5, 49, 24, -75, 51, -24, 25, 21, 70, -24, 86, -40, -49, -89, 48, 16, -31, -46, -11, 45, 67, -16, 14, -73, -77, 45, 21, -29, -75, -47, -88, -25, 47, -34, -31, -56, 74, -68, -88, 56, 47, 1, 28, -53, -11, 45, -91, -75, 33, 89, 96, -40, -77, 32, 92, 16, -79, 32, 56, -17, 8, -86, 22, -49, 42, 98, 62, 50, -66, 25, 57, 86, 59, -89, 84, 78, -61, 31, 11, -17, -27, -88, -14, 14, -4, -53, -62, -6, -82, -47, 9, -24, 63, -58, 16, -45, -30, 89, 48, -90, -99, -4, -40, 68, -19, -4, -61, -87, 60, 77, 2, 89, 37, -94, -74, -78, 54, -10, -28, 18, 7, -1, -42, 99, 35, 33, -85, 43, -18, -70, -51, -37, 4, 43, -15, -74, 81, -100, 69, -6, 26, -33, 1, -48, -22, 27, 58, -24, -5, -56, -47, 91, 25, 14, -87, 93, 28, 97, -23, 60, 24, 70, 73, -62, 52, 66, 71, 94, 66, -29, 95, -45, 75, -58, 25, 75, -58, 1, 38, 16, 87, -73, -82, 40, -13, 37, 49, -90, 19, -36, 68, 8, -80, -26, -47, -68, 8, -82, 33, 86, -41, 1, -24, 44, 88, 96, 45, -5, 82, 74, 43, -92, -60, 74, -98, -17, -71, -31, -65, 25, 78, 4, -9, -54, 79, 11, 32, -42, 39, 97, 84, 28, -71, 5, -18, -82, -39, 83, 76, -60, -25, 46, 52, 94, -61, -74, 31, 45, 0, 31, 19, 84, -73, -12, 35, 16, -41, 60, -14, 6, -47, -35, 49, 32, 30, -2, -81, 3, -41, 63, -73, 63, -21, 41, -23, -66, 23, 41, -21, 37, 40, 86, 34, 47, 92, 65, -20, 69, -91, 97, -7, -87, -29, 22, 35, -49, 30, 37, -3, 93, -71, -27, 12, 85, 15, -7, -18, -96, 5, 65, 67, 51] with a sum of 2374
Random dataset with 1000 elements: [99, 9, 71, 94, -75, 0, -10, -84, 19, -58, 36, 11, -67, -44, 71, -39, -7, 73, 25, -49, 74, 70, -7, -42, 17, -54, -90, 73, 91, 24, -64, 18, 82, 81, 6, 77, -49, -95, 95, 37, 19, 83, 97, -45, 39, -55, 78, 80, -73, -36, -59, -27, -77, -100, -20, -96, 62, -35, -26, 32, 99, 97, 40, -70, -51, -26, -3, -19, 68, -42, -41, -9, 58, 24, -70, -25, -4, 17, -7, 24, 52, -29, 20, -16, -97, -87, -64, 15, 66, 82, -81, -42, -26, -94, -6, -68, -48, -66, 61, 91, 28, -16, -12, -14, -26, 94, 95, 77, 22, 75, -49, 2, 93, -82, -43, -39, -23, -24, 96, 6, -18, -99, 43, 51, 80, -58, -75, 24, 4, 57, 19, -4, 1, 32, -94, -24, -88, -89, -49, -49, -74, -13, -49, -64, -75, -81, -66, 40, -32, -47, 42, -13, -74, 86, -47, 61, -87, -60, -61, 96, 91, -7, 51, -57, -79, 25, -29, 83, -43, -45, -31, 56, -96, 58, -95, -40, 92, -64, 95, 97, 56, 35, 33, 12, -41, 22, -58, 100, -33, 32, 4, 80, 98, -100, 67, -92, 17, 91, 55, -85, 73, -1, -83, 79, 23, -29, 83, 63, -45, -94, 8, -74, -26, -46, -16, -42, -14, -43, -98, -43, 95, 49, 89, 54, -65, -91, 39, 27, 21, -62, 66, 58, -61, 85, 81, 77, -4, 95, 8, -50, 54, 54, -40, -13, -73, -35, -20, 2, -18, 96, 24, 11, 57, -46, -54, -64, -26, 88, 65, 8, -28, -69, 95, -34, -67, 15, 60, 3, -57, 22, -43, -33, -34, 36, -81, -12, 88, 38, 33, -77, 93, -56, -63, 90, 22, 12, 79, 29, 76, 80, 38, 76, -61, 80, -51, -68, 98, 8, 8, -98, -21, 80, 74, -81, -78, 3, 69, 32, 38, -46, 17, -5, -2, 99, 41, 70, 33, 5, 18, 78, -100, 89, 60, 14, -28, 14, -27, -52, -38, 92, -84, 82, 48, 65, -92, -85, -33, 94, -67, -93, -92, 92, -41, 17, 66, 28, -44, 27, -25, 83, -21, -39, -81, 63, 26, 62, 11, 60, -8, -37, -68, 62, -87, -47, -49, 8, 16, 6, -89, -20, 68, -30, -44, -52, -11, -69, 38, -65, 11, 29, -100, 25, -61, -7, 62, -71, 3, 17, -51, 68, -56, 74, -35, -77, -98, 13, -15, 24, 89, -93, -10, 24, -86, -60, 70, -2, 6, -44, -53, 32, 38, 83, 71, -67, -70, 83, 75, 64, -6, -6, 63, 95, -76, 46, 76, -5, -15, -41, -90, 94, 98, 41, 11, 43, 91, 16, 18, 98, 28, 53, -12, 44, 85, 85, -91, -4, -66, -88, 59, -67, -20, 28, -62, -92, 47, -10, -3, -9, -46, 67, 84, 45, -37, 65, 61, 60, -11, -57, 22, 32, -86, -14, -54, -58, -44, -26, 87, -54, -29, 85, 96, 100, -42, 10, -43, 43, -44, 55, -29, -9, -32, 99, 51, -48, 58, -4, -80, 81, -8, 60, 88, -6, -63, 88, 81, 47, -18, -6, 52, 32, -51, 94, 59, 34, 67, -21, 50, -56, 46, 53, -20, 5, -21, 86, 31, -73, 92, 56, 85, -76, 62, -14, -51, 46, -13, -42, 96, 26, -55, 23, 31, 47, -15, -51, -25, 42, 31, -54, 59, -51, -24, 94, -50, -76, -13, -71, 84, 98, -52, -62, 74, 40, -74, 77, 2, 59, -24, -95, -91, 8, 17, 37, 75, -78, -68, -45, -89, 60, 8, -58, -77, 3, 87, -72, 19, -43, 8, 87, 28, -12, 27, -41, -15, 41, 82, -14, -90, -94, 18, 31, -99, -1, -15, 25, -25, 21, 87, -59, 15, -50, 76, -53, -88, -64, 37, 62, -46, 60, -77, 84, 63, 25, -57, -85, 78, 92, 7, 11, -51, 86, 2, 77, -28, -31, 87, -56, -57, 45, -47, 83, 65, -82, -43, -67, 3, 29, -28, 74, -21, -67, -38, 44, -32, 84, -83, 71, 17, -98, 67, 25, 61, 88, -17, 93, 13, 70, -59, 73, -25, 11, 18, -72, 93, 83, 20, -89, -76, -91, 95, -88, 41, -80, -76, -72, -21, -7, -48, -79, 17, 77, -69, 100, -99, 58, -11, 60, -46, -54, 24, 9, 94, -27, 41, -68, -80, -31, -97, -8, 73, 70, -14, 14, -12, -99, 47, -29, 30, -30, 92, 67, -88, 8, -63, -33, -27, 92, -38, 0, -65, 35, -74, -41, -59, 4, -19, -25, -93, -74, 76, 17, -70, 2, 36, -14, -100, -95, 6, 100, 24, 74, 32, 22, -6, 38, -19, -49, 98, -19, -70, 76, -92, -43, 29, 40, -65, 68, 15, 59, 31, 44, 1, 13, 55, 99, -94, -95, -73, -15, -85, -42, -53, 30, -17, -41, 59, 43, 44, -91, -97, 35, 41, 83, 29, 35, 48, 40, -43, 46, -35, -77, 14, 23, -92, -22, 27, -90, 20, -34, 94, -73, 62, -42, -11, -55, -44, -81, -36, 20, -12, -16, 53, -30, 48, 47, 31, -18, 100, -78, 95, -100, 60, -11, 48, 86, -8, -17, 81, -17, -21, -55, 82, 25, 9, 70, 16, -97, 73, -35, 10, 20, -91, 8, -22, 61, 49, 44, -98, -53, -95, -23, -42, 85, 66, 76, 89, -57, 81, -29, -28, 35, -90, -8, 71, 26, -36, -50, -68, -69, -43, -14, -55, 88, 46, -13, 93, -39, 34, 85, -75, 14, -30, 7, 8, 43, -22, -96, -29, 38, 95, 81, -6, -29, -14, -26, -33, -41, 9, 43, -45, 76, 40, 26, -5, 89, -24, -92, 68, 9, 23, -54, -20, 84, 15, 16, 37, 67, -59, 71, 96, 35, 100, -45, -49, -36, -76, -90, 80, -56, -3, 24, 77, 85, 28, 37, -36, 5, 58, -1, 66, 82, -100, 56, -81, 62, -49, -41, -96, 30, 32, 37, -54, -86, 65, 37, 21, 2, 54, 12, 95, 18, 98, 29, -70, -11, 2, -37, -71, -43, 14, -85, 99, -8, -25, -71, 90, -96, 24, -78, 55, -48, 65, 27, 100, -77, -72, 35, 85, -85, 86, -15]
Subarray found: [92, -64, 95, 97, 56, 35, 33, 12, -41, 22, -58, 100, -33, 32, 4, 80, 98, -100, 67, -92, 17, 91, 55, -85, 73, -1, -83, 79, 23, -29, 83, 63, -45, -94, 8, -74, -26, -46, -16, -42, -14, -43, -98, -43, 95, 49, 89, 54, -65, -91, 39, 27, 21, -62, 66, 58, -61, 85, 81, 77, -4, 95, 8, -50, 54, 54, -40, -13, -73, -35, -20, 2, -18, 96, 24, 11, 57, -46, -54, -64, -26, 88, 65, 8, -28, -69, 95, -34, -67, 15, 60, 3, -57, 22, -43, -33, -34, 36, -81, -12, 88, 38, 33, -77, 93, -56, -63, 90, 22, 12, 79, 29, 76, 80, 38, 76, -61, 80, -51, -68, 98, 8, 8, -98, -21, 80, 74, -81, -78, 3, 69, 32, 38, -46, 17, -5, -2, 99, 41, 70, 33, 5, 18, 78, -100, 89, 60, 14, -28, 14, -27, -52, -38, 92, -84, 82, 48, 65, -92, -85, -33, 94, -67, -93, -92, 92, -41, 17, 66, 28, -44, 27, -25, 83, -21, -39, -81, 63, 26, 62, 11, 60, -8, -37, -68, 62, -87, -47, -49, 8, 16, 6, -89, -20, 68, -30, -44, -52, -11, -69, 38, -65, 11, 29, -100, 25, -61, -7, 62, -71, 3, 17, -51, 68, -56, 74, -35, -77, -98, 13, -15, 24, 89, -93, -10, 24, -86, -60, 70, -2, 6, -44, -53, 32, 38, 83, 71, -67, -70, 83, 75, 64, -6, -6, 63, 95, -76, 46, 76, -5, -15, -41, -90, 94, 98, 41, 11, 43, 91, 16, 18, 98, 28, 53, -12, 44, 85, 85, -91, -4, -66, -88, 59, -67, -20, 28, -62, -92, 47, -10, -3, -9, -46, 67, 84, 45, -37, 65, 61, 60, -11, -57, 22, 32, -86, -14, -54, -58, -44, -26, 87, -54, -29, 85, 96, 100, -42, 10, -43, 43, -44, 55, -29, -9, -32, 99, 51, -48, 58, -4, -80, 81, -8, 60, 88, -6, -63, 88, 81, 47, -18, -6, 52, 32, -51, 94, 59, 34, 67, -21, 50, -56, 46, 53, -20, 5, -21, 86, 31, -73, 92, 56, 85, -76, 62, -14, -51, 46, -13, -42, 96, 26, -55, 23, 31, 47, -15, -51, -25, 42, 31, -54, 59, -51, -24, 94, -50, -76, -13, -71, 84, 98, -52, -62, 74, 40, -74, 77, 2, 59, -24, -95, -91, 8, 17, 37, 75, -78, -68, -45, -89, 60, 8, -58, -77, 3, 87, -72, 19, -43, 8, 87, 28, -12, 27, -41, -15, 41, 82, -14, -90, -94, 18, 31, -99, -1, -15, 25, -25, 21, 87, -59, 15, -50, 76, -53, -88, -64, 37, 62, -46, 60, -77, 84, 63, 25, -57, -85, 78, 92, 7, 11, -51, 86, 2, 77, -28, -31, 87, -56, -57, 45, -47, 83, 65, -82, -43, -67, 3, 29, -28, 74, -21, -67, -38, 44, -32, 84, -83, 71, 17, -98, 67, 25, 61, 88, -17, 93, 13, 70, -59, 73, -25, 11, 18, -72, 93, 83, 20] with a sum of 2847
Random dataset with 1500 elements: [-21, -86, 6, -14, -78, -17, -6, 96, -20, 72, 100, -43, 95, -62, -82, -6, -64, -69, -30, -96, -81, 25, 49, -34, -37, 15, 90, 69, -54, 95, -6, 29, 46, -23, 14, -19, -80, -7, -5, -96, -44, -58, -95, 35, 2, 23, -17, -14, -27, -77, 71, 98, -27, -67, 44, -83, -85, 5, -40, 72, -45, 68, 87, -13, -15, -33, -82, 73, -2, -63, -79, 68, -38, -94, -32, 61, -15, -1, 93, -99, 87, 2, -72, 94, 16, 56, -31, -3, 64, -53, 36, 85, 55, 36, -45, 97, 29, 64, 12, -43, 69, -27, -32, 53, -61, -98, -3, -10, -44, 26, 55, -1, 96, -10, -20, -83, 12, 52, 26, 72, -35, -86, -13, 9, -49, 1, 4, -46, 44, 73, 42, -38, 74, 93, 4, 19, -16, 50, -90, -98, 44, -79, 88, -85, -72, 20, -48, 91, -4, 50, 12, -44, -67, 88, -46, 92, 55, 9, 52, 2, 32, -96, -28, 56, 38, -79, -40, -84, 89, 29, -86, 50, -67, -16, 90, -61, -63, -11, -44, 19, 31, -18, 13, 63, -19, -2, -30, -94, -14, -6, -66, 9, 1, -57, -47, -51, 84, -77, 66, 33, -1, 68, -25, -85, -89, -69, -19, 88, 99, 28, -43, 28, 17, 23, -12, 83, -47, -42, -4, -70, -94, 23, -33, 34, 41, 11, -11, -16, 16, -9, -49, -80, 72, -32, 15, -76, 73, 87, 21, 62, -58, 6, -38, -71, -60, 98, 55, 23, -53, -15, -58, 38, 19, 59, 20, 88, 71, 60, -2, -15, -42, 51, -78, -87, -18, 61, -83, -52, 28, 2, -39, -95, -99, 23, 73, -16, 8, 13, -21, -63, -47, 18, -64, -55, -20, -56, -23, 82, 4, -53, -68, 99, -83, 82, 97, -9, -76, 24, 1, 93, 22, -87, 13, -21, 99, 56, 0, 73, -63, -16, -92, -91, -35, -72, 64, 31, 42, -67, 14, 55, 94, -92, -16, 82, -100, 71, -33, 77, -56, -6, 83, -5, -49, 85, -7, 65, 32, -23, 21, -33, 30, -10, 30, -43, 99, 61, -28, 90, -100, -55, -96, -67, 43, -62, 8, 9, -49, -92, 9, 17, -57, -94, -25, -26, -32, 0, -12, 71, 95, -60, 91, -55, 32, -77, -72, 79, -70, 67, 46, -3, 63, -35, -68, 5, 15, -47, -66, 20, 7, -2, 62, 99, 63, -67, -70, 32, 6, 31, -21, -23, -33, 99, -47, -20, 83, -74, 49, 21, -85, 59, 62, 52, 1, -51, 98, 40, -68, 48, -47, -79, -31, -15, -27, -90, -27, 43, -82, -97, -56, 58, 26, 96, -66, 70, 71, 15, 26, -23, -86, -25, -29, -74, -88, -54, -81, -23, 44, -66, -68, -34, -55, -91, -9, 70, 5, -24, 61, 52, 62, -26, -40, -66, -12, 47, -76, -9, -13, -84, -96, 10, -100, -17, -31, 50, -78, 31, -74, 18, -10, -99, -62, 6, 64, -32, 77, -80, -75, 67, 29, 60, 34, 43, 37, -36, -42, 29, -12, -60, -26, 54, 1, 33, 43, -67, 38, -23, -39, 15, 95, 76, 97, -46, 96, -8, 100, 50, -86, 91, 98, -85, -23, -85, 1, 83, 74, -18, -35, -72, 32, -13, -92, -69, -16, 7, -41, -28, -74, 41, 34, 45, 8, -14, -59, -55, -77, 3, 83, -90, 19, 28, -71, 34, 2, 68, 67, -40, 75, -54, 74, 23, -44, -70, 17, -39, 34, -69, -91, 98, 29, -73, -12, -88, 81, -93, 32, 93, 83, 56, 85, -70, 35, -16, 8, -97, -73, -55, -78, 20, -98, 76, 50, -59, -86, -81, -88, 63, -29, 27, 25, -15, -78, -21, -45, -13, 95, -40, -72, -1, 49, 75, 67, -38, -88, -11, 74, -49, -27, -65, -6, -14, 67, 4, -80, -65, 76, -47, -30, 98, -27, -70, -79, -58, -55, -5, 1, 58, -43, -33, -34, -28, -59, 24, -76, -26, 79, 19, 84, -73, -73, -9, 41, -15, -40, -38, 6, -96, 59, -49, -59, 1, 22, 33, -46, -97, -24, 21, 49, -22, -63, -2, -54, -44, -10, -74, 84, -37, -85, -56, 8, 37, 16, 59, 58, 66, 84, -75, -61, -91, 1, -8, -81, 11, -96, 48, -20, 52, 7, -45, -22, 14, 46, -93, 7, 61, -46, 43, -29, 3, 83, -23, -14, 91, 25, 76, -28, 96, -84, 85, 89, -28, 94, 69, -56, 53, -21, -22, 11, 83, 62, -9, -52, -87, -53, 85, -53, -100, 33, 56, 78, -80, 82, 66, 46, 61, 74, -13, -61, -81, 66, -90, -26, 81, 70, -29, -84, 93, -62, -92, -68, -32, 27, 13, 83, 90, 49, 76, 47, 55, 9, -68, -16, -11, 73, -65, 11, 63, -2, -45, 66, -48, 52, -99, 5, 67, 32, 91, -39, -34, 54, -81, 100, 79, -53, -56, -43, 94, 60, 86, 78, 44, 9, 70, -62, -78, -18, -87, -81, 88, -16, -43, 67, -79, -12, 56, -30, -27, 59, -99, -64, 29, 90, -76, 26, -50, 94, -38, -47, 97, 5, 95, 92, 73, -5, -33, -65, 15, -35, -20, -23, -27, -30, 75, 19, 70, 53, -16, 88, 4, -69, 51, -62, 57, 66, 18, -48, -75, -97, -90, 63, -18, -29, -55, 58, -35, -51, -73, 56, -59, 24, 58, -55, -96, 88, -94, 66, -86, -17, -83, -9, 37, -49, 28, 9, -60, -64, 95, 20, -21, -32, -39, 3, -76, 49, 10, -47, -54, 15, -49, 8, 81, 63, -51, 12, 96, -50, -73, 83, 85, 65, -37, -45, -33, 83, -53, 81, -23, 38, 54, 72, -50, 53, 68, 7, -15, 32, -33, 79, 62, -48, -5, 55, -99, 57, 13, 26, -62, 76, 10, 74, 66, 2, 78, -12, 42, 59, -17, -78, -25, 23, 80, 40, 81, -68, -58, 40, -96, -87, -91, -75, 26, 62, -79, 64, -18, 31, -42, -43, -81, -61, -4, -72, -20, 89, -72, 80, -51, 71, -89, 99, -67, -25, 6, 27, -5, -92, 62, 93, -14, 52, 5, -38, 19, -33, 48, 40, -81, 33, -3, 44, 71, 28, -6, -14, -75, -97, -70, -52, -89, -44, -50, 64, 36, -83, 85, 100, -19, 26, -54, 25, -56, -12, 86, -47, 86, -59, 88, 36, 0, -78, -16, 93, 37, 11, -70, 51, 12, 17, 3, -40, 77, 8, -79, -2, -35, -14, -92, 94, 0, 44, 87, -97, -69, -67, -8, 93, -93, -38, 90, -11, -71, 20, 32, 76, 0, 77, 85, -44, 7, -5, 73, -48, 64, -34, 15, 99, -68, -30, 71, -91, 37, -58, 80, -12, -47, 88, -84, -4, 94, -72, 24, 49, -46, 74, -57, 97, -10, 86, 93, -47, -66, -31, -45, 73, 60, 66, 51, -9, -87, 86, 100, -94, -30, 74, 30, -95, 52, -91, 42, 33, 6, -71, -15, -19, 76, -16, -100, 94, -83, 65, -77, 30, 65, -25, 80, 81, -58, 63, 61, -91, 83, 46, -99, 30, -49, -97, -22, 28, -15, 38, 64, 93, -12, -37, 100, 39, 78, 13, 13, 100, 80, -92, 12, -65, -23, 48, -31, -70, 82, 61, -35, -73, -75, 15, -12, -98, -85, -80, 77, 0, -79, -87, -79, -32, 64, -97, 91, 45, 47, 32, 19, -17, -55, 8, -84, 50, -50, -85, -58, 91, 74, 49, -7, 81, -63, -41, 59, 7, 47, -24, 60, -58, 28, -54, -21, -62, 100, -97, 25, -90, 77, 2, -92, 82, -13, -84, -80, 20, 86, -42, -50, -25, -38, -85, -82, 47, 33, -90, 30, 51, -56, -59, 13, 58, -97, -72, -1, 23, -41, 51, 5, 60, 21, 60, -29, 81, -46, -23, 52, 66, 79, -70, -100, -75, -28, -67, -13, 93, -4, 84, -65, 61, -89, -31, -54, -89, -64, -84, -43, 28, 4, -25, -68, -21, -100, -31, 3, -72, 57, 33, 87, -84, 65, 37, -95, -71, -1, 67, 93, 86, -11, -27, 0, 44, -54, 97, -32, 90, 39, 79, -29, -12, 53, 23, -73, -56, 9, 82, -11, 3, 80, 51, 88, 32, -63, -79, 6, -54, -82, 34, 25, 68, -8, -98, -34, -10, 38, -7, 30, -26, 80, 71, -26, -24, 14, 36, 74, -72, 49, 66, -6, 55, -5, 89, 23, -62, 93, -31, -56, 81, -57, 68, 98, -93, 47, 67, -37, -94, 44, -57, 30, 57, -25, -7, -40, -66, -21, -5, 52, -85, -56, 51, 4, -40, 17, 25, -70, 62, 88, -4, 94, 71, 49, -11, 28, 13, -82, -9, 6, -3, 27, 93, 64, 70, 28, -78, -99, 81, -5, -85, 29, 54, -80, -68, -26, 32, 94, 46, 100, -94, 68, -90, -7, -92, 81, 15, 52, 56, -72, -32, -66, -15, -57, -16, 29, 22, 38, 1, 32, -92, 22, 22, -12, -37, 64, -18, -82, -23, 62, 61, 60, 98, -59, 37, -70, 56, 6, -85, -44, 76, -50, 37, 39, 32, 0, 84, -31, 84, 94, -46, -53, 13, 46, 69, 21, -7, -83, 81, -93, -8, -52, -86, -12, 70, 45, -80, -68, 92, -18, 64, 38, 66, -59, 56, -21, -54, -78, 74, 80, -48, 59]
Subarray found: [7, 61, -46, 43, -29, 3, 83, -23, -14, 91, 25, 76, -28, 96, -84, 85, 89, -28, 94, 69, -56, 53, -21, -22, 11, 83, 62, -9, -52, -87, -53, 85, -53, -100, 33, 56, 78, -80, 82, 66, 46, 61, 74, -13, -61, -81, 66, -90, -26, 81, 70, -29, -84, 93, -62, -92, -68, -32, 27, 13, 83, 90, 49, 76, 47, 55, 9, -68, -16, -11, 73, -65, 11, 63, -2, -45, 66, -48, 52, -99, 5, 67, 32, 91, -39, -34, 54, -81, 100, 79, -53, -56, -43, 94, 60, 86, 78, 44, 9, 70, -62, -78, -18, -87, -81, 88, -16, -43, 67, -79, -12, 56, -30, -27, 59, -99, -64, 29, 90, -76, 26, -50, 94, -38, -47, 97, 5, 95, 92, 73, -5, -33, -65, 15, -35, -20, -23, -27, -30, 75, 19, 70, 53, -16, 88, 4, -69, 51, -62, 57, 66, 18, -48, -75, -97, -90, 63, -18, -29, -55, 58, -35, -51, -73, 56, -59, 24, 58, -55, -96, 88, -94, 66, -86, -17, -83, -9, 37, -49, 28, 9, -60, -64, 95, 20, -21, -32, -39, 3, -76, 49, 10, -47, -54, 15, -49, 8, 81, 63, -51, 12, 96, -50, -73, 83, 85, 65, -37, -45, -33, 83, -53, 81, -23, 38, 54, 72, -50, 53, 68, 7, -15, 32, -33, 79, 62, -48, -5, 55, -99, 57, 13, 26, -62, 76, 10, 74, 66, 2, 78, -12, 42, 59, -17, -78, -25, 23, 80, 40, 81, -68, -58, 40, -96, -87, -91, -75, 26, 62, -79, 64, -18, 31, -42, -43, -81, -61, -4, -72, -20, 89, -72, 80, -51, 71, -89, 99, -67, -25, 6, 27, -5, -92, 62, 93, -14, 52, 5, -38, 19, -33, 48, 40, -81, 33, -3, 44, 71, 28, -6, -14, -75, -97, -70, -52, -89, -44, -50, 64, 36, -83, 85, 100, -19, 26, -54, 25, -56, -12, 86, -47, 86, -59, 88, 36, 0, -78, -16, 93, 37, 11, -70, 51, 12, 17, 3, -40, 77, 8, -79, -2, -35, -14, -92, 94, 0, 44, 87, -97, -69, -67, -8, 93, -93, -38, 90, -11, -71, 20, 32, 76, 0, 77, 85, -44, 7, -5, 73, -48, 64, -34, 15, 99, -68, -30, 71, -91, 37, -58, 80, -12, -47, 88, -84, -4, 94, -72, 24, 49, -46, 74, -57, 97, -10, 86, 93, -47, -66, -31, -45, 73, 60, 66, 51, -9, -87, 86, 100, -94, -30, 74, 30, -95, 52, -91, 42, 33, 6, -71, -15, -19, 76, -16, -100, 94, -83, 65, -77, 30, 65, -25, 80, 81, -58, 63, 61, -91, 83, 46, -99, 30, -49, -97, -22, 28, -15, 38, 64, 93, -12, -37, 100, 39, 78, 13, 13, 100, 80] with a sum of 2240
Random dataset with 2000 elements: [14, -88, 96, 21, 96, 95, -35, 80, -54, 47, 63, -65, 99, 93, 2, -52, 66, -63, 36, 68, 57, 82, -14, -12, 33, 8, -93, -48, 87, -97, 54, 62, 51, 79, 13, -51, -83, 80, -92, -43, 87, 23, 77, -72, 49, 88, -44, 35, -69, -28, 16, 7, -87, -14, 31, -55, -50, 0, 19, 57, -89, -86, -28, -73, 64, -24, 45, 53, -100, -71, -90, -73, -69, 31, 6, -44, -47, -50, 38, -97, -93, -69, -63, 65, -66, -21, -38, 41, 58, -78, 38, 45, 28, 37, 64, -68, -44, 54, -99, 13, -19, -88, -16, -96, -62, -1, -27, 17, 37, 4, 90, 2, -64, 61, -52, -91, -42, -98, 76, 24, -56, 39, 83, 52, -6, -12, -49, 54, 80, 9, 23, -64, -29, 97, 69, -61, -95, 54, -46, 44, 91, 94, -20, 65, 31, 1, -58, 81, 5, -12, -22, 2, 46, -60, -59, -40, -88, -47, 6, 43, 52, -23, -89, 24, 61, -70, -80, -49, 62, -19, 82, -3, -22, 65, 9, 7, -91, -45, -66, -11, 94, -12, -48, 54, 31, 38, 14, -41, -1, -71, -51, 44, 90, 90, -61, 56, 4, 97, -99, -79, -1, -16, -67, 35, -100, -72, 68, 43, -85, -80, 39, 63, 40, 84, 83, -82, -100, -40, 86, 66, 92, 19, -23, 13, 22, -72, -82, -40, -96, 39, -49, 83, 22, 10, 32, 68, 18, 83, -73, -90, -79, -88, -78, 13, -7, 6, 59, 69, -17, 83, -74, 27, 36, -84, -26, 93, -24, 35, -83, 66, 11, -24, 24, 21, -84, 28, 52, -93, 43, -82, -73, -13, -50, -33, -47, 46, 53, -44, 81, -7, -98, -19, -85, 81, 29, -61, 73, -6, -17, -37, -13, 42, -17, 35, -1, -64, 63, 9, -18, -42, 86, 96, -14, -69, 2, 57, 50, -20, 40, 68, 44, 16, 72, -78, -68, -57, -68, 67, -54, -26, -50, -100, -95, -45, -1, -25, 54, 39, -29, -1, 10, 65, -41, 23, 75, 14, -58, -60, -62, -54, -95, 69, -5, 82, 93, 39, -40, 89, -58, -33, -40, -35, -9, 82, -5, -19, -33, 28, 77, 11, -97, 29, -58, -61, 77, -61, -49, -53, 75, 97, -29, -28, -62, -73, 95, 86, 58, 67, 21, 0, 68, -17, 2, 71, 64, 9, -62, 72, 94, 59, -53, 41, -8, -18, -53, 53, -8, -42, -31, 36, -16, -86, -100, 63, 7, -12, -80, -64, 99, 35, 58, -12, -96, -69, -75, 14, 26, -56, -55, -59, 28, -20, -82, -90, -35, -86, -93, 53, 96, 84, 100, -12, -67, -6, 42, 47, -76, 56, -52, 90, 17, 99, 24, 36, 60, -17, 40, -30, 21, -93, -24, -8, 75, -19, 68, -12, 28, 61, -100, -62, 9, -69, 39, -20, 33, 5, 25, -62, -22, 1, 41, 1, 49, -92, 73, 4, -63, -37, 34, -5, 26, -44, 13, 87, -59, -27, 12, -98, 24, 28, 55, 41, 77, 87, 7, -55, 29, -4, 34, -7, -51, -1, -46, 66, 68, -45, 23, -46, 7, 84, -53, 97, 47, 92, -62, -51, -73, 17, 58, -88, 92, 6, 53, -26, 4, 96, 64, 25, 65, -11, 78, -50, 29, -27, 0, 56, 2, -91, 60, 26, 7, -55, 29, 54, -29, -83, -7, 44, -62, -94, -16, 70, 18, -73, 18, -47, 95, 43, -54, 37, 5, -63, 4, 71, -8, -73, -9, -87, -55, 6, 21, -67, 7, -45, 35, -33, -29, -26, 9, -45, 77, -52, -85, -4, 17, 66, -37, -61, -26, 22, 62, -52, 87, -88, 20, 61, 56, -53, 60, 44, -98, -97, -47, -50, 79, -64, 88, -79, 67, 75, -33, -33, 65, -73, 83, -47, 100, -8, -52, -77, -98, -30, 29, -72, -83, -79, -15, 89, -98, 93, -49, 51, -46, 10, 71, 92, -100, -39, -91, -87, -80, -68, 57, -73, 62, -54, -11, 20, 39, -48, 96, -26, 43, 65, 36, 5, -63, 12, -96, 3, -70, 13, 84, 7, -33, 12, -57, 43, 51, 14, -35, 37, -15, -7, 22, -33, 82, 74, -60, -97, 26, -54, 70, 18, -36, -98, -66, 68, 52, 82, -3, -53, 11, 87, 80, -32, -89, 47, 62, 78, 6, -82, 72, 57, -52, 1, 16, -16, 69, 10, 16, 7, 22, -42, -21, -44, 43, -72, -48, 77, 55, -7, 2, 31, 11, 2, -82, 95, -85, 75, -71, -7, -21, 44, -7, 48, 91, -74, 84, -32, -74, 90, 2, 7, -7, -63, 39, 82, -33, 83, -81, -42, -40, 87, 17, -65, -43, -85, -98, 61, 21, -64, 50, -58, -92, -57, -18, 25, 57, -95, -78, -67, 81, 76, -1, -56, -15, -82, 22, -61, -91, -66, -25, 69, -63, -34, -27, -77, 15, -6, 51, -2, -29, -48, -39, -81, -74, 58, 96, 56, -58, 27, -48, -65, 36, 7, -23, 90, 36, 7, -36, -95, 87, 51, 48, -80, -58, 80, -86, -36, -40, 16, -50, -82, -82, -13, 6, 60, -34, 29, -62, -48, 83, -25, 39, -74, -9, -32, -30, -45, -3, 37, -66, 69, -32, 27, -15, -46, -3, 13, -38, 24, -96, -28, 62, -11, 7, 57, 84, 38, -81, 97, 92, 77, 86, -68, 36, 72, 38, -75, 74, -45, 78, 55, 30, 93, 53, -77, -98, 33, -15, 31, 29, -28, 45, -5, -78, 13, -33, -60, -57, -75, -15, -97, 48, -89, 9, 4, -99, -33, 89, 67, -31, 61, 65, 27, 0, -96, -61, 32, 21, -93, -99, 36, 91, 45, 63, 18, -98, -33, -38, -6, 97, -59, -55, 64, -43, -27, -8, 61, 43, -53, -53, 43, -42, -21, 66, 58, 87, -96, -96, 12, -48, 46, -65, 96, -47, -68, -84, 19, -49, 88, 15, -74, 88, -40, 93, 40, 49, -5, -83, 89, 89, 52, 91, -86, 78, -24, -79, 80, -55, -68, 44, 59, 43, 22, 57, -77, 21, -80, -8, -61, -11, -11, -58, -30, -1, 42, -12, -35, 26, -7, 100, 45, 50, 5, 62, 32, 40, -69, -38, 51, -58, -20, 64, 17, 27, -59, -56, 27, -66, 74, 11, -87, 80, 58, 33, -36, -5, 3, -40, -72, -1, -23, -63, 44, 14, -31, -96, -89, -28, -58, -35, 1, 44, -86, -94, -28, 37, 34, -79, -11, -53, 34, -64, 54, -26, -11, 9, -4, 96, 82, 50, -46, 85, 10, 96, 74, 39, 58, -19, 66, 72, -79, 27, 95, -68, 56, -7, -67, -68, 87, -38, -17, -74, 46, 59, 25, -68, 100, 96, -45, -80, 48, -69, -11, -10, -81, 13, -6, -54, 62, 36, 32, 26, -35, -45, 36, -31, 88, 60, -88, -5, -54, 68, -3, -18, -74, -21, 9, 67, 93, 86, 4, -76, 43, -60, 0, -76, 95, -44, 6, -83, 31, 96, 3, -69, -50, -70, 89, -28, 99, 80, -46, 53, -79, 73, -9, -93, 99, 63, 43, -100, 46, -82, 51, -4, 53, -71, 21, 79, 27, 38, 21, 34, -39, -2, -32, 86, 66, 62, 95, 100, 90, -18, -93, 47, 94, -14, -91, -84, 84, -74, -20, -37, -71, -26, -21, -83, -71, -93, 79, 50, -29, 52, 90, -10, 20, 83, 81, -24, -44, 70, 24, 98, 84, 81, 79, 95, 73, 27, 57, -66, -35, 64, -95, -22, 66, -63, -36, -68, 30, 41, 83, 56, 6, -2, -86, -30, 72, -47, -89, 31, 41, -20, 17, 89, -7, 35, 75, -48, 19, -15, -45, 53, -87, 57, -31, -97, 51, -53, 88, 29, 15, -32, -77, -82, 47, 6, 10, -65, 3, -49, 37, 11, -54, -66, 59, 69, -65, 18, 10, -43, -38, -42, -79, 0, -81, 19, -14, 27, 40, 5, 66, 65, -93, -87, -56, -42, 39, 90, -23, -90, 85, -9, 38, -57, -44, -89, 45, 15, -67, 51, -14, 65, 77, -81, 11, -82, -89, 89, 94, -35, 39, 26, -78, 60, -91, -77, -60, 17, -93, -14, 72, -81, 9, 8, 15, -9, 45, -36, 82, -76, 81, -45, 41, 93, 74, 20, 87, -49, 74, 41, 43, -42, -33, 29, -19, -36, 6, 41, 27, -49, -7, 21, -68, 12, 99, 27, 32, 1, 9, 92, -43, 63, -46, -97, 64, 80, 95, -31, -87, -97, 43, 53, -56, 91, -49, -23, 73, -19, -5, -36, -76, 99, -45, -52, 99, -3, 9, 99, 60, 17, 48, 88, 42, 37, 50, 95, -39, -12, 95, 20, 13, 42, -76, 19, 99, 64, 33, -41, 10, 78, -97, 54, -80, 75, 7, 0, -100, 18, -40, 54, -9, 81, -2, -43, -67, -59, 8, 45, -92, 88, 23, 38, 33, -32, -90, -66, -78, -68, 10, -21, -27, 100, 24, -55, 57, -24, 12, -73, 15, 33, 71, 81, 88, 63, 52, -35, -13, -45, 56, 28, 63, -81, -25, -31, 23, 17, 29, -17, 87, -15, -12, 39, -60, -96, -22, 16, 37, 100, -73, 53, -38, -66, 32, -77, 78, 96, 37, -96, 82, -51, -9, -63, 61, -78, 45, 4, 2, 25, 2, -75, -67, -50, -88, -75, -60, 6, 45, -19, 59, 13, -64, -68, 74, 7, 46, -79, 14, 3, -71, 79, -2, -9, -18, 33, 72, -26, -94, -12, 12, 11, 97, -87, -96, -31, 89, 28, 82, 39, -28, -18, -50, -53, 76, -50, -71, -34, 63, 97, 7, 22, -3, 97, 41, 44, 50, 59, 13, -32, 74, -26, -36, -11, 100, -43, -48, -70, -60, -92, 56, 29, -52, -89, 74, -2, -88, -44, -16, -30, 15, -86, 38, -31, -35, 5, -84, -46, 46, 39, -46, -68, -49, 65, -15, 15, -18, 79, -16, -86, 57, -23, -59, 17, 36, -93, 63, 20, -37, 37, -39, 21, -11, -88, 92, 34, -76, 83, 91, 74, 78, 64, -32, 57, -30, -56, 39, 41, 30, 81, -37, 45, 40, -71, 30, -24, -50, -4, 41, 41, -39, -9, -72, -95, -22, -62, 27, 60, -38, 60, 58, 1, -61, 79, 12, 14, -49, 93, 46, 62, 52, -3, 17, 68, -17, -21, -56, 3, 66, 98, 25, 24, -45, 93, 88, 79, -94, 14, -14, -13, 10, -17, 35, -44, -11, -37, -43, 44, -82, 85, 91, -76, 32, 58, 23, 96, -21, 66, 55, 3, -38, 62, 45, 24, -38, -69, -22, 29, 58, 5, -46, -89, -5, 7, -81, 12, 87, 80, -100, 43, -98, -44, 54, 27, 24, -57, -53, -23, 6, 24, -47, -53, 60, 73, 62, 13, -80, 80, -27, 30, 31, -4, 14, 68, -86, -96, -95, 74, -93, 0, -85, 58, -79, -38, -22, -56, -8, 66, 52, 11, -56, -68, 63, 73, 9, -68, 10, -27, -80, -49, -89, 79, -53, -72, -89, 56, 23, -13, -44, 37, -29, 80, -87, 5, -66, -10, -53, -11, -4, 17, -41, -14, -33, 92, 94, -68, 33, 23, -1, -27, 77, 26, 98, -2, 60, -55, -60, -78, -96, -24, -6, 95, -19, 91, -19, 14, -49, -19, 20, -34, 85, -73, 25, 57, 99, -28, -1, -51, -75, -86, -74, -39, 75, 3, -2, -64, -27, 71, 91, -95, 53, -44, -25, -4, 16, 89, 51, 58, 25, -96, 23, 96, -61, 15, 31, 34, -36, -63, -72, -80, 50, 70, 54, -38, -24, 10, 100, -36, 31, -1, 8, 76, 6, 84, 93, 14, 21, -13, 69, 2, 78, 24, 51, -84, 76, -41, -26, 65, -71, 16, -20, 25, 92, 36, -24, -30, -87, -88, 75, 93, 100, 68, 57, -73, -30, 86, 21, 99, -33, 90, -51, -90, 31, 3, -97, 84, -79, -8, -13, -59, -24, 27, 38, 9, 50, 99, 9, 82, 87, 12, -72, 44, -49, 92, -98, 74, 34, 50, -27, 28, 96, 69, 88, 25, -42, -97, -50, -1, -23, -43, 32, -79, 37, 23, 28, 41, 92, -6, 99, 19, -11, -50, 32, -18, -26, -97, 8, 80, -49, 95, -48, 69, -14, -2, 96, 67, 82, -55, -41, -28, 77, 40, -35, 44, -43, 24, -60, -2, -67, 36, 59, -67, 52, -85, -69, -43, 84, -86, 26, 53, 84, 85, -60, 35, 88, 62, 64, -96, 52]
Subarray found: [54, -26, -11, 9, -4, 96, 82, 50, -46, 85, 10, 96, 74, 39, 58, -19, 66, 72, -79, 27, 95, -68, 56, -7, -67, -68, 87, -38, -17, -74, 46, 59, 25, -68, 100, 96, -45, -80, 48, -69, -11, -10, -81, 13, -6, -54, 62, 36, 32, 26, -35, -45, 36, -31, 88, 60, -88, -5, -54, 68, -3, -18, -74, -21, 9, 67, 93, 86, 4, -76, 43, -60, 0, -76, 95, -44, 6, -83, 31, 96, 3, -69, -50, -70, 89, -28, 99, 80, -46, 53, -79, 73, -9, -93, 99, 63, 43, -100, 46, -82, 51, -4, 53, -71, 21, 79, 27, 38, 21, 34, -39, -2, -32, 86, 66, 62, 95, 100, 90, -18, -93, 47, 94, -14, -91, -84, 84, -74, -20, -37, -71, -26, -21, -83, -71, -93, 79, 50, -29, 52, 90, -10, 20, 83, 81, -24, -44, 70, 24, 98, 84, 81, 79, 95, 73, 27, 57, -66, -35, 64, -95, -22, 66, -63, -36, -68, 30, 41, 83, 56, 6, -2, -86, -30, 72, -47, -89, 31, 41, -20, 17, 89, -7, 35, 75, -48, 19, -15, -45, 53, -87, 57, -31, -97, 51, -53, 88, 29, 15, -32, -77, -82, 47, 6, 10, -65, 3, -49, 37, 11, -54, -66, 59, 69, -65, 18, 10, -43, -38, -42, -79, 0, -81, 19, -14, 27, 40, 5, 66, 65, -93, -87, -56, -42, 39, 90, -23, -90, 85, -9, 38, -57, -44, -89, 45, 15, -67, 51, -14, 65, 77, -81, 11, -82, -89, 89, 94, -35, 39, 26, -78, 60, -91, -77, -60, 17, -93, -14, 72, -81, 9, 8, 15, -9, 45, -36, 82, -76, 81, -45, 41, 93, 74, 20, 87, -49, 74, 41, 43, -42, -33, 29, -19, -36, 6, 41, 27, -49, -7, 21, -68, 12, 99, 27, 32, 1, 9, 92, -43, 63, -46, -97, 64, 80, 95, -31, -87, -97, 43, 53, -56, 91, -49, -23, 73, -19, -5, -36, -76, 99, -45, -52, 99, -3, 9, 99, 60, 17, 48, 88, 42, 37, 50, 95, -39, -12, 95, 20, 13, 42, -76, 19, 99, 64, 33, -41, 10, 78, -97, 54, -80, 75, 7, 0, -100, 18, -40, 54, -9, 81, -2, -43, -67, -59, 8, 45, -92, 88, 23, 38, 33, -32, -90, -66, -78, -68, 10, -21, -27, 100, 24, -55, 57, -24, 12, -73, 15, 33, 71, 81, 88, 63, 52, -35, -13, -45, 56, 28, 63, -81, -25, -31, 23, 17, 29, -17, 87, -15, -12, 39, -60, -96, -22, 16, 37, 100, -73, 53, -38, -66, 32, -77, 78, 96, 37, -96, 82, -51, -9, -63, 61, -78, 45, 4, 2, 25, 2, -75, -67, -50, -88, -75, -60, 6, 45, -19, 59, 13, -64, -68, 74, 7, 46, -79, 14, 3, -71, 79, -2, -9, -18, 33, 72, -26, -94, -12, 12, 11, 97, -87, -96, -31, 89, 28, 82, 39, -28, -18, -50, -53, 76, -50, -71, -34, 63, 97, 7, 22, -3, 97, 41, 44, 50, 59, 13, -32, 74, -26, -36, -11, 100, -43, -48, -70, -60, -92, 56, 29, -52, -89, 74, -2, -88, -44, -16, -30, 15, -86, 38, -31, -35, 5, -84, -46, 46, 39, -46, -68, -49, 65, -15, 15, -18, 79, -16, -86, 57, -23, -59, 17, 36, -93, 63, 20, -37, 37, -39, 21, -11, -88, 92, 34, -76, 83, 91, 74, 78, 64, -32, 57, -30, -56, 39, 41, 30, 81, -37, 45, 40, -71, 30, -24, -50, -4, 41, 41, -39, -9, -72, -95, -22, -62, 27, 60, -38, 60, 58, 1, -61, 79, 12, 14, -49, 93, 46, 62, 52, -3, 17, 68, -17, -21, -56, 3, 66, 98, 25, 24, -45, 93, 88, 79, -94, 14, -14, -13, 10, -17, 35, -44, -11, -37, -43, 44, -82, 85, 91, -76, 32, 58, 23, 96, -21, 66, 55, 3, -38, 62, 45, 24, -38, -69, -22, 29, 58, 5, -46, -89, -5, 7, -81, 12, 87, 80, -100, 43, -98, -44, 54, 27, 24, -57, -53, -23, 6, 24, -47, -53, 60, 73, 62, 13, -80, 80, -27, 30, 31, -4, 14, 68, -86, -96, -95, 74, -93, 0, -85, 58, -79, -38, -22, -56, -8, 66, 52, 11, -56, -68, 63, 73, 9, -68, 10, -27, -80, -49, -89, 79, -53, -72, -89, 56, 23, -13, -44, 37, -29, 80, -87, 5, -66, -10, -53, -11, -4, 17, -41, -14, -33, 92, 94, -68, 33, 23, -1, -27, 77, 26, 98, -2, 60, -55, -60, -78, -96, -24, -6, 95, -19, 91, -19, 14, -49, -19, 20, -34, 85, -73, 25, 57, 99, -28, -1, -51, -75, -86, -74, -39, 75, 3, -2, -64, -27, 71, 91, -95, 53, -44, -25, -4, 16, 89, 51, 58, 25, -96, 23, 96, -61, 15, 31, 34, -36, -63, -72, -80, 50, 70, 54, -38, -24, 10, 100, -36, 31, -1, 8, 76, 6, 84, 93, 14, 21, -13, 69, 2, 78, 24, 51, -84, 76, -41, -26, 65, -71, 16, -20, 25, 92, 36, -24, -30, -87, -88, 75, 93, 100, 68, 57, -73, -30, 86, 21, 99, -33, 90, -51, -90, 31, 3, -97, 84, -79, -8, -13, -59, -24, 27, 38, 9, 50, 99, 9, 82, 87, 12, -72, 44, -49, 92, -98, 74, 34, 50, -27, 28, 96, 69, 88, 25, -42, -97, -50, -1, -23, -43, 32, -79, 37, 23, 28, 41, 92, -6, 99, 19, -11, -50, 32, -18, -26, -97, 8, 80, -49, 95, -48, 69, -14, -2, 96, 67, 82, -55, -41, -28, 77, 40, -35, 44, -43, 24, -60, -2, -67, 36, 59, -67, 52, -85, -69, -43, 84, -86, 26, 53, 84, 85, -60, 35, 88, 62, 64] with a sum of 4110
Random dataset with 5000 elements: [-41, -7, 100, 1, 16, -72, 28, 2, -89, 29, -13, 1, 33, -35, 51, -84, -84, 25, 92, 68, 3, 49, -94, 59, 68, -49, 77, 74, -24, -11, 95, 5, 60, -45, 31, 93, 82, 78, -83, 74, 65, -91, -37, -35, 100, -51, 66, -44, 98, -61, -96, 92, 53, 64, 5, -95, -75, -11, 53, -54, -16, 62, 27, 26, 1, -95, -25, -37, -14, -51, 0, 71, -69, -25, -81, 35, -32, -8, -77, 31, 93, 9, 16, 80, 36, -36, -30, 88, 99, -40, -15, -66, 64, -58, 21, 7, -61, -30, -100, -30, -32, 80, 28, -51, -40, 17, -1, 81, -88, 70, -28, 60, -77, 72, -87, -35, 96, 98, 76, -81, -50, -42, 91, 31, -68, -57, -17, -42, -21, -47, 3, 64, -39, 3, -38, -68, -1, 55, -30, 3, 98, 27, 32, -74, 92, -21, 35, 51, -7, -7, -53, -65, -79, 62, -78, 19, -58, 9, -3, 58, -90, -32, 26, 30, -14, 65, -33, -79, 13, 38, 58, 39, -38, 73, -18, -27, 90, 100, 15, 73, -1, 40, -16, 8, 81, -20, 96, -52, -77, -7, -64, -37, -24, 60, 44, -19, -95, 37, 36, -95, 83, 80, -65, 6, -13, 76, -55, -54, -55, -6, -68, -14, -36, -53, -48, -34, -46, 75, 21, -4, 49, 7, 78, 98, 55, -12, 87, 56, -64, 42, -26, 39, 0, 20, -20, -69, 77, 87, 50, -62, 96, 66, 37, 37, -13, -61, 26, 8, -20, 21, -84, -22, -19, 67, 92, 56, -57, -66, -42, 78, 94, -64, -82, -5, -15, -36, -28, 19, -90, -9, 64, -6, 5, -66, -44, -97, 80, -76, 95, 48, 10, 89, 89, 63, -88, -70, 75, 13, 60, -12, -9, -56, 45, 92, 10, 58, 50, -56, -11, 45, 35, -8, -91, 2, -22, 94, 61, -94, 65, -83, 26, -85, 80, 33, -19, -95, -49, -68, -20, 71, -23, 62, -15, -25, 54, -30, -84, -99, 30, 99, 47, -18, 69, 40, -26, -55, -58, 66, 11, -66, -22, -60, 75, 97, -26, 97, -76, 41, -92, 16, 32, -47, -10, -4, -63, -80, -70, -56, -7, 80, -27, -79, 6, 67, 18, 86, -48, 22, -2, 86, -41, 8, -78, 63, 73, -18, 29, -94, -83, 13, 76, 69, -87, -98, -56, 83, 61, 24, 17, 5, 42, 4, -25, -100, -12, 78, 2, 53, -20, 67, -77, -5, -71, 44, 8, 69, 89, -99, 93, 44, 91, -5, -67, 76, -72, -12, -10, -33, 47, 47, -76, -28, 32, 19, -70, 27, 71, -33, -23, -94, 8, 81, -79, 55, 29, -11, -72, 75, -64, 57, -8, -20, 25, -99, 25, -66, -77, 45, -9, -76, 87, 71, -52, -67, -76, -91, 88, -69, 19, 56, 33, 31, 46, -89, -15, -72, 4, -35, -10, 0, -10, -43, -87, 76, 65, 37, -56, -17, -3, -69, -100, -66, -33, -5, 21, -51, -81, 67, -91, -24, 1, -84, -26, -76, 3, -72, -60, -12, -67, -64, 49, 89, 52, -52, -50, -90, 80, 33, 78, 28, 40, 87, 8, 14, 92, -53, -19, -50, -2, -19, 31, -99, 2, 89, -97, -45, -5, 63, 6, 83, 39, 33, 49, 90, -85, 94, 93, 81, 20, -98, 20, 67, 60, 10, 67, -80, 44, -65, -86, -7, -87, -82, 70, 18, -88, -74, -52, 64, 69, -94, 81, -54, -64, 50, -21, -37, -36, -93, 77, 59, -76, 98, 92, -16, 92, -72, 41, -62, -96, -17, -70, -60, -54, 74, -87, 89, 68, -24, 91, 86, 13, -82, 41, -26, 91, 15, 12, -25, -69, -15, -96, -4, 73, -3, -3, 38, -24, -47, -81, 3, 39, -6, -10, 0, -11, -96, 27, -17, 2, 24, 80, 25, -43, -80, 59, -26, -36, -16, 42, 50, 68, -34, -20, 10, -100, -90, 74, 33, 39, -85, -64, 100, -74, 37, -96, 80, -54, -85, 15, 17, -91, 5, 30, 88, 50, 63, 86, -12, -35, -81, -16, 63, 2, 39, 86, -31, 43, 72, -30, 100, -80, 77, -65, 69, -26, 98, -56, 33, -34, -90, 81, 47, -88, -83, -25, -73, -65, 83, 3, -56, -32, -74, 91, -22, -98, 46, -73, 30, -90, -61, 34, 63, -56, -74, 82, 55, 45, -70, -9, -98, 68, 76, 33, 97, -90, -4, 84, -50, -63, -29, 0, 17, -94, 96, -13, 48, -12, -5, 10, 91, -30, 43, -44, -3, -25, 51, 36, 78, 85, -26, 72, 96, 30, 34, -38, -96, 60, 3, 29, -15, 90, 53, 19, -4, 9, -75, -8, 0, -49, -8, -76, -92, 4, 5, -74, -97, 29, 93, -95, 50, -77, 72, -96, 11, -75, -98, -72, 27, -70, 37, -36, 32, -89, -18, -74, 10, 3, -5, -76, 99, 86, -86, -71, -24, 92, 19, 28, -13, -21, 42, 30, 29, -26, -13, -73, 75, 30, -6, -89, -93, -78, -25, -32, 0, 83, -68, 95, 91, 83, 4, 89, 82, 25, 12, -23, -74, -85, -1, 55, 83, -41, -3, -92, 59, -19, -74, 24, -38, -61, -40, -81, 77, 89, 38, -21, 31, 67, 74, 66, -74, -65, 0, 1, 72, 64, 27, 99, 44, 96, 51, -10, 33, -53, -40, 19, -86, 51, 44, 65, -40, -46, 60, -28, -47, 55, 63, -40, 35, 31, -49, 9, 93, -34, 16, -58, 19, -71, -31, -89, 54, -48, -37, 76, 49, -67, -22, -37, -100, 87, -71, 0, -77, 32, 54, -100, 99, 94, -48, -8, 35, 51, 1, -86, 43, -78, 84, 18, 34, 26, 49, 31, 93, -28, 50, -36, -23, 19, 74, 82, -95, 24, 79, -61, 12, 18, -63, -46, 60, 36, 81, 2, -32, 52, -48, -45, 90, -61, 80, 14, -69, 69, 40, 4, -59, -84, 24, 93, 4, 75, 96, 34, 30, -13, -4, -4, -27, -28, -45, 90, -15, 94, -87, 44, -57, 48, 28, -10, 94, -9, 65, -91, -51, 11, 82, -80, 88, 32, 27, 32, 39, -80, 54, -60, 48, -77, -31, -18, 59, 14, 82, -53, -4, -46, -12, -93, 71, 34, -5, -68, 59, -36, 95, -10, 73, 34, -53, -26, 96, 75, 73, -92, -56, 63, -9, 75, -95, 64, -21, -70, -27, -17, 92, -11, -37, 19, 29, 78, 66, 57, -70, -100, -44, -97, -8, -98, -22, 53, 38, -8, -10, 61, 45, -62, -81, -51, 80, -36, -33, -68, 30, 72, -14, -21, -92, 22, 63, 23, 55, 47, 75, -78, -60, -26, -45, -14, 81, -30, 65, 87, -33, -54, 28, 9, -59, 55, 61, -98, 8, 45, -81, -51, -56, 92, 96, -59, 33, -78, 43, -13, 58, -71, -31, 21, 91, -35, -33, 35, 11, 63, 46, -6, 75, 63, -77, 71, 95, -3, 75, 16, 36, 19, 50, -56, 14, 32, 18, -45, -36, -10, 33, -15, 97, -32, -75, 61, -53, 19, -33, 20, -92, 4, -63, 82, -79, 86, -12, 25, -31, -76, 80, -47, -63, 66, 31, 91, 88, -88, -63, 44, 2, 76, -36, 67, 98, -18, 28, -35, -16, -89, 75, -85, -60, 22, -88, -31, 29, 6, 2, -55, 11, 98, -60, -39, 78, -46, 42, -63, 11, 32, 39, -51, 51, 57, -22, 36, -56, -73, -26, -28, 82, -74, -2, 77, 32, -99, 43, 25, -43, 48, -46, -34, -73, 52, -59, -28, -68, -37, -5, -54, -70, 54, 30, 71, 35, -20, 100, 57, 98, 21, 65, -18, 83, -78, -62, -92, -65, -13, -85, 85, 86, 55, -33, 97, -18, 75, 31, -2, 26, -94, -30, 7, -15, -12, -27, 100, -13, 13, -5, 61, -34, -12, -93, -28, -88, -68, 37, -40, -10, -39, 48, 86, 91, -22, 92, 80, -25, 54, 35, 50, 12, -7, -11, -95, 33, 49, -53, -98, -27, -42, -100, 8, -3, 9, -67, 81, 87, -36, -15, 39, -67, -27, -39, 65, 98, -15, -3, 70, -47, -45, -23, 52, -19, -39, -31, -72, -59, 76, 35, 69, 84, 43, 63, 70, 38, 68, -28, 6, 59, -59, 100, 51, 54, 30, -35, 62, -92, -79, -44, 45, 28, -72, -30, 65, 63, 75, -9, 50, 94, 56, -73, -59, 74, -28, -97, -70, 81, -59, 78, 29, 56, -19, 65, 55, 68, 52, -14, -40, -6, 70, -89, -3, 52, 84, -60, -56, -15, 90, -48, -32, -44, -84, 74, 96, 1, 70, 43, 59, 5, -94, -7, 95, -95, -80, -96, 37, 84, -82, -54, -76, 3, -49, -13, -41, 35, 30, -6, 2, -49, 96, -3, -8, 76, 97, 56, -67, -13, 5, 18, -58, 8, 57, -62, 99, -17, 97, 4, 93, -2, -65, 30, 47, -97, 86, -13, 64, -26, 58, -95, -61, -37, -23, 97, -88, 5, 39, -20, 91, 53, 0, 17, -46, 30, 74, 96, -100, -56, -85, 6, 53, -89, -6, -25, -72, 0, -6, -17, 37, 91, -60, 58, 6, 79, 30, 52, -61, 38, 19, -67, -40, 89, -56, -33, -38, 59, 91, 68, -27, 45, 93, -95, -88, -7, 45, 67, -80, 34, 65, -65, 14, -31, -58, -13, -33, 28, 50, -17, 29, -21, -41, 49, 0, 15, -6, -82, 10, -73, 80, 77, -95, -21, -26, 24, 34, -80, 16, -89, 45, -56, -33, -62, 50, 89, 13, -52, -36, -80, -51, -66, -21, -24, -5, -35, 3, 0, 12, 42, -65, -5, -85, 19, 91, -66, 61, 40, 79, -11, 26, -86, 12, 61, 5, 8, -26, -31, 77, 14, 51, -25, 45, -31, 52, -38, -74, -34, -54, 99, -34, -37, -29, 33, -5, 82, -83, 100, -78, 44, -50, 31, 46, 55, 69, -9, -11, 88, -83, 8, 97, 47, -24, 59, 80, 88, 67, -73, -15, 35, 79, 52, -14, 46, 18, 95, -68, -56, -93, -56, -36, 22, -17, 31, -54, -55, 12, -66, -41, 92, -72, 26, 70, 47, 50, -54, 35, -61, 34, 94, 38, 83, 27, -66, 12, -84, 0, -58, -100, -9, -100, -50, -72, -35, 44, 16, -51, 46, 9, -84, -29, -21, 71, 40, 59, 3, 33, 16, -100, 54, -64, -74, -51, 80, -59, -1, 82, -72, -21, -41, -99, -3, 8, 1, 9, 13, 2, -29, -29, -42, 93, -93, 22, -96, 91, 23, 46, -52, -50, 64, 93, 68, 39, -4, 80, -97, -68, 25, 6, 10, -73, -54, 47, -56, -37, -63, -6, -82, 53, 50, -82, -2, 44, 65, -77, 94, 87, -10, -21, -59, 44, -80, -21, 21, 47, 33, 63, -47, 8, 89, 70, -26, 65, -42, -80, 82, -61, -95, 59, -29, -28, 98, -31, -88, 81, 62, 51, -80, 0, 33, 48, 46, 78, 81, -6, 6, -70, -94, -99, 96, 68, -72, -16, 56, -37, -19, -30, 67, 87, -56, 50, -56, 0, 72, -77, 62, 26, -7, 56, -41, -78, 47, 52, 45, -82, -35, 0, -95, -6, -57, 8, 84, -18, -69, 79, 0, -8, 71, -8, 61, 60, -38, 74, 53, -99, -87, 93, -2, -11, 63, 73, 30, 35, -42, 15, -92, -88, 16, -71, 17, 20, -68, -31, -33, 26, -92, 92, -31, -71, 65, 45, -37, 24, 91, 81, 76, 4, -87, -30, 9, 69, 90, 25, -20, -37, 65, 73, 50, -52, -89, 21, -85, 3, 24, 65, 93, -61, -97, -5, -46, 69, 77, -15, 28, -72, 77, 7, -37, 95, 72, 91, -96, -53, 46, 69, 54, 27, -37, 33, 71, -44, 60, 36, 58, -85, 54, 71, -95, -66, 38, 24, -54, 70, -86, 55, -93, 50, -32, -79, -55, -45, 91, 90, 5, -16, 15, -48, 18, -96, 0, -20, -52, -86, 50, 99, -16, -63, 95, 13, -6, 86, 40, -87, 1, -58, -58, 22, 78, -87, -25, 77, -23, 69, -51, -20, 18, -63, -10, 59, 21, -37, -76, -19, -10, -77, -65, 3, -4, -40, -9, 71, -61, 67, 8, -72, -21, 67, 5, 100, 43, 77, 28, 72, -24, -33, -56, 62, -92, -45, 23, 76, 99, 28, -33, 60, -4, 47, 84, 90, 83, -35, -71, -7, -8, -84, -87, -32, -28, 23, -79, -34, -15, 62, -24, -53, -18, -17, 30, -28, -85, 78, 70, 91, 57, -45, 73, 72, 70, -86, -45, 41, -37, 18, -92, -16, 55, -75, 56, 29, 40, 86, 31, 100, -3, 2, -11, -80, 10, -79, -41, -31, 39, 16, -49, -34, -46, 76, 93, 63, -89, 2, 76, -78, -31, 73, -25, -11, 46, -65, -37, 69, 95, -7, -41, -50, -38, 27, -27, -21, 76, -59, 45, -79, 4, -22, -61, -51, 17, 78, -74, 93, -14, 45, -4, -63, -77, -92, 12, -14, 17, 87, -7, -10, 11, -89, 75, 39, -46, 87, 32, 32, -91, 14, 60, 29, 0, -95, -32, -65, -83, 20, 6, 13, 91, -38, -49, -99, 93, 53, 6, -84, 14, 64, 40, -76, -54, -77, -11, 99, 91, 60, 89, -17, -72, 62, 56, -6, -13, -80, -81, -52, -63, -35, 20, -88, 49, -40, -73, -80, 3, -19, -36, -30, -68, 79, 21, -32, 24, -45, 79, -21, 2, -22, -51, -26, -57, -58, -79, 22, 12, 90, -60, -3, -19, -51, -16, -47, -96, -78, 28, -17, -95, -8, 87, 5, 47, -46, 44, -68, 75, 68, -5, 23, -44, -25, 29, 98, 92, -71, -55, 30, -61, 14, 50, 54, 60, -59, 80, 54, 60, -38, 89, 82, -81, 53, -61, -48, 77, -43, -26, -11, 84, 73, 62, 22, 84, 16, 88, -22, 65, 33, -40, 64, 76, -10, -83, -23, 64, -70, 61, 4, 71, -35, 22, 43, 28, -6, 62, -19, -6, -89, 42, 78, -75, -55, 76, -85, 51, -62, -13, 57, -96, 1, -64, 81, 36, 99, -94, 84, 52, 100, 88, 45, -14, -93, 42, 88, -56, -2, 42, -20, 15, 70, -98, 57, 37, -100, -51, -88, -42, 96, 22, 73, 1, -23, 43, -22, 21, -91, 31, -82, -69, -66, 4, 83, -39, 99, -13, 95, 99, -31, 35, 40, -50, -89, -46, 14, 31, 60, 56, 45, 9, 95, 83, 32, -95, -67, 26, -1, 41, -63, -80, 72, 76, -100, 68, -20, 69, -41, -80, 55, 16, -41, 3, -53, -10, -27, -17, 42, -95, 29, -48, 11, -47, 94, 14, 55, 26, 47, 81, 100, 99, 79, -85, -18, 80, -2, -29, 73, 66, -78, -5, 21, 37, 39, 21, 85, 71, 34, -51, -91, 22, -16, 53, 7, -25, -75, -64, -27, 12, -88, -53, 72, -5, -44, -48, 41, -63, -44, -83, 30, -54, -83, 44, 84, -2, 45, -80, -40, -84, -91, -58, 74, 61, 94, 32, 92, 42, -100, -89, -50, 15, 53, 55, -1, -45, 8, 53, 71, -8, 100, -68, -32, 14, 38, 36, -40, -51, -3, -17, -27, 70, -68, 50, -18, -33, -52, 88, -59, 39, -90, -62, 11, -87, 45, -50, -30, 91, 56, -85, -5, 97, -53, 37, -64, -42, 39, -2, 38, -42, 16, 72, 70, 73, 68, -35, -91, 98, -18, 45, -41, -100, -24, -7, 23, 77, -88, -10, -50, -2, -44, -76, -55, 69, 61, -65, 3, -74, 42, 18, 65, -29, -66, 71, -20, -54, -48, -20, -22, 18, 33, -82, 70, -97, 97, -91, 3, -20, -53, 54, 88, 82, -55, 39, 90, 61, 47, 33, -41, -56, 35, -2, 92, -34, -32, -42, 19, -53, -75, 100, 81, -86, -89, 70, -97, -79, -30, 74, -9, -49, 95, -63, 31, 25, 20, 14, -49, -56, 8, -27, 4, 2, 92, -18, 57, -13, -53, 30, 59, 80, 29, 26, 48, 16, -6, 8, -71, 16, 20, 20, 46, -88, 57, -85, -77, 58, -19, -76, 91, -1, -97, -18, -49, 1, -9, 40, -58, 70, -47, 41, -20, -30, 18, -70, -27, -85, 68, -2, -61, 22, -76, 47, -84, -69, -40, -30, -15, 81, -45, 32, -56, 78, 16, 73, -63, -52, -39, 75, -55, -38, 67, 65, -10, -57, 97, -11, -32, -60, 27, -58, -42, 70, -99, -48, 58, 86, 97, 30, 92, 85, -49, -100, -97, -38, 55, -31, -29, 24, 74, -89, -30, -29, 1, 25, -83, 44, 83, -73, 3, 46, -84, 37, -32, 15, -79, -100, 67, -34, -37, -5, 77, -56, 7, 83, -88, 36, -5, -92, -25, 50, -87, -38, 85, -25, -60, 92, 18, 6, 13, 71, 28, 11, 99, -83, 65, 5, -27, 77, -54, -96, -55, -3, 70, -70, -14, 32, -28, 13, 13, 45, 36, 50, 36, 6, -15, 77, -41, -39, 86, 52, -16, -16, 14, 0, -29, -91, 22, 54, 51, 44, -62, -25, -35, 56, 7, 16, -32, 26, 48, -5, -33, -75, -15, -15, 55, -74, -39, -86, -74, -16, 13, -80, -45, -30, -36, -15, -66, -11, 55, -76, 5, 88, -39, -38, -56, 51, 60, -93, 81, -32, 76, -54, -72, 76, -67, 3, -74, 85, 59, 22, -54, -98, 43, -27, -35, -19, 80, 62, -95, -99, 42, 83, 8, 55, 94, 56, -28, 19, 44, 98, 53, -30, -59, 79, -15, -32, 62, -13, -33, -67, 37, -43, 87, -5, 56, -91, -14, 72, -52, -32, 23, -55, 85, 47, -26, 15, 5, 51, -65, -1, -99, -71, -8, 7, 89, 37, 70, 69, -39, -77, -68, 96, 71, 40, -58, 69, 19, 93, -34, -83, 47, -12, 87, 97, 38, -30, -83, 99, 22, -73, -96, -70, -12, 18, 56, 93, 63, -33, -97, -1, 30, -27, -55, -20, -46, -85, -32, -54, -92, -73, -89, 15, 58, -48, -75, 8, 78, 82, 66, -3, 68, -46, -81, -81, 80, -25, -88, -6, -82, 90, 36, -17, 68, -42, -37, -79, 46, -10, 24, 61, -68, -51, 20, 40, 59, -65, -86, 35, -9, -68, 54, 70, 58, -11, -43, -23, -44, -45, -12, 27, 26, -91, 56, -57, 69, -47, -27, 84, 89, -53, -61, 29, 75, -60, 92, -20, -69, 45, -4, -49, -22, -61, -51, -72, -31, 93, -76, 97, 50, 71, -95, -94, 3, 45, -29, -21, 34, 55, -6, -68, 54, 86, 23, 4, 34, -1, 13, -94, 41, 56, -40, 94, -18, -74, 75, 18, -10, 72, 84, 86, 98, 43, 40, -24, 70, -2, 86, 94, -57, -15, 18, 84, 74, 85, 71, -70, 49, -81, 12, -7, 53, 70, 67, -93, 42, 93, -25, 47, -65, -40, -72, -99, 74, 46, -31, -70, -28, -12, -49, 37, 8, 77, 23, -97, -33, 27, -72, 66, 61, -92, 43, -73, -84, -83, -60, 97, 100, -86, -76, -25, -45, -95, -11, -100, 54, 97, -62, 17, -36, 42, -78, -26, 39, -42, -71, -94, -55, -45, -45, -57, 15, -86, 62, 70, -55, -38, -16, -75, 42, -10, 55, -25, 43, -19, -100, 73, 11, 76, -70, 90, 82, -33, -9, 10, 65, 2, -72, 82, -97, -72, 52, 55, 98, 54, -23, 49, -26, 85, -55, -11, -25, -67, -53, 34, -87, -42, 89, 78, -52, 10, -68, -72, 65, 57, 7, 12, -56, 18, -64, -32, -23, 11, -65, 8, -91, 30, -55, 34, -1, -46, 25, 25, 63, 63, 70, -28, 4, -54, 46, 62, 14, 94, -15, 91, -51, -17, 21, 11, 34, -6, -21, 50, -81, -41, 66, 47, -96, 26, -42, -4, -56, -72, 44, 75, 33, 28, 75, 24, -10, 56, -48, 46, -44, -39, 38, -65, 21, -42, -33, -65, -33, 54, 81, 18, 47, 97, -30, -51, -99, 51, 65, -7, 92, 39, -23, 44, -4, 12, -48, -83, -86, 21, -65, 41, 4, -35, 14, 18, 15, -66, 46, 16, 36, 42, -56, 48, 4, 76, -40, -89, -68, -72, -28, 4, -48, -23, -40, -98, -53, 62, -2, 75, -84, -23, 13, -5, -19, 23, -89, -49, 54, -26, -80, -72, -31, 42, -16, -88, 88, -43, 48, 1, -75, -30, -2, -41, -35, -82, 62, 77, -92, 76, -80, -35, 3, 69, -58, -32, 55, -58, 16, 28, 19, 74, 93, -73, 30, 1, 38, 96, -21, -28, -33, -30, -60, -78, -6, -8, 60, -41, -89, -33, -42, -15, 15, -82, -23, 21, 57, -63, 50, -9, -7, 66, -37, -79, -51, 36, 41, 37, 24, -24, 5, 78, 80, 94, 47, -6, -34, 21, 42, -76, -23, 44, -99, 25, -76, 98, -93, 55, -23, -5, 18, 15, 94, 81, 95, 94, 77, 67, -47, 94, 97, 90, -100, -81, 77, -90, 46, -85, -4, 87, 53, 69, 28, 8, 59, -57, -6, -8, -22, -81, -50, -19, -60, -83, 0, -24, 39, -15, -100, 3, -67, 92, -74, -11, 18, -88, -92, -20, 89, -30, 21, 5, 20, -48, 7, 83, -94, 4, 38, -19, -19, 81, 43, 96, -64, -37, 65, -13, 7, -86, 79, 18, -47, 30, -19, -38, 0, -51, -8, -80, 18, -4, 90, 68, 56, 17, 62, 36, -62, -45, -91, 14, -64, 94, 56, 29, -71, 33, -38, -45, 30, -97, -81, 90, 28, -78, -9, 52, -83, 4, 84, -40, -8, -89, -55, -21, 33, -28, -82, -38, 96, 55, 39, -49, 34, 32, -71, 99, -99, 44, 67, -25, 3, 38, -55, -92, 58, 44, 21, -48, -39, -60, -33, 57, -50, 86, -66, -25, -82, 57, 91, 56, 22, -8, 88, -86, 64, 97, -3, 88, -80, 80, 94, 38, -8, 27, 8, -82, -60, -42, -33, -61, -81, 93, 22, 62, -76, 58, 78, -7, 67, 49, -79, 44, -87, -69, 40, -40, -8, -96, 57, -34, 47, -63, 70, 0, 67, -9, -38, -23, -16, 44, 19, -98, 39, -99, 57, 5, 8, -60, 76, 65, -27, 90, -34, 2, 98, -29, 14, -17, -93, -29, 63, 65, -67, -13, -22, -89, 36, 69, 94, -81, 10, 54, 47, 7, 78, 81, -49, -24, 8, -24, -94, 81, 75, 25, -41, -29, 40, -80, -7, -1, 94, 8, -44, -82, -64, -46, -45, -45, -90, 99, 27, 31, 65, -58, -54, -73, -18, 62, 62, -49, 6, 6, 27, 3, -2, 66, 8, 41, 99, -38, 53, -5, 20, -15, 97, 8, -77, -98, -87, -51, -77, 95, -25, 64, 100, -10, -61, 64, 64, -99, -20, -75, 43, -66, 47, -7, -14, -42, -35, -47, -4, 92, -75, 39, -1, 27, 23, -94, -2, 1, 0, 33, -42, -71, 72, 85, -93, -9, 2, -71, 87, 40, 20, -3, 75, -78, -54, -17, -37, 14, 25, -50, 13, -18, 5, -100, -20, 70, 76, 82, 32, -22, 58, 76, -8, 73, -46, 79, -67, -25, 57, -61, 7, 25, -97, -29, 10, -40, -78, -11, 7, -24, 14, 5, -17, -61, -32, 62, 39, 92, -87, -65, 89, -22, 97, -74, -21, 85, 18, -98, 64, -77, 37, 42, 54, -73, 93, 19, 74, -70, 36, -14, 50, 73, 91, 80, -31, -23, 82, 8, 33, -8, -25, 1, -71, 13, 14, 77, -35, -96, 12, 58, 87, 19, -71, 96, -97, 62, 61, -7, -5, 26, 21, -57, -93, -97, 55, -76, -90, 76, 47, -25, 26, 9, -67, -32, 86, 65, 8, 60, 51, 60, -42, -91, -87, -94, 64, 94, 43, -68, 18, -53, 52, 53, -44, -95, 20, -38, 31, -23, 6, -20, 7, 30, 91, 99, 73, -83, 48, 9, 80, 80, 18, 94, 4, 52, 18, -49, 70, -18, 5, 44, 12, 76, 87, 85, 96, -42, 23, -51, -81, 52, -49, -40, -70, 22, -55, 35, 75, 25, 19, -36, -27, -48, -21, -70, -93, 50, -7, 22, 41, -85, -16, 59, -87, 48, 65, -55, -76, 13, 58, -51, -3, 97, 22, -29, -14, -40, -58, 42, 2, 16, 47, -68, 78, -88, -17, -64, -55, -73, 92, 22, -72, 22, -90, -31, -66, 59, 36, -29, -90, -100, -3, -80, 27, -66, -15, 65, 15, 73, -80, -94, -78, 47, -14, 36, -41, -89, 57, -60, -31, -40, -57, -62, 22, -93, -32, -75, -75, -80, 96, 36, 8, 45, 28, -82, 60, -18, 1, 71, 86, 70, 53, -23, 23, 24, 27, -73, -82, -50, -16, 53, -68, -82, 6, -43, -62, 55, 50, -39, -22, 13, 69, 38, -55, -26, -45, -49, -7, -67, -75, 90, -66, 59, 60, 63, 41, -49, 44, -10, 86, -62, -61, -94, -71, 23, 17, 13, 96, -42, 71, 35, 85, 100, 39, -7, -79, -62, -90, 59, 15, -45, 99, -29, 39, -16, 53, -71, -53, -37, -45, 94, -68, 55, 72, 42, -64, -46, 22, 91, -13, -37, -27, -83, 6, -58, 1, 62, -20, -73, -79, -30, 71, 6, 100, 94, 15, 39, 27, -36, 94, 82, 92, -48, 7, -2, 99, 13, 83, -62, 47, -29, -30, 24, 21, -50, 25, -60, -47, -1, 53, -22, 22, -58, -79, 25, -81, -99, 26, -81, -75, -50, 74, 38, -29, 8, -1, -29, 59, -56, -33, 85, 34, 41, 60, 96, 100, 55, -15, -97, 90, 97, -55, 55, -62, -75, 99, 90, -53, 6, 60, -32, 98, -33, 96, 47, -89, -51, -53, -5, -6, -8, -95, 14, -44, 12, 62, -60, 33, -67, -65, -6, -43, 69, -17, -7, -64, -45, -23, -83, -79, -72, 86, -85, -82, 54, 30, 69, -56, -42, -91, -34, 29, -20, -8, -19, -4, 50, -62, -26, 57, -43, -63, 29, 66, 66, 65, 64, -76, -6, 32, 97, 72, -96, 45, -43, -93, 52, 27, 57, -91, -88, -27, 28, 44, 20, -95, 32, -80, 76, -11, -12, -48, -29, -34, 41, 44, -49, -64, 86, 64, 70, 60, 20, -97, -81, -10, -100, 6, 18, -19, -87, -9, 15, 89, 94, -25, -64, -69, -55, 17, -18, 6, -20, 28, -29, -32, -74, -33, 34, 66, -78, 26, -52, -18, 27, -72, -86, -16, -61, -7, -56, 77, -78, -11, 21, 87, -98, -22, -61, -86, 34, -51, 23, -5, -82, -30, -45, -25, -52, -75, 4, 35, 54, 39, 31, 47, 26, -69, -49, -17, 96, 72, 57, -56, -73, -6, -98, -13, 63, 71, 83, 74, 39, 34, 47, 34, 89, 58, -53, 7, 100, 3, 76, 84, 30, 34, -56, -43, -73, 63, -79, 40, -9, 95, -99, 46, -66, 78, -31, -32, -49, -95, 60, 57, 7, -84, -1, 48, -14, -57, -41, -99, 21, 21, 72, -80, -28, -19, 50, -33, 26, -45, 29, 28, 79, -90, 61, -41, 32, -28, -8, -4, 91, 48, -77, 59, 45, 13, -2, 80, -88, -86, -89, -97, -14, -69, -79, 63, -65, -64, 14, -54, 31, 60, -83, 8, -22, -72, 89, 59, 85, 70, 43, -72, 94, 66, 79, 5, -12, 83, 9, -22, 66, 57, 47, -10, 64, -25, 23, -14, -36, 40, -36, -39, -18, 4, 66, 70, 53, 47, 96, 98, 10, -59, -24, 30, 25, 74, 9, -35, -1, -85, -43, 54, -82, 10, -88, 28, -12, -4, 42, 88, -15, -38, 88, -63, -64, -25, 8, -41, 3, -94, -32, 12, -17, -20, -25, 7, -38, 22, -95, 31, -23, -63, -12, -13, -21, 47, -57, -13, -89, -36, 96, 23, -70, 100, -75, 21, 15, 22, 5, 9, 80, -29, -54, 66, 40, 34, -44, 85, 53, 1, -53, 21, 78, -80, -73, 48, -69, 64, -76, -18, -49, -27, 93, -70, 81, 59, -54, -34, -17, -54, 19, 66, -73, -21, -9, -75, 45, -66, -51, 88, 31, 16, 6, -14, -52, -25, 81, 52, -27, 60, -21, -26, -69, 55, 18, 89, 63, -26, -76, -21, -69, -38, 76, -29, -23, 58, -60, 96, 50, -48, 78, -11, 46, -63, -23, -49, 88, -49, -23, -40, 13, 38, 24, -35, 24, -32, 91, 88, -96, 20, -7, 80, 2, -47, 47, -64, -21, -42, 41, 87, 60, -66, 14, 26, 3, -41, -88, -27, 58, -19, -67, 39, 94, -66, 82, -65, -23, 74, 26, 16, -61, 22, 0, 60, 48, 15, 5, -74, -79, 21, 82, -9, 85, -31, 97, 4, -33, -50, 40, -92, -32, -59, -64, 98, 22, -60, 69, 54, 95, 31, 17, -98, -2, -3, -30, -9, -81, 64, 0, 47, -52, 11, -51, -37, -6, -92, 16, -18, 69, 88, -100, 4, 33, -80, -89, -46, 51, 31, -52, -28, -82, 88, 37, 55, 75, 90, 7, 76, 32, -43, 36, -66, -93, -19, 94, 84, 62, -84, -71, -65, 5, 5, -12, -91, 8, -2, 70, 1, -32, -31, 37, 100, -83, -19, -92, -45, 82, -50, -56, 17, -68, 13, -26, -60, -37, 23, 89, -67, 86, -68, 23, -71, 37, 72, -15, -54, -37, 23, -72, -79, 50, -14, 38, -30, -28, -13, -73, -20, 97, -26, 61, 70, 66, 62, -80, -6, -82, 35, 54, 28, 76, -1, -84, 53, 68, -24, 71, -82, 11, -21, 29, 64, 71, -73, 87, -38, -32, -1, 76, 6, 36, 76, -60, -73, 7, 84, 57, 62, -32, 92, -71, -34, 50, -95, 68, -71, 61, 36, 61, -25, -89, -58, 83, -96, 100, -66, -8, -46, 51, 41, -11, 69, -12, 69, -90, -17, -50, 65, -7, 28, 58, 86, 53, 77, -100, -38, -9, 51, 75, 99, 70, -5, -27, 83, -36, -59, 43, -72, -38, 90, 63, -77, 51, 8, 52, -12, 77, 69, 79, 62, 71, -71, -57, 36, -38, -98, 78, -28, -8, 63, -31, 89, 90, -14, 36, 49, -40, -5, 78, -31, -97, 56, 10, 2, -42, 25, -34, 94, 3, 28, -82, -8, -53, -38, -75, -1, -21, 4, 33, -73, -13, -28, -73, -22, -81, -4, 92, -90, 68, 35, -14, 81, -15, 47, -51, -82, 2, -73, 33, 7, 10, -43, 57, -9, -42, -17, 52, -12, -65, 26, 88, 0, -67, -87, -19, 22, 25, 51, -3, -74, 72, 64, -80, 60, 4, 81, -97, -99, -32, -25, 84, -85, 51, 32, -20, -36, -3, -74, -81, -54, -23, 40, -30, 64, -35, 8, 14, 86, -20, -72, 31, -97, 78, 43, -39, 23, -74, 31, 70, -81, 75, -80, 11, -15, -40, -40, 38, 96, -66, -11, 77, -48, -95, -57, 22, -39, -89, 95, -50, 11, 11, -65, -22, -66, -60, -1, -96, 51, -17, -32, -23, 90, 49, -98, -85, 1, -93, 33, -56, 35, -36, -44, 58, -41, -61, -84, -79, -76, -86, 56, 59, 77, -100, -11, -27, -33, -13, 6, 92, 15, -3, 43, -74, -69, 76, -12, 57]
Subarray found: [0, 83, -68, 95, 91, 83, 4, 89, 82, 25, 12, -23, -74, -85, -1, 55, 83, -41, -3, -92, 59, -19, -74, 24, -38, -61, -40, -81, 77, 89, 38, -21, 31, 67, 74, 66, -74, -65, 0, 1, 72, 64, 27, 99, 44, 96, 51, -10, 33, -53, -40, 19, -86, 51, 44, 65, -40, -46, 60, -28, -47, 55, 63, -40, 35, 31, -49, 9, 93, -34, 16, -58, 19, -71, -31, -89, 54, -48, -37, 76, 49, -67, -22, -37, -100, 87, -71, 0, -77, 32, 54, -100, 99, 94, -48, -8, 35, 51, 1, -86, 43, -78, 84, 18, 34, 26, 49, 31, 93, -28, 50, -36, -23, 19, 74, 82, -95, 24, 79, -61, 12, 18, -63, -46, 60, 36, 81, 2, -32, 52, -48, -45, 90, -61, 80, 14, -69, 69, 40, 4, -59, -84, 24, 93, 4, 75, 96, 34, 30, -13, -4, -4, -27, -28, -45, 90, -15, 94, -87, 44, -57, 48, 28, -10, 94, -9, 65, -91, -51, 11, 82, -80, 88, 32, 27, 32, 39, -80, 54, -60, 48, -77, -31, -18, 59, 14, 82, -53, -4, -46, -12, -93, 71, 34, -5, -68, 59, -36, 95, -10, 73, 34, -53, -26, 96, 75, 73, -92, -56, 63, -9, 75, -95, 64, -21, -70, -27, -17, 92, -11, -37, 19, 29, 78, 66, 57, -70, -100, -44, -97, -8, -98, -22, 53, 38, -8, -10, 61, 45, -62, -81, -51, 80, -36, -33, -68, 30, 72, -14, -21, -92, 22, 63, 23, 55, 47, 75, -78, -60, -26, -45, -14, 81, -30, 65, 87, -33, -54, 28, 9, -59, 55, 61, -98, 8, 45, -81, -51, -56, 92, 96, -59, 33, -78, 43, -13, 58, -71, -31, 21, 91, -35, -33, 35, 11, 63, 46, -6, 75, 63, -77, 71, 95, -3, 75, 16, 36, 19, 50, -56, 14, 32, 18, -45, -36, -10, 33, -15, 97, -32, -75, 61, -53, 19, -33, 20, -92, 4, -63, 82, -79, 86, -12, 25, -31, -76, 80, -47, -63, 66, 31, 91, 88, -88, -63, 44, 2, 76, -36, 67, 98, -18, 28, -35, -16, -89, 75, -85, -60, 22, -88, -31, 29, 6, 2, -55, 11, 98, -60, -39, 78, -46, 42, -63, 11, 32, 39, -51, 51, 57, -22, 36, -56, -73, -26, -28, 82, -74, -2, 77, 32, -99, 43, 25, -43, 48, -46, -34, -73, 52, -59, -28, -68, -37, -5, -54, -70, 54, 30, 71, 35, -20, 100, 57, 98, 21, 65, -18, 83, -78, -62, -92, -65, -13, -85, 85, 86, 55, -33, 97, -18, 75, 31, -2, 26, -94, -30, 7, -15, -12, -27, 100, -13, 13, -5, 61, -34, -12, -93, -28, -88, -68, 37, -40, -10, -39, 48, 86, 91, -22, 92, 80, -25, 54, 35, 50, 12, -7, -11, -95, 33, 49, -53, -98, -27, -42, -100, 8, -3, 9, -67, 81, 87, -36, -15, 39, -67, -27, -39, 65, 98, -15, -3, 70, -47, -45, -23, 52, -19, -39, -31, -72, -59, 76, 35, 69, 84, 43, 63, 70, 38, 68, -28, 6, 59, -59, 100, 51, 54, 30, -35, 62, -92, -79, -44, 45, 28, -72, -30, 65, 63, 75, -9, 50, 94, 56, -73, -59, 74, -28, -97, -70, 81, -59, 78, 29, 56, -19, 65, 55, 68, 52, -14, -40, -6, 70, -89, -3, 52, 84, -60, -56, -15, 90, -48, -32, -44, -84, 74, 96, 1, 70, 43, 59, 5, -94, -7, 95, -95, -80, -96, 37, 84, -82, -54, -76, 3, -49, -13, -41, 35, 30, -6, 2, -49, 96, -3, -8, 76, 97, 56, -67, -13, 5, 18, -58, 8, 57, -62, 99, -17, 97, 4, 93, -2, -65, 30, 47, -97, 86, -13, 64, -26, 58, -95, -61, -37, -23, 97, -88, 5, 39, -20, 91, 53, 0, 17, -46, 30, 74, 96, -100, -56, -85, 6, 53, -89, -6, -25, -72, 0, -6, -17, 37, 91, -60, 58, 6, 79, 30, 52, -61, 38, 19, -67, -40, 89, -56, -33, -38, 59, 91, 68, -27, 45, 93, -95, -88, -7, 45, 67, -80, 34, 65, -65, 14, -31, -58, -13, -33, 28, 50, -17, 29, -21, -41, 49, 0, 15, -6, -82, 10, -73, 80, 77, -95, -21, -26, 24, 34, -80, 16, -89, 45, -56, -33, -62, 50, 89, 13, -52, -36, -80, -51, -66, -21, -24, -5, -35, 3, 0, 12, 42, -65, -5, -85, 19, 91, -66, 61, 40, 79, -11, 26, -86, 12, 61, 5, 8, -26, -31, 77, 14, 51, -25, 45, -31, 52, -38, -74, -34, -54, 99, -34, -37, -29, 33, -5, 82, -83, 100, -78, 44, -50, 31, 46, 55, 69, -9, -11, 88, -83, 8, 97, 47, -24, 59, 80, 88, 67, -73, -15, 35, 79, 52, -14, 46, 18, 95, -68, -56, -93, -56, -36, 22, -17, 31, -54, -55, 12, -66, -41, 92, -72, 26, 70, 47, 50, -54, 35, -61, 34, 94, 38, 83, 27, -66, 12, -84, 0, -58, -100, -9, -100, -50, -72, -35, 44, 16, -51, 46, 9, -84, -29, -21, 71, 40, 59, 3, 33, 16, -100, 54, -64, -74, -51, 80, -59, -1, 82, -72, -21, -41, -99, -3, 8, 1, 9, 13, 2, -29, -29, -42, 93, -93, 22, -96, 91, 23, 46, -52, -50, 64, 93, 68, 39, -4, 80, -97, -68, 25, 6, 10, -73, -54, 47, -56, -37, -63, -6, -82, 53, 50, -82, -2, 44, 65, -77, 94, 87, -10, -21, -59, 44, -80, -21, 21, 47, 33, 63, -47, 8, 89, 70, -26, 65, -42, -80, 82, -61, -95, 59, -29, -28, 98, -31, -88, 81, 62, 51, -80, 0, 33, 48, 46, 78, 81, -6, 6, -70, -94, -99, 96, 68, -72, -16, 56, -37, -19, -30, 67, 87, -56, 50, -56, 0, 72, -77, 62, 26, -7, 56, -41, -78, 47, 52, 45, -82, -35, 0, -95, -6, -57, 8, 84, -18, -69, 79, 0, -8, 71, -8, 61, 60, -38, 74, 53, -99, -87, 93, -2, -11, 63, 73, 30, 35, -42, 15, -92, -88, 16, -71, 17, 20, -68, -31, -33, 26, -92, 92, -31, -71, 65, 45, -37, 24, 91, 81, 76, 4, -87, -30, 9, 69, 90, 25, -20, -37, 65, 73, 50, -52, -89, 21, -85, 3, 24, 65, 93, -61, -97, -5, -46, 69, 77, -15, 28, -72, 77, 7, -37, 95, 72, 91, -96, -53, 46, 69, 54, 27, -37, 33, 71, -44, 60, 36, 58, -85, 54, 71, -95, -66, 38, 24, -54, 70, -86, 55, -93, 50, -32, -79, -55, -45, 91, 90, 5, -16, 15, -48, 18, -96, 0, -20, -52, -86, 50, 99, -16, -63, 95, 13, -6, 86, 40, -87, 1, -58, -58, 22, 78, -87, -25, 77, -23, 69, -51, -20, 18, -63, -10, 59, 21, -37, -76, -19, -10, -77, -65, 3, -4, -40, -9, 71, -61, 67, 8, -72, -21, 67, 5, 100, 43, 77, 28, 72, -24, -33, -56, 62, -92, -45, 23, 76, 99, 28, -33, 60, -4, 47, 84, 90, 83, -35, -71, -7, -8, -84, -87, -32, -28, 23, -79, -34, -15, 62, -24, -53, -18, -17, 30, -28, -85, 78, 70, 91, 57, -45, 73, 72, 70, -86, -45, 41, -37, 18, -92, -16, 55, -75, 56, 29, 40, 86, 31, 100, -3, 2, -11, -80, 10, -79, -41, -31, 39, 16, -49, -34, -46, 76, 93, 63, -89, 2, 76, -78, -31, 73, -25, -11, 46, -65, -37, 69, 95, -7, -41, -50, -38, 27, -27, -21, 76, -59, 45, -79, 4, -22, -61, -51, 17, 78, -74, 93, -14, 45, -4, -63, -77, -92, 12, -14, 17, 87, -7, -10, 11, -89, 75, 39, -46, 87, 32, 32, -91, 14, 60, 29, 0, -95, -32, -65, -83, 20, 6, 13, 91, -38, -49, -99, 93, 53, 6, -84, 14, 64, 40, -76, -54, -77, -11, 99, 91, 60, 89, -17, -72, 62, 56, -6, -13, -80, -81, -52, -63, -35, 20, -88, 49, -40, -73, -80, 3, -19, -36, -30, -68, 79, 21, -32, 24, -45, 79, -21, 2, -22, -51, -26, -57, -58, -79, 22, 12, 90, -60, -3, -19, -51, -16, -47, -96, -78, 28, -17, -95, -8, 87, 5, 47, -46, 44, -68, 75, 68, -5, 23, -44, -25, 29, 98, 92, -71, -55, 30, -61, 14, 50, 54, 60, -59, 80, 54, 60, -38, 89, 82, -81, 53, -61, -48, 77, -43, -26, -11, 84, 73, 62, 22, 84, 16, 88, -22, 65, 33, -40, 64, 76, -10, -83, -23, 64, -70, 61, 4, 71, -35, 22, 43, 28, -6, 62, -19, -6, -89, 42, 78, -75, -55, 76, -85, 51, -62, -13, 57, -96, 1, -64, 81, 36, 99, -94, 84, 52, 100, 88, 45, -14, -93, 42, 88, -56, -2, 42, -20, 15, 70, -98, 57, 37, -100, -51, -88, -42, 96, 22, 73, 1, -23, 43, -22, 21, -91, 31, -82, -69, -66, 4, 83, -39, 99, -13, 95, 99, -31, 35, 40, -50, -89, -46, 14, 31, 60, 56, 45, 9, 95, 83, 32, -95, -67, 26, -1, 41, -63, -80, 72, 76, -100, 68, -20, 69, -41, -80, 55, 16, -41, 3, -53, -10, -27, -17, 42, -95, 29, -48, 11, -47, 94, 14, 55, 26, 47, 81, 100, 99, 79, -85, -18, 80, -2, -29, 73, 66, -78, -5, 21, 37, 39, 21, 85, 71, 34] with a sum of 4993
Random dataset with 10000 elements: [47, 95, -24, -91, 76, -70, 80, -94, 67, 97, 60, -100, -34, 29, -17, -56, -74, 73, 45, -4, -99, -22, -95, 47, 93, -43, -95, -16, 48, 48, -32, 31, 34, -59, 83, -70, 75, -77, -19, -96, 5, 66, -61, -85, -6, 19, 4, -36, -16, -4, 34, 27, 49, 66, 65, 94, -19, 87, 42, -58, -84, -24, 26, 38, 29, 50, 74, 10, -81, -1, -47, 20, -80, -42, -64, 16, 52, 88, 43, 45, 90, 95, -85, 83, 46, -15, 67, 32, -92, 48, 54, -92, 33, -62, -1, 9, 22, -59, -11, 11, 16, 46, 71, -44, 29, -16, 35, -50, 68, -9, -45, 81, -93, 72, -84, 98, -41, -53, -94, -4, 97, -59, -14, 0, -63, -82, -30, -48, 72, -4, -25, -5, 56, 9, -47, -5, -81, -27, 30, 45, -99, 60, 50, -66, -25, -16, 81, 40, 44, -8, 1, 15, -77, 41, -83, -61, -21, -11, 67, -36, -22, -97, 60, 17, 60, 93, 25, -62, -46, -71, 52, 19, 59, 100, -76, 65, -61, 24, -90, -9, -90, 77, 100, -60, -7, -29, 65, 63, 72, 91, 46, -66, -66, 92, 19, -23, -24, 41, 50, 85, -31, 9, -67, 97, 64, 98, 23, 67, -69, -7, 15, -59, -67, 75, -51, -2, -86, -30, -86, 84, -80, -17, 100, -70, 89, -64, 56, -81, -41, 22, 55, -96, -98, 5, 46, 78, -34, 67, 20, -83, 35, -93, -38, 11, 37, -47, -39, -47, -12, -83, 49, 47, 16, -36, -85, -59, -80, -14, 28, 66, -99, -81, 61, 0, 57, 66, -14, -69, -45, 98, -30, 18, 93, -1, 55, -56, -81, 89, -62, -45, -71, 55, 12, -73, 77, -81, 35, 2, 69, -98, 63, 74, -45, -54, 58, 86, -87, -49, 7, -16, 66, 86, -86, -48, 17, 95, 28, 21, 51, -33, 61, -39, -12, 88, -51, -42, -48, 90, -6, -83, 52, 17, -10, -16, 28, -29, -48, 13, 97, -99, 2, -28, -78, 76, -42, 7, -96, 47, 61, 61, -70, -98, 8, 100, -6, -7, -79, -71, 14, 72, -30, 83, 69, -45, 72, 57, -7, -50, -32, -54, -19, -31, -80, -17, 36, 14, 69, 77, -42, 78, 94, -58, -43, -35, -71, 84, 84, 76, -22, -11, 58, -47, 96, 52, 7, -19, -12, -30, 33, 36, -98, -90, 13, 44, -61, -81, 30, 88, 29, 69, -40, 53, -21, 66, 17, -49, 10, -4, 95, -62, 69, -58, -60, 54, 47, 72, 46, 41, -48, -3, -28, -38, -61, -55, 32, -24, -71, -88, 80, -13, -15, -100, 11, -88, -55, 65, 67, -5, 86, -80, -15, -54, -15, -97, 7, 83, 73, -92, -77, 98, 0, -44, 68, -1, -96, 74, -46, -67, 21, -49, 63, 97, 16, 43, -38, -27, -67, -53, 24, -34, 84, -39, 36, -66, 9, 64, 59, 25, -15, 67, 28, -29, 49, -85, -83, 82, -49, -88, 61, -42, -30, -16, 0, 22, -89, -4, -64, -3, -30, 78, 0, 72, -85, 12, 60, -36, 88, -100, 30, 44, -94, 72, -29, -34, 95, 5, 65, -64, -56, -27, -5, 28, -28, 90, -37, 4, 34, 0, 90, -83, -11, 79, 87, 93, -5, 90, 56, 34, 14, -44, -9, 51, -53, 50, 81, -87, 85, 5, 7, -85, 85, 92, -84, -11, 2, 80, 89, -46, 10, 97, -84, 73, -65, 49, -76, -85, 13, 35, 5, 6, -40, -56, 0, 61, 18, -16, -74, 20, -10, -46, 88, 53, 51, -88, 43, -19, -84, -13, 45, 17, 3, -47, -34, 37, 93, 74, -58, -15, 56, -73, -5, -89, -56, 74, 57, -53, -79, 62, -53, 65, 62, 32, -19, 52, -4, -92, 56, -8, -34, -97, 0, 7, 84, 60, -91, -77, 87, 1, -16, 2, -54, -44, -22, 92, -95, 42, 64, 68, 78, 54, 96, 27, 84, -55, -27, 45, 51, -79, 6, -67, 80, 37, -13, 36, 95, -57, 47, -80, -29, -1, 89, -9, 10, -77, 63, 51, 33, 66, 57, -34, 37, 94, 85, 63, 33, 8, -67, 26, 100, -65, -72, -63, -23, 45, -63, 99, 11, -54, -73, -80, 89, 100, 8, -26, 35, 63, 80, 65, 35, -13, -69, 7, -6, -53, 19, 38, -83, 87, 69, 26, -94, -93, 77, -90, 76, 6, 41, 2, 15, -99, -21, -21, 84, -31, -42, -58, 68, 28, 43, 29, 20, 63, 69, 85, 35, 54, 82, 53, -98, 75, 43, -93, 15, 12, -22, -69, 65, 58, -69, 36, 57, 21, 14, 7, 67, -79, 93, -88, -100, -70, -27, -17, 56, 81, -87, 79, -34, 80, -4, 93, 54, 63, 90, -21, 6, -47, 40, -35, 2, 88, -71, -42, -66, -69, -50, 46, 68, 28, -17, -56, -61, 79, -42, -74, -13, -21, -61, -39, 36, 69, 73, 3, 90, -2, -71, -26, -87, -97, 21, 100, 41, 36, 95, -15, 34, -46, -28, 27, -23, -56, 53, 48, -33, 1, -15, 15, -90, -57, 0, 57, 79, 70, 69, -27, 2, 52, 33, 9, -36, -27, 11, -58, -66, -76, -47, 3, -14, -79, -59, 96, 7, -90, 36, -16, -49, 76, -73, -50, 27, 78, 79, 59, 41, 68, -89, 77, 49, -19, -26, 21, -65, -8, -93, -100, 17, 34, -91, 49, -50, 86, 24, -1, -33, -96, 52, 20, -61, 44, 94, -5, 63, -6, 84, -85, 80, -61, 87, 24, 21, -61, 96, -1, 88, 2, 86, 47, 7, -81, -38, 52, -39, 20, -47, 0, 91, 94, 89, 1, 27, 44, 24, 63, -100, -11, 67, 63, 89, 27, 89, 7, -88, 5, 54, 23, -61, 32, 86, 96, 98, -68, 9, -68, -60, -74, -79, 47, 71, -50, -94, 9, 82, 77, 8, 9, 68, -72, -32, 75, 63, 7, 69, 28, -24, 60, -61, 36, 96, -12, 18, 89, 47, 75, 49, 14, 16, 36, 6, -60, 79, 45, 90, -65, -94, 18, 29, -20, -31, -23, -92, -100, 62, 7, 87, 1, -51, 23, 95, 3, -2, 81, 27, -19, 52, -62, -81, 91, 75, 43, 69, -2, 10, 41, -61, -34, 21, -51, -97, -6, -46, 61, -79, 89, -66, -26, -87, 24, 26, -72, 44, 39, -75, -36, -20, -48, -28, 10, 84, -43, 41, -53, 81, 2, 69, -1, 98, -46, 15, 26, -83, 0, 20, -30, 84, -94, 28, -29, -79, -68, -4, 39, -44, 100, 11, -73, 92, 74, 45, 56, -1, 33, -58, 95, 11, 4, -28, 25, -72, -96, -9, -69, 32, -82, 24, 43, 87, -40, -15, 70, 15, 44, -81, 84, 82, 1, 43, 80, 88, 62, 12, 38, -58, 42, -52, 69, -56, 95, 51, 39, -78, 65, 89, 52, 37, -24, 18, 33, -7, 2, 69, 9, 100, -82, 85, 58, -30, -73, 74, -62, 44, -61, -85, 46, 1, -67, 74, -1, 76, 41, 62, -78, -21, 59, 81, 17, -61, 0, 99, -67, 38, 94, 81, -87, -68, -26, 50, 72, 79, -83, -95, 39, 8, -47, -99, -51, 89, -18, -48, -49, -33, 52, -17, 4, 17, 86, 44, -32, 65, -23, 7, 39, 36, -56, 16, -99, 27, 34, 83, -26, 73, -46, 23, 8, 47, 33, 95, 24, -81, 76, 19, 61, -18, 46, -47, -74, 47, -15, -81, -4, -32, -98, -78, 62, -1, -80, -88, 45, -4, -90, 80, -100, -18, 32, -98, 53, 76, 100, 82, 14, 86, -40, 14, 71, 57, -18, -23, 75, 88, -61, -42, -78, 84, -56, 65, 56, -99, 10, -85, -55, -72, 27, 55, -82, 54, -93, -74, -26, -35, 29, -11, -92, -65, -17, 42, -83, 72, -54, 46, -80, -16, -29, -58, -23, -27, 87, -54, 97, 39, 55, -50, 78, -31, -35, -59, -79, -70, -14, -19, 50, -89, -12, -85, -7, -98, 73, -77, 20, 29, 83, -50, 68, -96, -67, -69, -5, 33, 14, 48, -50, -84, 66, 72, 38, 89, 81, -5, -13, 0, -17, -40, -14, -76, -96, 19, 9, 62, 25, 60, 97, -30, -76, 66, 88, -35, 60, -12, 87, 43, 35, -31, -43, -21, -11, 40, 62, 58, -18, 71, -45, -22, -83, -100, -64, 71, 44, 31, -82, 31, -14, -83, -24, -8, -25, -83, -20, -53, -71, 35, -66, -32, -80, -90, 75, -96, -38, -30, 78, -13, -99, 26, 37, 25, -27, 92, 31, -81, 78, 62, 31, 18, -37, -91, 55, -52, -22, -85, 44, 7, 13, -54, -37, 3, -52, 4, -16, -22, 56, -38, -58, 22, 51, 87, 48, -10, 10, -78, 90, 70, -27, -59, -39, 64, 6, 50, 23, 7, 41, -9, 46, -34, 78, -57, -85, -7, -8, -83, 9, 75, 35, -61, -76, -38, 77, 23, -33, 4, 43, -61, 15, 51, -58, -82, -24, -62, 38, 98, -60, -24, -5, -78, -55, 30, -100, 61, 57, 53, -37, -46, -52, -5, 49, -10, -41, -56, -61, 54, -92, 99, 43, -56, 33, 3, 16, -35, -100, 81, -91, 88, -10, 26, 52, -25, -49, 4, 88, 4, 27, -23, 57, -34, -99, -32, 48, -29, -30, 77, -38, -42, -43, -41, 54, 14, 81, -41, -27, 41, 36, 30, -94, -99, 20, -79, 90, -84, 17, -29, 26, -43, 0, -10, -57, 41, -92, 42, 71, 69, -79, -94, 53, -19, 53, -57, 63, 17, -31, 83, 51, -40, -89, 97, 77, -54, 6, 22, 87, 61, 90, 72, 56, -70, -94, -7, -24, -49, 40, -94, 34, 14, 7, -74, 35, -25, -12, -36, 40, -50, 83, 44, 44, -42, 38, -77, 58, 29, -91, 80, 37, -66, -37, 34, 26, 11, -78, -23, -55, 59, -93, 45, -16, 83, 81, 30, -28, 13, -86, 11, 11, 69, -4, 51, 54, 18, 76, -89, 28, 46, 38, -36, 73, 49, -33, 75, 22, -72, 50, 80, 76, -93, 16, 94, 98, -86, 71, 9, 95, 84, -99, -45, 4, -41, 64, 23, -3, 63, -20, 68, -58, 90, 38, 87, -100, -82, -12, -19, 33, 64, -87, 56, -7, 64, 79, -99, -89, -60, 57, 89, -11, -21, -11, 16, 29, -12, 58, -38, -24, -52, 17, 66, -87, -30, -35, 34, 99, 82, -77, 63, -72, 66, 100, 63, 82, 84, 35, 99, 34, 35, -87, 9, -87, -87, 23, -78, -72, -52, 64, -28, -38, -5, -32, -33, 67, -85, 32, -34, 76, 28, -63, 78, -41, 1, -97, -99, 86, 56, -73, 69, -3, 91, -25, -12, -60, 20, -57, -47, 39, 62, -89, -5, 69, -31, 12, -19, 72, 43, 12, 98, -26, -91, -97, 69, 44, 20, 31, -41, -67, 51, -31, 62, 89, -48, 12, 41, 28, 14, 82, -88, 80, 65, 88, 79, 17, -6, -37, -59, 98, 45, -68, -96, -87, -92, -49, -34, -39, -47, 22, 0, 3, -99, -71, -96, -54, -53, -57, -56, -42, 99, 92, -16, 28, -43, 95, 95, -29, 39, -40, -84, -60, 85, 97, 39, 16, 65, 70, -53, 82, 19, -86, 6, -91, 28, 90, 51, 75, 33, 13, -15, 56, -84, 3, 22, -96, -8, -68, -34, -100, 78, -69, -75, 26, 45, 38, -9, 3, -29, 93, 55, -36, 86, -24, 67, -98, 63, 69, 91, -88, -22, 75, 1, -90, 9, 22, 33, 61, 96, -88, 24, -3, 45, -74, -54, -25, -76, -4, -97, -61, 12, -71, 34, -74, 10, 4, -25, 60, -98, -44, -10, -39, -65, 28, -83, -62, -23, -78, -54, -54, 25, -64, -61, -15, 45, 65, 21, -19, -95, 44, -87, 23, -6, -17, -18, -18, -3, 69, -84, 93, -69, 4, 25, -64, 24, -7, -8, 15, 20, 98, 74, -81, 46, 14, -21, 15, 69, 23, -21, 41, -20, -83, 45, 5, -44, 89, 70, 48, 91, 49, -85, -66, -19, -30, 57, -50, 19, 61, 91, -46, -67, -59, 52, 95, 69, -39, 20, 46, 13, -71, 80, 99, 84, 27, 5, -99, 5, 2, -20, 81, -93, 40, -85, 47, 68, 89, -58, -59, -33, 91, -78, 80, -95, -70, 75, 30, 20, 22, -10, 68, -98, 73, 52, 100, -73, 90, -69, -91, 23, -72, -47, 52, 71, -99, -38, -83, -88, 70, -85, -68, 22, 68, -51, -68, -51, -36, -35, 60, 59, 86, -63, 18, -72, -38, -23, 88, -34, -53, 70, -26, 76, -40, -64, -56, -25, -32, -55, -51, -52, -42, 33, -59, 49, 37, 28, 61, -57, 35, -26, 28, -69, 94, -26, 56, 41, -35, 3, -35, 50, -86, 11, 43, -40, -21, -89, -41, -30, 22, 56, 89, 27, 74, 45, -69, -26, -100, 65, -11, -41, 92, -43, 15, 15, 92, -89, 64, -22, -29, -36, 0, 77, 67, -65, 70, -100, 75, -63, 74, 60, -55, -55, 45, -79, 6, 79, -93, 34, -22, 36, 45, 25, 12, -6, -15, -23, 18, 75, 77, 70, -49, 45, -100, -69, 7, -61, -3, 85, 52, 75, -99, -65, 59, -54, 43, 92, 2, -87, 24, -51, 66, 45, 13, 76, -97, -66, 52, 38, 100, 4, 32, 66, 83, -100, -85, -8, -22, -75, -76, -6, 30, 42, -83, 64, 72, -57, 49, -39, 9, 91, -53, -47, -96, -38, -22, 61, 20, -63, 86, -75, -93, 10, -70, -24, 7, 16, 93, -40, -10, -75, 83, -30, 6, -49, 26, 9, -42, -63, 99, -60, -64, -83, 86, -79, 30, 54, -32, 92, 77, -8, 77, -31, -4, -77, 15, -57, -1, -72, -78, -65, 37, 90, -34, 7, -43, 52, -4, -98, 58, 34, -80, -9, -61, -72, 11, 75, 13, 2, -19, 97, -50, 60, 58, 0, -45, -80, 1, -60, 0, -56, -89, -91, 30, 10, 16, 98, -13, 77, -52, 62, 4, -16, -49, -99, 31, -44, 25, -94, 78, -58, 64, 70, -17, 49, 14, 54, 23, -81, 76, 45, -40, -98, -74, 8, 31, -45, -59, 63, 92, 28, -21, -55, -76, 71, 92, -24, -54, -11, -43, -100, 62, -94, -11, -51, 5, -42, 51, -72, 25, 39, 67, -68, 26, 61, -41, -80, 72, 22, -90, 21, -70, -14, -27, 82, 52, 2, 86, -38, 61, 79, -28, -97, 25, 17, 86, 76, 71, 26, 54, 96, -38, -14, -48, 70, 65, -6, -73, -11, 35, 93, -6, 87, -21, -52, 61, 63, 6, 94, 60, -5, -13, 99, 11, 17, -35, -15, 36, -29, 6, 97, -35, 0, 84, -93, 95, -6, 15, -55, -94, 5, 53, 55, -58, -35, 67, 43, 32, 87, 95, -81, 53, -67, -48, 33, -48, -42, 74, 31, 75, -39, -28, -83, 27, 62, -93, -43, 36, -45, -25, 6, -82, 87, 73, -77, 80, -1, -60, -37, 74, -37, 93, -77, 76, 88, -21, 62, 37, -19, -16, -59, 20, 84, -61, -19, 45, 65, 75, -72, 12, 62, -86, -41, -66, -40, 16, -20, 28, -48, 26, -7, -14, 77, 86, 18, -71, -17, 52, -60, -72, 12, 68, 87, -94, -92, -88, -53, 66, -25, -83, -41, -57, 14, -79, 47, 54, -4, -21, -34, -35, 63, 92, 60, 42, -59, 22, 79, -38, 78, 13, -79, -35, -4, -70, 91, 99, 32, -74, 46, 7, 49, 31, 30, 81, -19, 89, 55, -75, 4, -68, 87, 0, -96, -82, 35, -52, -63, -51, 87, 54, -75, -47, -20, 14, 50, 76, -3, -40, -20, 42, -20, -86, -93, -13, -22, -68, 45, -29, 36, 3, -66, -46, -44, -32, -59, 61, -71, 31, -18, 81, -67, 13, -88, 96, 41, -3, -100, -21, -80, -70, -2, 33, 84, -95, 51, -16, 32, 68, 28, 41, 59, -87, 94, 5, 64, 8, -50, -30, -84, -20, -48, 58, 38, 93, 59, 12, 38, 96, 97, -9, -36, -59, -42, -89, 24, -93, -10, -10, 88, 57, 15, 6, -37, -27, 36, 92, -46, 88, -57, 85, -74, 10, -73, -18, 37, -14, 69, 82, 93, 4, 17, -71, 20, -40, 24, -71, -80, 3, 47, -94, 19, 30, -36, 96, -8, 6, 35, 67, -11, -56, 7, 79, -28, -22, -19, -61, -59, -67, -21, -8, -12, -4, 79, -45, -20, 51, 71, 27, -94, -2, 31, 84, -7, 85, 30, 35, -42, -32, 39, -68, -34, 90, -84, 33, -6, 43, 81, -51, 9, 100, 25, -75, -13, 46, 63, -41, -66, 23, 53, -13, 42, -84, 16, -23, -54, 33, -100, 84, -54, 23, 58, 28, -24, -72, -29, -29, -18, 43, 0, 92, 91, -8, 55, 93, -65, -49, -75, 1, 33, -65, 15, -43, -79, -29, 55, -11, 51, 95, 56, -61, 64, -87, 49, 61, -69, 18, 70, 72, -67, 66, 57, -6, 31, -24, 46, -85, 6, -89, 71, 19, 2, 42, -46, 88, 6, 2, 47, 83, 14, 93, -81, -91, -10, 100, -2, 32, 8, 81, -94, -26, -24, 91, 53, 36, 49, 91, -19, 45, 59, -37, 91, -37, 53, -4, -62, 94, 39, 20, -6, 0, -70, 56, -69, -40, -25, -91, -26, 62, -46, -55, -34, 4, -57, -16, 42, 15, 97, 36, 41, 97, -100, 61, 6, 63, -38, -83, 34, -1, -1, -93, -17, -9, 35, 52, 99, -62, -43, 85, 86, 74, -4, -15, -57, -94, 13, 31, 15, -13, -86, -71, 79, 36, -43, 69, -61, 65, 22, 61, -96, -65, -57, -55, 55, -33, -60, -27, -100, 1, 42, 64, -94, 67, 98, -64, -55, -35, -87, 57, -8, -54, -72, -9, 18, 76, -30, 96, 88, -51, -54, 24, 59, 61, -1, 75, -29, 30, 3, 57, 67, -66, 31, 83, -41, 63, 26, 36, -94, -56, -82, -87, -51, -81, -71, 89, 54, 56, 14, 11, -68, 75, -61, 96, -32, 18, 86, 18, 4, -93, 88, -81, 50, -27, 91, 19, -47, -92, 8, 62, -38, 79, 82, 20, 41, -72, 41, 27, -49, -4, 62, -80, 89, 98, 41, 76, 96, -4, -38, 31, -27, -74, -41, -8, 65, -85, 72, -28, -24, -17, 72, 87, 91, 37, 93, -91, -18, 35, -29, 76, -51, 50, 74, 9, -97, -65, -41, -52, -29, 16, -59, 87, 57, -86, -81, 87, 39, -63, 27, -28, 14, -36, 59, 85, 68, 18, 87, 13, 0, -77, -83, -95, -80, -9, 98, 44, 87, 51, -76, 20, -93, 74, 72, -1, -31, 42, -66, 95, 42, -67, -12, 84, -86, 63, -80, -77, 51, 14, 79, -52, 93, -35, -62, 44, 69, -44, -55, -26, 1, -36, -68, 26, -22, -17, 79, 65, -100, 55, -60, -97, -72, 89, 12, 52, -48, -81, 63, -17, -92, 37, -26, 54, -97, -56, 30, -67, -85, -55, -17, 32, 62, 51, -82, -84, 60, -19, -12, 18, 51, -61, 29, -59, 39, 64, 70, 55, -92, -14, 25, -54, -82, 82, -25, 70, -66, -73, 1, -36, 6, 6, 19, -16, -91, -29, 93, -22, 30, 74, -85, -98, 44, 61, 30, 9, 58, -31, 83, -33, 62, 82, 2, 79, -11, 23, 42, 95, -58, -25, 66, -25, 15, -46, -54, 24, 45, -100, -93, 25, -82, -31, -14, -68, -23, 53, 10, -60, -42, -64, -43, -28, 65, -80, -19, -47, -74, 12, -26, -46, 49, -95, 39, -18, -81, -9, 56, -98, 100, 52, 91, -53, -33, -24, -9, 48, 95, -17, 6, -69, 76, -88, -64, -17, -45, -78, -9, 26, 90, 86, 20, -2, 53, 56, 58, -92, -49, 32, 9, 55, -14, -20, -53, -23, 75, -78, 17, -99, -11, 66, -25, 64, 84, 30, -46, 2, -97, -43, 60, 72, 21, 13, -97, -64, -59, -47, -97, -30, 95, -94, 83, 6, -57, 45, 75, -98, 70, 94, -96, 43, 59, 60, 53, 30, 75, 10, 59, 44, -91, 90, -89, -43, 55, 80, -29, 31, 47, 0, -71, 38, -19, -75, -23, -96, -43, 30, 60, -31, -71, -98, 79, 78, 37, -52, -32, 87, 76, -25, 24, 24, 23, 22, -47, -1, -61, 13, 86, -48, 77, 48, -3, 51, 90, 22, -55, -67, 40, -73, 40, -7, 65, -31, -39, -58, 14, -62, 9, -92, -84, 40, 39, -32, 71, -29, 30, -22, -20, -3, 77, 58, -52, 59, 53, 10, 98, -32, -97, -82, -2, -100, 8, 35, 84, 48, -52, -90, -49, -28, 61, -47, -15, 97, -29, 4, -13, 63, 92, 11, -39, 29, -35, 69, -60, 38, -66, -16, -8, -98, -100, -35, -94, -81, 76, -41, -52, 62, -47, -74, -40, 19, -82, -4, -5, 16, -30, 25, 47, 82, -75, 8, -66, -97, -40, 81, -92, -64, 84, 10, 81, 61, 11, 59, 86, -69, -94, 82, -31, 46, 91, -59, -79, 0, 25, 2, 59, -10, 100, -63, -19, 43, -23, 91, -65, -64, -98, -9, 57, -36, -7, 26, 77, 15, 61, -40, 73, 6, 72, -65, 8, -91, 48, -37, 9, -77, 23, -61, 79, 100, -70, -45, 8, -75, -7, -48, -91, -76, 5, -1, 42, -62, 77, 14, 13, -85, -25, -95, -46, -73, -17, 4, 44, -17, -22, -11, 58, 78, 5, -10, 30, -10, 46, -19, 21, -17, -82, -63, -63, -80, -88, 15, -63, 100, -84, 32, 100, 10, 85, -61, -2, 37, -99, -75, -60, 58, 71, -8, -63, 32, -33, 87, 96, -37, -74, -90, -68, 14, -17, -94, 12, 61, -52, 66, -38, 1, 26, -92, 21, -63, 54, -32, 90, -26, -62, -38, -61, -49, -38, 4, -25, -42, -28, -90, 30, 6, 62, 98, 97, -61, 16, -92, 56, -78, 41, -53, 0, -63, 37, 41, 58, 23, -26, 55, -99, 62, -99, 75, -16, -74, 80, 63, -19, 32, 62, 99, 26, 15, 27, 29, 91, 14, -22, 91, -91, -30, -72, -24, 56, 96, 82, 44, -68, 42, 60, -52, 27, 27, 60, 94, 58, 26, 88, -53, 58, 33, -72, -55, -55, 45, 85, -89, 58, 20, 47, -27, -83, 40, -22, -7, -26, -21, 7, -60, 83, 18, 24, 61, 70, 45, 5, -65, -40, 42, -61, -15, -9, -97, 22, 95, 65, -7, 41, 96, 74, 70, 36, -19, 63, -76, -49, 77, 69, 81, 68, -97, -7, -22, 39, 3, 34, 18, 17, 7, -6, 96, -68, 90, 11, 83, -11, -51, 73, -72, 50, -96, 12, 0, 60, 60, -29, -27, 72, 29, 66, 38, 84, -79, -63, 89, 34, -29, 43, 40, 43, -73, -4, -64, 92, 5, 52, 69, -48, -77, -36, -32, -4, 69, -78, 95, -37, 80, -60, 38, -89, -39, 24, -78, 80, -79, -88, 74, 15, 40, -72, 59, 96, 44, -21, 0, 57, 51, -17, -59, 47, -31, 17, 52, -24, -37, 23, -78, 75, 83, -26, 4, 8, 89, -44, -81, -77, -40, -85, -56, 21, -8, -13, 62, 56, -57, 55, -75, 53, -32, -63, 24, -18, -54, 62, 68, 30, -45, -95, 35, 74, 14, 1, -76, 24, -46, 59, 90, -69, 42, 16, 29, 17, -24, 70, -71, -69, 21, 99, 89, 0, -61, -39, 61, 26, 44, 33, 97, -31, 73, -14, -30, 47, 97, -14, -39, -96, -17, -60, -32, 80, -67, -81, 73, 39, -13, 95, 36, 45, 20, 100, -15, 35, -77, -93, -25, 70, 69, 97, -47, -84, -37, -66, -31, 77, 44, 44, -78, 46, 66, -27, 58, 3, -36, -47, 58, 81, 29, 95, 48, -30, -25, 19, 27, 80, 32, -47, -88, 95, -36, -94, -97, 98, 38, 27, -13, 6, 45, -13, 8, -80, -31, 53, -27, -86, -9, 81, -95, -76, 88, 27, -39, 45, -70, -99, 11, 59, -76, -24, -29, 40, 71, 51, -17, -26, 47, 88, -63, 41, 78, -89, 58, 53, -80, -99, 48, 70, -33, 19, 94, 87, -95, 10, 27, 30, 42, 92, 6, -71, -18, -64, 78, 54, 93, 95, -23, -7, -51, 94, 84, -58, 23, -26, -36, 23, 62, 76, 78, 35, 22, -69, 14, -41, 88, -82, 44, 17, -36, 66, -10, -65, 58, -83, -63, -68, 13, 97, 84, -67, 17, 40, -19, 6, -33, 64, 67, -93, 89, 24, -100, -66, 92, -40, -81, -33, 69, 6, 3, -29, 18, -82, -61, 13, -3, 11, -78, -35, -90, 70, -31, 75, -64, -15, 5, 27, -25, 5, -43, -83, -31, 89, 52, 52, 100, -74, -60, -95, 87, -8, -41, 58, 93, 75, -21, -84, -51, -86, -72, -74, 78, 98, -24, 35, -84, -47, -90, 29, 34, 0, 24, 11, -80, 88, 50, -89, -77, -83, -80, -24, -7, 10, -77, 33, 51, 29, 80, -86, -58, 14, -64, -72, 3, -47, 45, -62, 67, -73, 60, 64, -37, -100, -21, 76, -59, 88, 98, -69, -84, 15, -7, 41, -78, -92, 1, -3, 18, -22, 9, 55, 10, 95, 79, -52, -91, 58, 97, 78, -52, -28, 81, -33, -97, 71, -69, -35, 85, 36, 17, 83, 23, -18, 10, 69, 62, -76, -24, 19, 5, -71, -45, -62, -37, -19, 57, -54, 1, -38, -82, -61, 77, 84, -82, -88, 3, -8, -58, -8, -25, 23, 84, 24, 94, 10, -95, -64, -58, 53, -3, -79, 4, 66, -18, -49, 93, 13, 20, 28, 97, 95, 42, 42, -46, 48, -4, -67, -92, 59, 85, -73, 68, 46, 56, -36, 46, -58, -63, -78, 31, 10, -52, -92, 66, -6, -92, -91, 68, 99, -31, 69, 79, 51, -14, -91, -14, 5, -59, -23, -63, 19, 3, 86, 39, -6, -45, -39, 33, 42, -87, 52, -56, -74, 27, 55, 90, -79, -54, 58, 70, -73, -85, 73, 38, -14, 40, -55, -23, -100, -55, 87, -81, -88, -17, 69, -39, 54, -79, 61, -25, -7, 15, -86, -62, 15, -16, 68, 51, 58, 10, 61, 29, 12, -66, -41, 9, 38, 13, 58, -68, 31, -66, -97, -98, 88, 41, -92, 27, -52, 24, -69, -100, -99, -58, 64, -8, 46, -12, -67, -57, 57, 52, -71, 83, 33, 14, 36, -100, 53, 4, -66, 33, -13, -36, 29, -5, -68, -84, -60, 18, -4, 81, 55, -35, -9, 68, -40, -48, 56, 50, -87, 48, 11, 72, 81, -22, -92, 82, 50, -26, 29, -21, -48, 4, 88, -50, 61, 53, -92, 4, 32, 37, 55, -53, -65, -12, -94, 13, -1, -85, -27, 90, 52, 79, -96, 73, -88, -100, 45, 1, -92, 10, -82, -84, 62, 89, -83, -90, -38, -35, -43, -87, 16, -51, 87, -8, 39, 89, -55, -51, -75, -14, 84, -19, 76, 81, -38, 62, -35, 5, 87, -55, 28, 17, -11, -2, -37, -51, 9, 0, -86, -78, 82, -78, -7, -37, -87, -67, -88, -3, 4, 93, 76, -83, -5, -60, 81, 95, 13, 44, 45, -72, -13, 0, -85, -60, -86, 93, 25, 55, -16, -96, 49, 51, -47, 43, 63, 100, -85, -18, 98, -25, 2, -7, 55, -25, -39, -2, -27, -23, 68, 41, -17, 13, -43, 54, -32, 20, -75, 37, -56, 3, -4, 95, -25, -6, -20, 19, -15, 94, 94, 74, -46, 4, 41, -84, -83, -25, -33, 43, 47, -37, -46, -10, 87, 82, -34, -92, -46, 43, 42, -87, 31, 82, -10, -71, -79, -74, 76, -65, -4, -58, 93, 25, -88, -51, 46, 21, 72, 84, -82, -84, -94, 10, -76, -66, -64, -18, 0, 17, 1, 59, -88, -28, 72, 25, -13, -6, 75, -74, 82, 91, 91, 19, -84, 30, -86, -65, 96, 36, 83, 35, 93, 21, 13, -65, -50, -96, 7, -10, -96, -86, 8, -39, -22, -99, 97, -53, -66, 48, 47, -43, 39, -92, -99, -40, 73, 72, -54, 60, 42, -22, 83, 90, 31, -30, 19, -61, 33, -8, 91, 67, -68, 71, 99, -62, -99, -73, -68, 31, -59, -95, -26, -70, 61, 8, 45, 43, 15, 74, 48, 97, 55, 76, -8, -29, 4, 67, -98, 73, -25, 99, -56, 45, 87, -39, 18, -76, -71, -52, -97, 77, 82, -10, 4, 27, 28, 65, 55, 74, -69, 98, 60, -88, -57, 16, 66, -12, 93, 1, 22, -18, 68, 94, 12, 54, 19, -29, 28, 93, 26, -80, 68, -74, 32, -86, 33, -57, 20, 17, 41, -93, 13, 56, 67, 74, -82, 86, -7, 40, -56, 31, -69, 39, -57, -12, 12, 59, 15, -87, -9, 17, -84, -14, 84, -100, 66, -61, -34, 93, 22, 47, 81, 65, -41, -36, -90, -6, 74, 17, 11, 27, -75, 88, 27, 59, 21, 76, -34, -62, 85, 24, 92, -16, -21, -68, 27, 0, -91, -66, -54, -38, -83, -55, 42, -15, 42, -16, 19, 61, -66, 89, -43, -15, 67, -43, 37, 29, -55, -48, 47, -63, 78, 53, -59, -76, 49, -7, -26, -25, 25, 20, -16, 30, 3, 60, -20, 89, -64, 46, 58, -96, 48, -46, 28, 81, 3, 15, 49, 42, 55, 25, -78, -70, 57, 75, -3, 72, -62, 55, -23, 9, -57, -70, -93, -25, -87, -93, -83, 80, 14, 50, -19, 0, -60, -95, 82, -3, -68, -67, 43, -33, -96, -51, -70, -87, 21, -39, 16, 75, 57, 41, -42, -90, -77, 29, -77, -9, 89, -83, -78, 12, 8, 19, -26, 94, 79, 43, -52, 3, 12, -89, -60, -41, 62, -32, 5, 76, 71, -52, 72, 78, 21, -63, -78, -89, 68, 7, 11, 4, 31, -47, -33, 79, 24, 32, 76, -98, -85, -9, 9, -24, 20, -51, -89, -15, -95, -51, 91, -61, -55, -10, -70, -66, 79, 3, 57, -44, 73, 75, -86, -46, -34, 19, 41, 24, 16, -9, -82, 84, 46, 88, 83, -22, 1, -25, 30, 10, -66, -27, 77, 12, 55, 88, 30, 33, 6, -87, 60, -36, 44, 6, -84, 76, -80, -38, -9, -14, -35, -77, 54, 93, -44, -48, -29, 13, 32, -33, -66, 97, 11, -13, 38, -44, -81, 58, -46, -1, 13, 60, -44, 46, 75, -43, 31, 98, -51, -1, 96, -18, 58, -45, 62, -42, 61, 90, -90, 25, -6, -30, -30, -91, 54, 1, -84, 77, 82, -36, 70, -89, -50, 46, 43, 45, -37, 36, 8, -39, -22, -44, -43, 82, 51, -56, -64, -18, 7, 47, 93, 46, 10, -10, -42, -55, 63, -93, -2, -76, -40, -40, -22, 22, -84, -3, 92, 36, -9, -57, -18, -68, 27, 58, -11, 3, 50, -18, -96, 2, -7, 13, -54, 35, 71, 14, -88, 4, -27, 13, -85, 52, -25, 63, 18, 83, 38, 65, 74, 62, -86, -97, -35, -64, 56, 31, 37, 89, -37, -86, 97, 7, -47, -95, 80, -33, 30, -50, 33, 60, -92, 38, -7, 48, -3, -100, 94, 32, -93, 14, 6, -82, 47, 6, 93, -60, 59, 63, -93, 51, -95, 52, 5, -14, 61, 79, 19, -8, -18, -21, -51, -13, 5, 39, 84, -78, -43, -37, 87, 26, -75, 44, -91, -75, 33, 86, 9, -57, 65, -34, -3, 6, 40, -9, 6, -12, 1, -41, -25, -69, 61, -9, -42, 82, 30, -53, -23, 88, -76, 1, 51, 96, 11, -62, -74, -100, -83, -58, 18, 42, 76, 51, -24, 97, 12, 45, -60, 72, -89, 59, -37, -11, 46, -77, -11, -13, 11, 65, 67, -42, 57, -23, 59, 73, 51, -12, -7, -32, -79, 17, 62, -73, -72, 57, -32, -80, 90, -92, -55, -12, -63, -57, -88, 2, 92, -3, -30, -6, -23, 32, 68, -64, 70, -73, -45, 6, 40, 11, 47, 71, 76, -4, -51, -11, 81, 31, 28, -36, 76, 72, 29, -62, 35, 76, 45, 92, 9, 24, 42, 50, -24, 94, 1, 21, -74, -25, 33, -37, -6, 28, -73, 8, 2, 39, -84, -43, -72, -67, 11, -63, -73, 21, 58, 65, -9, -31, 32, 78, 41, 86, 26, -24, 53, 10, -30, -87, 6, 90, -41, -45, -97, 100, -73, 47, -26, -73, 95, -69, 69, 76, -16, 15, -66, 88, -82, 63, -34, 29, 26, 24, 6, 0, -22, 56, 2, 9, -37, -5, -100, 70, -14, 57, 59, 16, 83, -70, -81, 2, 41, -100, -12, -73, -1, 88, 84, 19, -38, 7, -43, 9, -45, 16, -57, 88, 37, -17, 26, 13, -30, 5, 39, -21, -100, 36, 79, 82, 88, -76, 64, -37, -41, 67, 4, -90, 48, -56, 5, 83, 97, -86, -96, 53, -38, 42, -14, -26, 0, -88, 2, -3, 59, 47, 21, -9, 51, 97, 35, 40, -65, 90, 40, 13, 78, -60, 58, -83, 21, 52, -81, -65, -14, -74, 10, 92, -63, -58, -72, -35, 76, 100, 80, -44, 11, -33, -99, -77, -75, 0, 6, -63, 81, -35, -33, 64, -5, 3, 11, -12, -46, -97, 11, 87, 14, -1, 88, 21, -55, -31, 29, 14, -4, 90, 20, 13, 28, 27, -10, 99, 83, -27, 12, 93, 94, -97, -97, 50, 13, -64, -55, -53, 98, -2, 57, 2, -79, 63, -44, 37, -26, 92, 8, 7, -80, -82, -82, -15, -62, 34, -12, -61, -99, 11, -10, 75, 93, 35, 21, -26, 35, -39, 63, 70, 76, -21, -81, -8, 42, -62, 45, 41, -19, 76, -75, 71, -70, -48, 9, 11, 20, -96, -89, -15, 32, 77, -61, 68, -48, -47, 20, -29, 79, -97, 41, -18, 5, 69, 35, 48, -14, 55, 20, 32, 5, -6, 52, -37, -67, -33, 84, -3, -62, -32, 53, -95, 59, -64, 97, 55, -66, -38, 74, 26, 28, -51, 49, 27, -44, 68, -68, 34, 17, 54, -17, -94, -85, 75, -21, -90, 53, -9, -27, -53, 3, -12, 21, -57, 16, 69, -17, -49, 28, 41, 56, 78, -24, -1, 25, 63, 81, 92, 1, -2, -72, -67, -14, -32, 0, -51, -11, -6, 59, 23, -73, -36, 29, -75, 77, 66, -60, -41, -31, 7, 76, 57, 98, 8, 59, -51, 36, -74, 24, -4, 28, -55, -64, -9, -93, 78, -58, -35, 96, -93, -65, -69, 70, 36, 96, -25, 72, -94, 78, -57, 21, -66, 54, -72, 62, -10, -14, -88, 100, 9, 89, 7, 100, 46, -72, -72, 59, -73, 9, -48, 56, -50, -76, -93, 25, -34, 91, -9, -84, 42, -3, -47, -37, -94, -26, -44, -57, 91, -13, -95, 67, 70, 68, 27, -48, -11, -36, -15, -15, 2, -64, 17, 47, -94, -85, 65, -99, 0, -80, 33, 72, 55, 42, -65, -42, 79, 78, -31, -87, 66, -40, 53, -84, -94, -83, 11, 18, -95, -18, -97, 2, -4, 91, -15, 30, -89, -84, 62, -46, 52, 48, -72, 88, 52, -56, -62, -42, 93, -21, -13, 24, 94, 8, -28, -71, -8, -70, 56, -9, 34, 41, 32, -100, -49, -28, 62, 22, 83, 69, -61, 8, -60, -38, -13, 38, 0, -3, -48, -88, -15, -36, -87, -9, -8, 35, 76, -54, 1, -27, -79, -31, 36, 95, -95, 59, -83, -26, -90, -73, -18, -33, 62, -19, -60, -99, 72, 21, 61, -98, 49, 74, -71, 42, 79, 88, -44, -13, 76, -91, 68, -62, 80, -83, 48, 36, -5, -92, 78, -57, 66, 30, -85, -44, 26, -40, -30, -4, -45, 24, -97, 59, 40, -43, -32, 21, -25, -15, 54, 4, -55, -34, -29, -8, 39, -40, 13, 64, 32, 67, -67, 66, 30, -33, -56, -86, 91, -60, -89, 1, 26, -66, -4, 17, -70, -75, 75, 60, -53, -19, -70, -98, 58, -12, 53, 77, 22, 24, 82, 44, 93, -62, -81, -17, 93, -69, -76, 82, -100, 36, 41, -33, 100, 62, 21, -25, 12, -39, -16, -22, 49, -53, 81, -28, 5, 8, 4, -22, -84, 53, -72, -97, -50, 41, 95, -54, 87, 72, 53, -43, -48, -35, 42, 91, 78, -52, -34, 10, 0, -25, -95, 54, -24, 87, 18, -100, -44, 6, -42, -100, -76, -67, -44, -52, 13, 39, 72, -73, 44, -16, -92, -83, -92, -36, 43, 90, -40, -100, 11, 4, 87, -86, -63, 78, 1, -44, 18, 71, -92, 60, -44, -89, 33, -68, 3, -98, -86, -1, -58, -46, -21, -3, -91, -70, 65, 22, -55, -83, -72, 73, 49, -31, -80, -4, -37, -6, -84, 70, 13, 11, -61, -29, 80, 31, 63, -39, 53, 40, -65, 66, 91, -9, -70, 7, -30, 28, 17, -84, 91, -5, -41, 12, -19, -65, 8, -78, -73, -82, -12, -36, -77, 38, -96, 75, -18, 76, -98, -85, -58, -59, 29, -53, -6, -3, 46, 37, 86, -62, 96, 51, -37, -51, 85, 42, 78, -43, 81, 23, 33, 84, -14, -69, 45, -47, -16, 61, 3, 57, -91, -12, 0, -65, 42, 90, -38, -90, 57, 82, -52, -4, 11, -34, -54, 78, 10, -56, 89, 87, -67, 82, 74, 2, -24, -19, -65, 15, 5, 53, -3, 49, -54, -43, 95, 71, 48, -52, -9, -75, -98, -26, -33, 75, -16, 66, 33, -75, -23, -45, -57, -85, -45, -58, 58, 78, -29, -71, 46, -31, -94, -19, -26, -28, 53, -19, -17, -21, 10, -86, 3, -97, -64, 24, 42, -74, 58, -51, 88, -19, 87, -35, -25, 63, -48, 85, -70, -93, -24, 98, 98, 97, -39, -25, -78, 44, 97, -10, -46, 76, -40, -89, -91, -73, -19, -26, -100, 53, -86, -11, -17, 42, -21, 11, -16, -79, 81, 78, -65, -20, 7, -23, -3, 63, -31, 63, 24, -19, -58, -11, -63, 81, -74, 25, 17, -43, -91, -49, -8, -40, -91, -26, -70, -98, 34, 21, -72, -57, 15, 90, -35, -46, 30, 95, 47, -27, 29, 1, 53, 63, 64, 60, -9, -30, 98, -1, -63, 76, 2, 89, -39, -65, 84, 100, 9, 49, -8, -20, 18, 45, -43, -12, -22, 95, 89, -39, -38, -93, -97, 17, -28, 52, 66, 21, 71, -82, 4, 21, -26, 68, 48, 28, 82, -53, 53, -24, 85, 93, 44, 87, 28, 97, 40, -75, -15, 4, -97, 61, -45, -76, -50, -59, 100, -7, 87, -34, 45, 86, -26, 29, -69, 55, 78, 61, -56, 100, -28, -93, -24, -96, -14, -83, -51, 93, 67, 80, -54, 75, 25, -66, -10, -5, -81, 78, 25, -16, -5, -90, 94, 0, -98, -20, 90, -24, -98, -93, -36, -24, 16, -82, -89, 61, 79, -65, -44, -100, 89, 9, -47, 50, 20, 40, -45, 62, -34, -49, -30, 23, 78, -35, 29, 63, -88, 64, -90, -70, 46, -33, -57, -100, -43, -61, -26, -65, 41, -44, -95, 43, -26, -11, -51, 63, -69, -42, 9, 93, 86, -74, 80, -45, -72, -14, 87, 86, 49, -90, -65, 7, -62, -79, 53, 51, -81, 6, 85, -34, -65, -87, 80, -91, 43, -43, -55, 13, -32, 18, -67, -33, 54, 36, -40, -26, 54, -44, -62, 41, 38, 38, 89, 49, -19, 56, 66, -98, -71, -48, -37, -8, 30, -17, -75, -82, -96, 44, -84, 54, 23, 81, 89, 97, 15, -47, -16, 21, 52, 87, -29, 26, 66, 47, 37, 85, -67, -45, -3, -52, -64, -59, -98, -94, 77, 95, -81, 12, -72, 100, -5, 0, 91, -83, -89, -26, -50, 41, -15, 25, 23, -26, 18, -80, -83, 12, 84, -98, -31, -89, 58, 87, 43, -32, 83, 49, -47, 31, -72, 8, -34, 100, 27, 21, -64, 36, -66, -8, 25, -100, 47, -39, 57, 14, 34, -80, 99, -77, -95, -96, -8, 20, 31, 21, 96, 28, 0, -34, -97, -56, -83, 1, -16, -63, 20, -84, 25, -44, 13, 35, -82, 73, -46, 7, 46, 79, 13, -33, -54, 12, 77, 4, -73, 52, -61, 92, -8, -21, 21, -32, 90, 25, 80, -36, 13, -85, 4, -94, -16, 34, 37, -5, 7, -99, -37, -53, -42, 97, -100, 81, -82, -54, -97, 30, 90, -58, 20, -68, -25, 60, 92, 10, 27, 44, 63, 87, -77, -92, -32, 36, -16, -50, -95, 29, 58, -95, 71, 22, -83, 100, -32, -92, 42, -20, 67, -21, -27, -16, 23, 67, 19, -100, -45, 24, -20, -89, 23, -70, -50, -32, 40, -43, -99, 30, -55, 17, -97, -26, 36, -21, -76, 11, -88, 97, -15, -35, 59, -76, 98, -25, 28, 43, 6, 9, -74, -84, -9, -100, -68, 67, -8, 21, 9, -90, 13, 39, 56, -24, 25, -86, 31, 41, -61, 70, 85, -70, -95, 44, 17, -8, -63, -33, -39, -5, -99, -33, -35, -33, -34, -59, 54, 5, -45, -5, -24, 37, -94, 65, 13, 51, -51, -78, -59, -44, -31, 7, 75, 89, -33, -45, 64, -81, 72, -68, 22, -18, 13, 33, -55, 38, -66, 64, 58, -95, -32, 55, 93, 6, 86, 28, -7, -31, -61, -94, 11, -13, -1, 13, -37, -39, 29, -38, -64, 67, -47, 32, 48, -51, -34, 12, -77, -38, 13, 19, 58, 93, 3, 50, 64, -26, -41, 22, 28, -48, -53, 17, 25, 98, -1, 36, 85, 79, -7, 13, -78, -22, 32, 59, 67, -85, -99, 43, 2, 52, 57, -75, 97, 69, -64, -17, 17, 74, -59, 11, -80, -87, 47, 1, -50, 19, -80, 99, 11, -67, 42, -24, -61, -76, -32, 79, -88, 2, -58, 99, 47, -73, 21, -17, -69, -12, 37, -84, -69, -39, 68, 31, -23, 36, -89, 63, -55, 74, -9, 9, 99, 34, -83, -26, 15, -10, -99, -51, -73, 10, 96, 64, -77, -25, 62, 55, 71, -10, -76, -64, 68, 93, -92, -74, 35, -19, -74, -65, 29, -14, 39, -19, 67, 48, 90, 28, 63, -16, 63, 43, -91, 50, -74, -80, 49, -10, 55, 79, 5, 76, -26, -14, -79, -19, 10, 23, 92, -5, -69, -72, -81, 93, 2, -28, -37, -76, 55, 41, -3, -40, 15, -4, -86, -89, -95, 24, 32, -43, 2, 29, -15, 60, -75, 48, -49, 74, -4, -70, 83, -17, -11, 56, 49, 70, 78, -76, 2, 94, 34, 84, 72, 41, -91, -1, -7, 13, -67, -59, -41, -25, -89, -54, -62, 20, 57, -68, 35, 41, -28, 29, -2, 29, 0, -88, -71, -95, 68, -93, -11, -7, -91, -7, 77, -68, -68, -64, -51, -68, 86, -29, -33, 58, 98, -13, 37, -81, -76, -30, 18, 62, 27, -92, -96, -24, 86, -58, 16, -12, -78, -41, -90, 24, 4, -35, -21, 67, -59, 70, 12, 82, 45, 13, -56, -78, 96, 27, -88, -42, 96, 61, -50, 36, -64, -19, -25, 35, 43, 16, 90, 50, -65, 92, -70, 55, 83, 33, -68, 78, -71, -29, -94, 27, 80, 49, -65, -79, 68, 85, -97, 7, -59, -86, 33, -87, 83, 15, 8, 94, 35, 88, -31, 98, 46, 84, -19, -67, 30, 93, 21, -60, -4, 40, 94, 42, 54, 98, 10, 48, -40, -77, 65, -82, 76, 96, -11, -93, -77, 45, -22, 41, -1, -90, -32, 46, -31, 32, 12, 26, 23, -70, 90, -74, -96, -72, 84, 85, -92, -34, -82, 9, 50, -54, 31, -43, -81, 34, -96, -8, -79, 94, 7, -79, 47, -77, 87, -57, -9, -63, -38, -54, -5, -33, 46, -99, -76, 30, -18, 25, -59, -43, 71, 89, 85, 35, -1, 87, -38, -51, -61, -47, 69, -75, 77, 45, -91, -44, -4, -7, 15, 41, -46, 89, -65, -94, -46, 70, 42, 12, -32, -96, -2, 58, -58, 82, -92, 38, 97, 60, -61, -5, -80, 4, -89, -71, -8, 43, 57, 75, 59, -62, 78, -22, -74, -99, 41, 38, 46, -42, 67, -26, 25, -84, -4, -69, 88, 28, -28, 46, -26, 100, 1, -89, 8, -17, 56, 26, -31, -57, 20, 92, -52, -15, 62, 34, 59, -86, -100, 67, -94, 49, 66, -84, -47, 27, -66, -38, 91, 42, 67, 18, 98, 54, -74, -80, 33, -80, 63, 76, -30, 62, 100, 98, -9, 33, 59, 76, 59, -87, 35, -69, -38, -1, 29, -51, 50, 90, -74, -23, -38, 20, 84, -48, -69, 18, 73, -43, -43, 44, 50, -35, -50, 96, -37, -74, 35, 35, -13, 63, 76, 12, 74, -9, 70, 76, -75, -84, 18, 93, 89, 20, -53, -60, 41, 27, 58, -67, 42, 95, -5, -35, -73, -21, -20, 58, 63, -10, -77, -18, 27, -90, 9, -82, 38, -24, -45, -37, 98, 88, -96, -100, 99, -49, 6, 62, 65, -57, -29, 31, 95, 89, -21, -39, -38, -69, 46, 70, 99, 30, 39, 72, 83, 57, 30, -91, -100, 88, 15, 90, 97, 35, 68, -65, -14, -56, 93, 34, -42, 86, -2, -73, -14, 49, 5, 69, -89, -91, 0, 14, 52, 88, -92, -6, 67, -71, -67, 45, 71, 4, 32, -91, -35, 24, -94, -61, -97, 12, -7, -35, -27, -62, 0, 64, -63, -63, -25, -6, -57, 16, -30, -59, -95, -97, -70, 41, 69, 17, -85, -62, -92, -69, 49, 65, -68, -46, -34, 56, -52, 85, 33, -98, 16, 3, 88, 25, 41, -82, -74, 73, -93, 32, 95, -21, -46, -37, -30, 37, -20, -48, 42, -90, -14, -11, 63, 59, -30, 42, -100, 98, -76, 49, -35, 51, 41, 40, -24, 73, -31, -30, 38, 28, 5, 34, 12, -36, 65, -65, -38, -81, 93, -26, -81, -75, 64, 82, -6, 57, -88, 51, -63, 91, -54, -2, -47, 88, -53, -61, 46, 48, -40, -100, 93, 85, 91, 29, -7, 89, -31, -20, 62, 92, -24, 32, 90, -60, 87, -45, 47, 42, -51, -99, 72, 23, 26, -77, 38, -25, -7, 40, -90, 100, 35, 90, -55, -42, 71, 89, 57, -2, 22, -72, -26, -17, 43, 56, 7, -98, 13, -47, -44, 27, 34, -87, 79, 98, -49, 95, 40, -46, 91, -56, -98, -22, -59, 24, 81, 16, 22, 87, -29, -52, 91, -33, -27, 89, -94, -72, 52, 10, -84, -33, -8, -99, 82, 96, 65, -11, -12, 34, -83, -19, -79, -14, -78, -89, 23, 47, -47, 89, -40, 75, -21, 36, -41, -16, 30, -17, 6, -48, -92, -79, 67, -36, 14, 19, -95, 48, -49, -30, -14, -76, 13, -79, 1, 47, -36, 94, 76, -5, 97, -27, -34, 86, -74, 39, -7, -23, 10, -77, 96, 34, -63, 4, -46, 82, 16, -62, 34, 7, 10, -85, 17, 63, -98, 10, 82, -14, 17, 89, 84, -11, 72, 51, -13, -76, -68, 38, -31, 36, -83, -57, -94, -12, 14, 1, 28, -18, -62, 28, -12, 33, 45, -72, 97, -19, 5, -86, 42, 72, 48, 22, -28, -52, 4, -52, 50, -47, 47, 39, 51, -85, 95, 59, -91, -27, 5, -98, -41, -7, 71, -25, 54, -9, 8, -85, -41, -33, 54, -56, -78, -93, 93, -85, 100, -75, -67, 31, -15, 22, 60, -12, 83, -60, 65, -16, -6, 37, 86, 15, 75, -22, -55, -12, -33, 50, 45, -33, 65, -78, -100, -64, 99, -43, 9, -78, 74, 9, -39, 80, 44, -71, -15, -47, 57, -74, 30, 61, -47, 18, 80, 10, 72, 45, 80, 85, -85, 9, 83, 70, 100, -63, 43, -41, -42, 11, 21, 13, -86, -83, -47, 61, -97, 49, -39, -40, -83, -58, -66, 43, 23, 58, 65, 48, 77, -86, 11, -17, 8, -37, -9, -80, 35, 88, -3, -48, 32, -83, -3, 55, -68, -9, 12, -84, -71, 39, 88, 84, 79, 89, -28, 45, -74, 7, -11, -94, -74, -56, -9, -58, 80, -26, -55, -35, -91, -87, -83, -84, 20, -76, -44, 80, 99, -77, 90, -100, 14, -75, 43, 58, 28, 95, -98, 42, -77, -25, 93, 77, 94, -79, -25, 46, -60, -40, 59, -74, -35, 88, 96, 55, 3, 71, -61, 89, 99, 8, -89, -15, 23, -34, 31, -29, -30, 40, 63, 48, -26, -33, -95, -22, 78, -65, -13, 25, -11, 53, 89, -34, 52, -77, 51, -20, -34, 22, -93, -59, 43, -11, -65, 96, 21, -10, -98, -19, -42, -96, -54, 6, 14, 29, -61, -9, -2, 64, -42, -11, -60, 0, -73, -71, 97, -13, -67, -6, -98, -90, -26, -96, -93, 54, 89, -35, 14, 45, -51, -25, 84, -55, -88, -84, -87, 24, -28, 37, -4, -83, 66, -51, 69, 31, 32, -66, 89, 79, -25, 34, 17, -5, -19, -54, -85, -1, 87, -6, -87, -97, 6, 40, -25, 97, -9, -95, 27, -94, 82, -73, -15, -96, 35, 22, -42, 93, 54, 81, 56, 1, -51, 77, 6, 83, -23, 31, 33, -14, 97, -20, -3, 31, -1, -1, 7, -83, 68, 71, -89, 24, 30, 77, -54, -5, 79, 41, -10, 21, 99, 0, -20, -62, -29, -11, -75, 28, 12, 34, -20, -77, -99, 5, 3, 87, -65, 39, -51, 21, -79, 52, 30, 54, 17, -7, 49, 5, 84, 23, -49, 37, 23, -73, 71, -55, 55, 81, 85, -47, 31, 76, -20, 47, -68, 56, -54, 94, -45, -7, -82, 59, -97, 33, -25, -18, 82, 89, 86, 96, 39, -63, -44, 50, 100, -43, 40, 21, 37, -44, -70, 86, -5, -19, -86, -56, 98, 82, 48, 83, -24, -72, 90, -30, 45, 21, -25, -26, -72, 82, -47, 93, 7, 90, -83, -32, 88, -30, -18, -78, 70, -36, -68, 26, -96, -78, 41, -23, -85, -35, -84, -49, 27, 65, 11, -97, -96, 38, 38, -80, -65, -64, -64, -98, -79, 96, 31, -23, -22, 47, -48, 83, -12, 31, 74, -62, -33, 88, 54, -12, 99, -60, 90, 55, -93, 78, 47, -99, 14, 87, 99, -19, 57, -56, -48, -83, -23, 23, -68, 61, 53, 67, -42, 47, -25, -3, 34, -82, 9, 64, -83, 77, 80, 92, -88, 39, -78, -93, 57, 22, -81, 26, 17, -40, 25, 5, 63, -75, -87, 57, 81, -65, -13, -19, 68, -39, -82, -87, -89, -24, 44, 92, -29, -10, -31, 3, 100, 14, -2, -97, -53, -50, -38, 7, 12, 68, 56, 50, -74, -66, -12, 60, 29, 43, -6, -63, 87, -42, -80, -71, 65, 99, 14, -92, 9, 79, 73, 4, -66, 32, -27, -54, 53, -26, 82, -21, -34, -85, -47, 79, 68, 10, -4, -96, 17, 71, -39, -32, -15, 13, -70, -48, 39, 66, -43, 32, 68, 87, 34, 82, -95, -89, -58, -16, -15, 71, 5, 68, -35, 84, 33, -6, 1, 20, 61, 55, -29, 34, -37, 82, -97, 60, 20, 66, -88, -55, -19, 36, 16, 20, 40, 67, -15, 14, -15, 6, -42, 76, 39, -27, -80, -90, -48, 66, 9, -38, -33, -98, -81, 100, -70, 5, 82, -32, -56, -69, -3, 12, -38, 77, 28, 18, -21, 46, 12, -66, 19, -59, 47, 94, 30, -25, 48, -81, -69, 13, -90, 9, -78, -91, 56, -50, -25, -12, -24, -38, -40, 77, 73, 57, 39, 31, -41, 53, 50, 62, 93, -72, 42, -57, -95, -22, -81, 36, 66, 87, -73, 24, 69, -61, 83, 93, 67, -58, -32, 84, 39, 81, -44, -65, 83, -60, -8, 98, 60, 50, 31, -54, -25, -44, 47, -41, 55, 20, 60, 41, -96, 64, -1, -27, 92, -31, -51, -50, 82, -6, -68, -98, 64, 20, -83, 0, -97, 97, 99, -45, -87, 99, 63, 30, -35, -65, -24, -94, -47, 1, -75, 48, 34, 99, -70, 88, 15, 18, 38, 75, 39, -9, 23, -12, 81, -49, -8, -68, -82, -93, 58, 68, 84, -50, -24, 55, 65, 44, 85, 29, 99, -72, -13, -2, 28, -69, 25, 39, -26, 19, 33, 22, -52, -59, -27, 79, 13, -33, 94, -90, 86, -23, 43, 47, 45, 43, 76, 32, -85, 43, -52, 27, -14, 68, -69, -85, -23, -60, -86, -83, -73, 9, 1, 16, -52, 30, 34, -9, -21, 3, -3, 79, -57, 46, -62, -68, 62, -14, 90, 88, 17, 0, 92, 80, 3, -3, 35, -72, -26, 7, 68, -30, 87, 21, 31, -62, 80, -10, 95, -60, 3, 84, 23, 48, 67, 35, 83, 24, -87, 75, 23, -36, 92, -45, 25, 69, -39, -49, 41, 40, -47, 15, -90, 16, 94, 35, -80, -3, 8, 86, 63, 19, 69, 39, -25, 17, 2, -44, -26, 97, -88, 83, -71, 44, 10, 21, -99, 31, 83, 20, -12, 17, 66, -58, 10, -34, 43, 47, 30, 63, 31, -18, -33, -92, -9, -63, -76, 33, 58, -11, -13, 38, -54, 8, -61, -8, 40, -2, 44, -5, -30, 2, 22, -47, 37, -37, 86, -6, -35, 81, 0, -28, -7, 15, 4, -5, 0, 32, 80, -91, -80, 72, -85, -30, 17, 72, -32, -50, -91, 25, 8, 74, 87, -74, 69, -88, -31, 75, -16, -76, -51, -69, -91, 45, 91, 12, -83, -19, -42, 80, -14, 75, 18, 58, 28, -42, 32, 60, 13, -27, 85, 65, -81, 26, 27, 72, -57, -88, -40, -74, -62, 65, -50, 75, 4, 57, 96, -27, 87, -74, 57, 99, -52, 4, -38, -51, -91, -49, -87, 66, 75, -50, -77, -65, -100, -77, 40, -36, -22, -83, -12, -89, -82, -7, 23, -89, 66, -94, 40, -75, -37, 55, -25, -15, -84, -26, 15, -45, -60, 28, -89, -55, 29, -51, -37, 36, -1, -73, 54, 30, 15, -73, 31, 14, -96, -48, -36, 62, 83, 98, 1, 82, -60, 27, -30, 8, -34, 18, 79, -40, -70, 33, 1, -48, -17, 59, 64, 65, -11, -35, 73, -26, 46, -84, 3, 45, -77, -10, -74, 10, 23, -36, 15, 85, 94, -42, 38, 45, -37, 87, 54, -87, -27, -28, -17, 14, 48, -81, -44, -79, -69, -39, 38, 36, -64, 72, -8, 14, 51, -84, 69, 84, 76, 41, 16, 79, 73, -67, 97, -7, -61, 25, 73, -94, -51, -56, 54, -1, -23, -3, 9, 42, -69, -63, 19, -19, 82, -17, 7, 24, -8, -40, 34, -94, 25, 25, 49, 26, 14, -52, 30, 92, -1, -62, 12, 65, 3, -88, 75, -68, 48, -43, 15, 55, 76, -11, 20, -77, 43, 35, -34, -30, -65, -68, 45, 32, -54, -66, -34, 37, 87, 61, 4, -98, 66, 54, 6, 13, 90, -68, 60, -100, 95, -80, -81, -41, -12, -14, -51, 15, -72, 56, 17, -40, -40, -14, -25, 83, 42, -83, 91, 99, 61, 10, -67, 35, -50, -85, -72, 19, -60, -14, -50, 72, 56, 88, 2, -19, 41, 50, 32, -31, -39, 69, 46, -27, 48, -16, 63, 66, 96, -15, 69, 15, 88, 47, 86, 43, -93, 68, 54, 76, -49, -98, -65, 35, 10, 39, -77, -1, -70, 32, 41, -8, -41, 78, -11, 23, 43, -19, 29, 79, -5, 30, 77, -53, 45, -100, -1, -45, 9, -33, -46, -38, -11, -53, -91, 92, 4, -81, -98, 29, -87, -68, 85, -95, 68, -58, 85, -10, 45, 63, 78, -15, 49, -45, -8, -72, -43, -25, 31, -68, -43, -66, 80, 2, -81, -83, 35, -29, 17, -14, 70, 46, 70, 50, 61, -40, 44, 34, -22, -83, -78, -39, -67, 60, -16, 41, -49, 32, -51, -58, -87, 20, 28, -94, 20, 88, 14, 65, 80, 46, -46, -53, 66, -12, 79, -17, 85, -48, 59, -88, -31, 47, 81, -28, 94, -15, -40, 30, -18, 33, -92, -57, -94, 31, -95, -44, 73, -93, -96, 100, 80, -6, 83, -67, -14, 23, 58, 69, -74, 88, 61, 100, 52, -30, -62, -86, -76, 39, 95, -36, 34, 37, -37, 90, -91, -83, 78, 12, 61, 52, 8, -27, -96, 50, -15, 20, -82, 28, -18, -99, -91, -79, -92, -39, -7, 72, -60, 6, -67, -7, -19, -86, 76, 69, 68, 3, 58, 38, 26, -16, -23, 65, 70, -89, -34, -50, -38, 83, 37, 22, 99, 93, -71, 79, 65, 76, 20, 77, -86, -78, -30, -25, 5, 19, 28, 16, -23, 55, -75, -43, -28, -67, 62, 42, -9, -96, 88, -83, -38, 88, -70, 21, -49, 9, -22, 20, 30, -4, 21, 59, -55, -82, -64, -76, -66, 59, 68, -32, 33, 41, 80, 91, 100, 20, 38, -9, 34, 49, -96, 15, -94, 9, 74, -55, -53, 14, 24, -31, -63, -59, -80, 82, -14, 20, 61, 76, -75, 27, 88, 20, -70, -45, 82, 0, 46, -14, 98, 49, 49, -60, 98, 46, -5, 35, -98, -8, 35, 34, 86, 35, 35, -4, 87, -27, -69, -25, -29, -79, -51, 42, -20, 29, -34, 42, 7, -80, -67, -18, -3, 44, -92, -81, 58, 69, 17, -87, -28, 52, -58, -76, 55, 59, -99, -65, 99, -72, 71, -3, -13, 75, 42, -16, -46, -23, -52, -15, 28, -61, 40, -99, -5, -17, 41, -43, 40, 1, -86, -95, -64, -98, -52, -83, -64, -63, -65, 27, 6, 20, 63, 88, -82, -39, -10, -17, -62, -30, 32, -67, 5, 34, 47, 66, -34, -24, -85, -65, 62, -51, 93, -56, 96, -64, 15, 66, -2, 68, -68, -47, 17, 98, 0, -44, -26, 68, 18, 25, 50, -18, 27, -10, 17, 55, -73, 58, 26, -7, 88, -22, -54, 97, -13, -46, -16, 43, -13, -53, -35, 78, -37, 58, 16, -68, -56, 8, -100, -3, -9, -69, 43, 3, -28, 66, -33, 17, 70, -79, -90, -97, 92, -93, -50, -17, 5, -83, 53, 57, 0, -26, 85, -2, -86, -17, 33, 23, -57, 7, -90, 53, -40, -95, -62, 100, 94, 94, 52, -76, -31, -32, 15, 85, -5, 32, -25, 100, -9, 98, 32, 35, -23, -100, 3, -29, -25, -53, 79, -64, -73, -87, 40, -92, -99, -46, -92, -50, -96, -28, -70, -54, -3, 4, -93, 41, 35, -78, 59, -7, -64, -69, 61, 42, 49, -32, -45, -24, 77, -97, -38, 47, 77, -50, -61, 30, -97, -51, -90, -8, -75, 86, 85, 30, -2, -19, -71, -65, 4, -19, -72, -69, 9, 96, -88, -73, 51, 88, 74, -67, 35, -12, -52, 17, -52, 32, 52, 51, 11, 48, -92, -83, 32, -55, -52, 52, 66, 87, 63, 41, 41, 51, 49, -25, 64, 61, -27, -48, -1, 31, -78, 82, -18, -23, -27, -47, 64, 92, 29, -21, 16, -82, 99, 9, 70, 88, -33, 47, 25, -4, -21, 50, -87, 33, 45, 70, -24, 12, 5, 37, 34, -52, -90, 60, -32, -30, 12, 19, -94, -48, 27, -24, 50, -86, -18, -20, 38, -44, -69, 64, 84, -63, -90, -12, -61, 75, -71, 30, -58, -92, 32, -94, 20, 95, -8, -63, -96, -60, 9, 63, -20, -52, -17, 36, -66, -11, -15, 31, 95, 35, -23, 11, -23, 66, -72, -5, 53, 98, 82, 20, 88, 9, -34, -40, 10, 12, 63, -30, 98, 32, -99, 27, -86, 77, 88, -9, 90, -33, -72, -97, 59, -92, -52, -66, -20, 73, 40, 68, 12, 21, 75, -4, -74, -62, -6, -23, -7, -37, 56, -74, -3, -99, -84, 84, 45, 64, -8, -15, -67, 41, 44, 17, 67, -99, 53, 2, -93, -56, 78, 91, -57, -35, -97, 26, 13, 81, 66, 54, 16, 78, -22, -81, 52, 23, -82, -28, 92, 33, -32, 75, -14, -23, 20, -57, -92, 80, -15, -16, -23, 17, -65, -92, -22, -88, -4, -11, 10, 94, -27, 56, -40, 75, 53, 29, 0, 25, -48, 57, -19, -58, -57, -67, -6, 93, -23, -6, 71, 66, 57, -45, -4, 90, 59, -29, -37, 57, -72, -18, -95, -74, -65, -73, 47, 32, 33, 97, 45, -24, -58, -69, 52, 33, 97, 19, -90, -69, -94, -58, -97, 82, -21, -56, 17, 23, 73, 59, -99, 24, 11, 15, -45, -63, -44, 88, 74, 64, -43, 98, 2, 8, -63, 92, -20, 35, 4, 89, 64, -26, -90, 34, -8, 32, -29, 31, -86, 36, -83, -82, -95, -39, -27, -64, 33, 44, -59, -99, 37, 22, -17, -95, -2, -37, -63, -92, 44, -94, -94, 85, -1, -20, -48, 71, 76, -20, -96, 92, 99, -76, -18, 99, -98, -49, -46, 29, -44, -47, -60, 58, -97, -41, -26, -29, 88, 46, 81, 9, 14, -47, -39, 68, 13, -66, -98, 50, 97, 83, -9, 38, 85, -91, -13, 54, 34, 27, -84, -79, 23, 12, 23, 46, -90, -91, -50, 14, -57, -8, -72, -9, 44, 54, 97, -4, -62, 1, 56, -25, 46, -67, 21, -50, -31, -54, 78, -72, 71, -80, 70, 84, -54, -35, -86, -6, 17, -13, 92, 6, 100, 92, 29, -1, 5, -92, -73, 32, -18, 60, -96, -67, 57, -37, 96, -20, 39, -91, -12, 38, -70, -18, 66, 71, -20, -22, -21, 27, -9, 77, -59, -64, -38, -90, 34, -35, -36, -56, 41, 64, 10, -76, -61, -79, -100, 60, -17, 8, 11, 65, -29, -49, 80, -27, 21, 77, 37, -19, -82, -39, 5, -13, 21, -45, -97, 14, -47, -65, -93, -90, 27, 72, -64, -35, -43, 42, -14, 6, -13, 28, -5, 46, -62, 63, -52, 80, -60, -48, 78, 9, 43, 94, 65]
Subarray found: [34, 27, 49, 66, 65, 94, -19, 87, 42, -58, -84, -24, 26, 38, 29, 50, 74, 10, -81, -1, -47, 20, -80, -42, -64, 16, 52, 88, 43, 45, 90, 95, -85, 83, 46, -15, 67, 32, -92, 48, 54, -92, 33, -62, -1, 9, 22, -59, -11, 11, 16, 46, 71, -44, 29, -16, 35, -50, 68, -9, -45, 81, -93, 72, -84, 98, -41, -53, -94, -4, 97, -59, -14, 0, -63, -82, -30, -48, 72, -4, -25, -5, 56, 9, -47, -5, -81, -27, 30, 45, -99, 60, 50, -66, -25, -16, 81, 40, 44, -8, 1, 15, -77, 41, -83, -61, -21, -11, 67, -36, -22, -97, 60, 17, 60, 93, 25, -62, -46, -71, 52, 19, 59, 100, -76, 65, -61, 24, -90, -9, -90, 77, 100, -60, -7, -29, 65, 63, 72, 91, 46, -66, -66, 92, 19, -23, -24, 41, 50, 85, -31, 9, -67, 97, 64, 98, 23, 67, -69, -7, 15, -59, -67, 75, -51, -2, -86, -30, -86, 84, -80, -17, 100, -70, 89, -64, 56, -81, -41, 22, 55, -96, -98, 5, 46, 78, -34, 67, 20, -83, 35, -93, -38, 11, 37, -47, -39, -47, -12, -83, 49, 47, 16, -36, -85, -59, -80, -14, 28, 66, -99, -81, 61, 0, 57, 66, -14, -69, -45, 98, -30, 18, 93, -1, 55, -56, -81, 89, -62, -45, -71, 55, 12, -73, 77, -81, 35, 2, 69, -98, 63, 74, -45, -54, 58, 86, -87, -49, 7, -16, 66, 86, -86, -48, 17, 95, 28, 21, 51, -33, 61, -39, -12, 88, -51, -42, -48, 90, -6, -83, 52, 17, -10, -16, 28, -29, -48, 13, 97, -99, 2, -28, -78, 76, -42, 7, -96, 47, 61, 61, -70, -98, 8, 100, -6, -7, -79, -71, 14, 72, -30, 83, 69, -45, 72, 57, -7, -50, -32, -54, -19, -31, -80, -17, 36, 14, 69, 77, -42, 78, 94, -58, -43, -35, -71, 84, 84, 76, -22, -11, 58, -47, 96, 52, 7, -19, -12, -30, 33, 36, -98, -90, 13, 44, -61, -81, 30, 88, 29, 69, -40, 53, -21, 66, 17, -49, 10, -4, 95, -62, 69, -58, -60, 54, 47, 72, 46, 41, -48, -3, -28, -38, -61, -55, 32, -24, -71, -88, 80, -13, -15, -100, 11, -88, -55, 65, 67, -5, 86, -80, -15, -54, -15, -97, 7, 83, 73, -92, -77, 98, 0, -44, 68, -1, -96, 74, -46, -67, 21, -49, 63, 97, 16, 43, -38, -27, -67, -53, 24, -34, 84, -39, 36, -66, 9, 64, 59, 25, -15, 67, 28, -29, 49, -85, -83, 82, -49, -88, 61, -42, -30, -16, 0, 22, -89, -4, -64, -3, -30, 78, 0, 72, -85, 12, 60, -36, 88, -100, 30, 44, -94, 72, -29, -34, 95, 5, 65, -64, -56, -27, -5, 28, -28, 90, -37, 4, 34, 0, 90, -83, -11, 79, 87, 93, -5, 90, 56, 34, 14, -44, -9, 51, -53, 50, 81, -87, 85, 5, 7, -85, 85, 92, -84, -11, 2, 80, 89, -46, 10, 97, -84, 73, -65, 49, -76, -85, 13, 35, 5, 6, -40, -56, 0, 61, 18, -16, -74, 20, -10, -46, 88, 53, 51, -88, 43, -19, -84, -13, 45, 17, 3, -47, -34, 37, 93, 74, -58, -15, 56, -73, -5, -89, -56, 74, 57, -53, -79, 62, -53, 65, 62, 32, -19, 52, -4, -92, 56, -8, -34, -97, 0, 7, 84, 60, -91, -77, 87, 1, -16, 2, -54, -44, -22, 92, -95, 42, 64, 68, 78, 54, 96, 27, 84, -55, -27, 45, 51, -79, 6, -67, 80, 37, -13, 36, 95, -57, 47, -80, -29, -1, 89, -9, 10, -77, 63, 51, 33, 66, 57, -34, 37, 94, 85, 63, 33, 8, -67, 26, 100, -65, -72, -63, -23, 45, -63, 99, 11, -54, -73, -80, 89, 100, 8, -26, 35, 63, 80, 65, 35, -13, -69, 7, -6, -53, 19, 38, -83, 87, 69, 26, -94, -93, 77, -90, 76, 6, 41, 2, 15, -99, -21, -21, 84, -31, -42, -58, 68, 28, 43, 29, 20, 63, 69, 85, 35, 54, 82, 53, -98, 75, 43, -93, 15, 12, -22, -69, 65, 58, -69, 36, 57, 21, 14, 7, 67, -79, 93, -88, -100, -70, -27, -17, 56, 81, -87, 79, -34, 80, -4, 93, 54, 63, 90, -21, 6, -47, 40, -35, 2, 88, -71, -42, -66, -69, -50, 46, 68, 28, -17, -56, -61, 79, -42, -74, -13, -21, -61, -39, 36, 69, 73, 3, 90, -2, -71, -26, -87, -97, 21, 100, 41, 36, 95, -15, 34, -46, -28, 27, -23, -56, 53, 48, -33, 1, -15, 15, -90, -57, 0, 57, 79, 70, 69, -27, 2, 52, 33, 9, -36, -27, 11, -58, -66, -76, -47, 3, -14, -79, -59, 96, 7, -90, 36, -16, -49, 76, -73, -50, 27, 78, 79, 59, 41, 68, -89, 77, 49, -19, -26, 21, -65, -8, -93, -100, 17, 34, -91, 49, -50, 86, 24, -1, -33, -96, 52, 20, -61, 44, 94, -5, 63, -6, 84, -85, 80, -61, 87, 24, 21, -61, 96, -1, 88, 2, 86, 47, 7, -81, -38, 52, -39, 20, -47, 0, 91, 94, 89, 1, 27, 44, 24, 63, -100, -11, 67, 63, 89, 27, 89, 7, -88, 5, 54, 23, -61, 32, 86, 96, 98, -68, 9, -68, -60, -74, -79, 47, 71, -50, -94, 9, 82, 77, 8, 9, 68, -72, -32, 75, 63, 7, 69, 28, -24, 60, -61, 36, 96, -12, 18, 89, 47, 75, 49, 14, 16, 36, 6, -60, 79, 45, 90, -65, -94, 18, 29, -20, -31, -23, -92, -100, 62, 7, 87, 1, -51, 23, 95, 3, -2, 81, 27, -19, 52, -62, -81, 91, 75, 43, 69, -2, 10, 41, -61, -34, 21, -51, -97, -6, -46, 61, -79, 89, -66, -26, -87, 24, 26, -72, 44, 39, -75, -36, -20, -48, -28, 10, 84, -43, 41, -53, 81, 2, 69, -1, 98, -46, 15, 26, -83, 0, 20, -30, 84, -94, 28, -29, -79, -68, -4, 39, -44, 100, 11, -73, 92, 74, 45, 56, -1, 33, -58, 95, 11, 4, -28, 25, -72, -96, -9, -69, 32, -82, 24, 43, 87, -40, -15, 70, 15, 44, -81, 84, 82, 1, 43, 80, 88, 62, 12, 38, -58, 42, -52, 69, -56, 95, 51, 39, -78, 65, 89, 52, 37, -24, 18, 33, -7, 2, 69, 9, 100, -82, 85, 58, -30, -73, 74, -62, 44, -61, -85, 46, 1, -67, 74, -1, 76, 41, 62, -78, -21, 59, 81, 17, -61, 0, 99, -67, 38, 94, 81, -87, -68, -26, 50, 72, 79, -83, -95, 39, 8, -47, -99, -51, 89, -18, -48, -49, -33, 52, -17, 4, 17, 86, 44, -32, 65, -23, 7, 39, 36, -56, 16, -99, 27, 34, 83, -26, 73, -46, 23, 8, 47, 33, 95, 24, -81, 76, 19, 61, -18, 46, -47, -74, 47, -15, -81, -4, -32, -98, -78, 62, -1, -80, -88, 45, -4, -90, 80, -100, -18, 32, -98, 53, 76, 100, 82, 14, 86, -40, 14, 71, 57, -18, -23, 75, 88, -61, -42, -78, 84, -56, 65, 56, -99, 10, -85, -55, -72, 27, 55, -82, 54, -93, -74, -26, -35, 29, -11, -92, -65, -17, 42, -83, 72, -54, 46, -80, -16, -29, -58, -23, -27, 87, -54, 97, 39, 55, -50, 78, -31, -35, -59, -79, -70, -14, -19, 50, -89, -12, -85, -7, -98, 73, -77, 20, 29, 83, -50, 68, -96, -67, -69, -5, 33, 14, 48, -50, -84, 66, 72, 38, 89, 81, -5, -13, 0, -17, -40, -14, -76, -96, 19, 9, 62, 25, 60, 97, -30, -76, 66, 88, -35, 60, -12, 87, 43, 35, -31, -43, -21, -11, 40, 62, 58, -18, 71, -45, -22, -83, -100, -64, 71, 44, 31, -82, 31, -14, -83, -24, -8, -25, -83, -20, -53, -71, 35, -66, -32, -80, -90, 75, -96, -38, -30, 78, -13, -99, 26, 37, 25, -27, 92, 31, -81, 78, 62, 31, 18, -37, -91, 55, -52, -22, -85, 44, 7, 13, -54, -37, 3, -52, 4, -16, -22, 56, -38, -58, 22, 51, 87, 48, -10, 10, -78, 90, 70, -27, -59, -39, 64, 6, 50, 23, 7, 41, -9, 46, -34, 78, -57, -85, -7, -8, -83, 9, 75, 35, -61, -76, -38, 77, 23, -33, 4, 43, -61, 15, 51, -58, -82, -24, -62, 38, 98, -60, -24, -5, -78, -55, 30, -100, 61, 57, 53, -37, -46, -52, -5, 49, -10, -41, -56, -61, 54, -92, 99, 43, -56, 33, 3, 16, -35, -100, 81, -91, 88, -10, 26, 52, -25, -49, 4, 88, 4, 27, -23, 57, -34, -99, -32, 48, -29, -30, 77, -38, -42, -43, -41, 54, 14, 81, -41, -27, 41, 36, 30, -94, -99, 20, -79, 90, -84, 17, -29, 26, -43, 0, -10, -57, 41, -92, 42, 71, 69, -79, -94, 53, -19, 53, -57, 63, 17, -31, 83, 51, -40, -89, 97, 77, -54, 6, 22, 87, 61, 90, 72, 56, -70, -94, -7, -24, -49, 40, -94, 34, 14, 7, -74, 35, -25, -12, -36, 40, -50, 83, 44, 44, -42, 38, -77, 58, 29, -91, 80, 37, -66, -37, 34, 26, 11, -78, -23, -55, 59, -93, 45, -16, 83, 81, 30, -28, 13, -86, 11, 11, 69, -4, 51, 54, 18, 76, -89, 28, 46, 38, -36, 73, 49, -33, 75, 22, -72, 50, 80, 76, -93, 16, 94, 98, -86, 71, 9, 95, 84, -99, -45, 4, -41, 64, 23, -3, 63, -20, 68, -58, 90, 38, 87, -100, -82, -12, -19, 33, 64, -87, 56, -7, 64, 79, -99, -89, -60, 57, 89, -11, -21, -11, 16, 29, -12, 58, -38, -24, -52, 17, 66, -87, -30, -35, 34, 99, 82, -77, 63, -72, 66, 100, 63, 82, 84, 35, 99, 34, 35, -87, 9, -87, -87, 23, -78, -72, -52, 64, -28, -38, -5, -32, -33, 67, -85, 32, -34, 76, 28, -63, 78, -41, 1, -97, -99, 86, 56, -73, 69, -3, 91, -25, -12, -60, 20, -57, -47, 39, 62, -89, -5, 69, -31, 12, -19, 72, 43, 12, 98, -26, -91, -97, 69, 44, 20, 31, -41, -67, 51, -31, 62, 89, -48, 12, 41, 28, 14, 82, -88, 80, 65, 88, 79, 17, -6, -37, -59, 98, 45, -68, -96, -87, -92, -49, -34, -39, -47, 22, 0, 3, -99, -71, -96, -54, -53, -57, -56, -42, 99, 92, -16, 28, -43, 95, 95, -29, 39, -40, -84, -60, 85, 97, 39, 16, 65, 70, -53, 82, 19, -86, 6, -91, 28, 90, 51, 75, 33, 13, -15, 56, -84, 3, 22, -96, -8, -68, -34, -100, 78, -69, -75, 26, 45, 38, -9, 3, -29, 93, 55, -36, 86, -24, 67, -98, 63, 69, 91, -88, -22, 75, 1, -90, 9, 22, 33, 61, 96, -88, 24, -3, 45, -74, -54, -25, -76, -4, -97, -61, 12, -71, 34, -74, 10, 4, -25, 60, -98, -44, -10, -39, -65, 28, -83, -62, -23, -78, -54, -54, 25, -64, -61, -15, 45, 65, 21, -19, -95, 44, -87, 23, -6, -17, -18, -18, -3, 69, -84, 93, -69, 4, 25, -64, 24, -7, -8, 15, 20, 98, 74, -81, 46, 14, -21, 15, 69, 23, -21, 41, -20, -83, 45, 5, -44, 89, 70, 48, 91, 49, -85, -66, -19, -30, 57, -50, 19, 61, 91, -46, -67, -59, 52, 95, 69, -39, 20, 46, 13, -71, 80, 99, 84, 27, 5, -99, 5, 2, -20, 81, -93, 40, -85, 47, 68, 89, -58, -59, -33, 91, -78, 80, -95, -70, 75, 30, 20, 22, -10, 68, -98, 73, 52, 100, -73, 90, -69, -91, 23, -72, -47, 52, 71, -99, -38, -83, -88, 70, -85, -68, 22, 68, -51, -68, -51, -36, -35, 60, 59, 86, -63, 18, -72, -38, -23, 88, -34, -53, 70, -26, 76, -40, -64, -56, -25, -32, -55, -51, -52, -42, 33, -59, 49, 37, 28, 61, -57, 35, -26, 28, -69, 94, -26, 56, 41, -35, 3, -35, 50, -86, 11, 43, -40, -21, -89, -41, -30, 22, 56, 89, 27, 74, 45, -69, -26, -100, 65, -11, -41, 92, -43, 15, 15, 92, -89, 64, -22, -29, -36, 0, 77, 67, -65, 70, -100, 75, -63, 74, 60, -55, -55, 45, -79, 6, 79, -93, 34, -22, 36, 45, 25, 12, -6, -15, -23, 18, 75, 77, 70, -49, 45, -100, -69, 7, -61, -3, 85, 52, 75, -99, -65, 59, -54, 43, 92, 2, -87, 24, -51, 66, 45, 13, 76, -97, -66, 52, 38, 100, 4, 32, 66, 83, -100, -85, -8, -22, -75, -76, -6, 30, 42, -83, 64, 72, -57, 49, -39, 9, 91, -53, -47, -96, -38, -22, 61, 20, -63, 86, -75, -93, 10, -70, -24, 7, 16, 93, -40, -10, -75, 83, -30, 6, -49, 26, 9, -42, -63, 99, -60, -64, -83, 86, -79, 30, 54, -32, 92, 77, -8, 77, -31, -4, -77, 15, -57, -1, -72, -78, -65, 37, 90, -34, 7, -43, 52, -4, -98, 58, 34, -80, -9, -61, -72, 11, 75, 13, 2, -19, 97, -50, 60, 58, 0, -45, -80, 1, -60, 0, -56, -89, -91, 30, 10, 16, 98, -13, 77, -52, 62, 4, -16, -49, -99, 31, -44, 25, -94, 78, -58, 64, 70, -17, 49, 14, 54, 23, -81, 76, 45, -40, -98, -74, 8, 31, -45, -59, 63, 92, 28, -21, -55, -76, 71, 92, -24, -54, -11, -43, -100, 62, -94, -11, -51, 5, -42, 51, -72, 25, 39, 67, -68, 26, 61, -41, -80, 72, 22, -90, 21, -70, -14, -27, 82, 52, 2, 86, -38, 61, 79, -28, -97, 25, 17, 86, 76, 71, 26, 54, 96, -38, -14, -48, 70, 65, -6, -73, -11, 35, 93, -6, 87, -21, -52, 61, 63, 6, 94, 60, -5, -13, 99, 11, 17, -35, -15, 36, -29, 6, 97, -35, 0, 84, -93, 95, -6, 15, -55, -94, 5, 53, 55, -58, -35, 67, 43, 32, 87, 95, -81, 53, -67, -48, 33, -48, -42, 74, 31, 75, -39, -28, -83, 27, 62, -93, -43, 36, -45, -25, 6, -82, 87, 73, -77, 80, -1, -60, -37, 74, -37, 93, -77, 76, 88, -21, 62, 37, -19, -16, -59, 20, 84, -61, -19, 45, 65, 75, -72, 12, 62, -86, -41, -66, -40, 16, -20, 28, -48, 26, -7, -14, 77, 86, 18, -71, -17, 52, -60, -72, 12, 68, 87, -94, -92, -88, -53, 66, -25, -83, -41, -57, 14, -79, 47, 54, -4, -21, -34, -35, 63, 92, 60, 42, -59, 22, 79, -38, 78, 13, -79, -35, -4, -70, 91, 99, 32, -74, 46, 7, 49, 31, 30, 81, -19, 89, 55, -75, 4, -68, 87, 0, -96, -82, 35, -52, -63, -51, 87, 54, -75, -47, -20, 14, 50, 76, -3, -40, -20, 42, -20, -86, -93, -13, -22, -68, 45, -29, 36, 3, -66, -46, -44, -32, -59, 61, -71, 31, -18, 81, -67, 13, -88, 96, 41, -3, -100, -21, -80, -70, -2, 33, 84, -95, 51, -16, 32, 68, 28, 41, 59, -87, 94, 5, 64, 8, -50, -30, -84, -20, -48, 58, 38, 93, 59, 12, 38, 96, 97, -9, -36, -59, -42, -89, 24, -93, -10, -10, 88, 57, 15, 6, -37, -27, 36, 92, -46, 88, -57, 85, -74, 10, -73, -18, 37, -14, 69, 82, 93, 4, 17, -71, 20, -40, 24, -71, -80, 3, 47, -94, 19, 30, -36, 96, -8, 6, 35, 67, -11, -56, 7, 79, -28, -22, -19, -61, -59, -67, -21, -8, -12, -4, 79, -45, -20, 51, 71, 27, -94, -2, 31, 84, -7, 85, 30, 35, -42, -32, 39, -68, -34, 90, -84, 33, -6, 43, 81, -51, 9, 100, 25, -75, -13, 46, 63, -41, -66, 23, 53, -13, 42, -84, 16, -23, -54, 33, -100, 84, -54, 23, 58, 28, -24, -72, -29, -29, -18, 43, 0, 92, 91, -8, 55, 93, -65, -49, -75, 1, 33, -65, 15, -43, -79, -29, 55, -11, 51, 95, 56, -61, 64, -87, 49, 61, -69, 18, 70, 72, -67, 66, 57, -6, 31, -24, 46, -85, 6, -89, 71, 19, 2, 42, -46, 88, 6, 2, 47, 83, 14, 93, -81, -91, -10, 100, -2, 32, 8, 81, -94, -26, -24, 91, 53, 36, 49, 91, -19, 45, 59, -37, 91, -37, 53, -4, -62, 94, 39, 20, -6, 0, -70, 56, -69, -40, -25, -91, -26, 62, -46, -55, -34, 4, -57, -16, 42, 15, 97, 36, 41, 97, -100, 61, 6, 63, -38, -83, 34, -1, -1, -93, -17, -9, 35, 52, 99, -62, -43, 85, 86, 74, -4, -15, -57, -94, 13, 31, 15, -13, -86, -71, 79, 36, -43, 69, -61, 65, 22, 61, -96, -65, -57, -55, 55, -33, -60, -27, -100, 1, 42, 64, -94, 67, 98, -64, -55, -35, -87, 57, -8, -54, -72, -9, 18, 76, -30, 96, 88, -51, -54, 24, 59, 61, -1, 75, -29, 30, 3, 57, 67, -66, 31, 83, -41, 63, 26, 36, -94, -56, -82, -87, -51, -81, -71, 89, 54, 56, 14, 11, -68, 75, -61, 96, -32, 18, 86, 18, 4, -93, 88, -81, 50, -27, 91, 19, -47, -92, 8, 62, -38, 79, 82, 20, 41, -72, 41, 27, -49, -4, 62, -80, 89, 98, 41, 76, 96, -4, -38, 31, -27, -74, -41, -8, 65, -85, 72, -28, -24, -17, 72, 87, 91, 37, 93, -91, -18, 35, -29, 76, -51, 50, 74, 9, -97, -65, -41, -52, -29, 16, -59, 87, 57, -86, -81, 87, 39, -63, 27, -28, 14, -36, 59, 85, 68, 18, 87, 13, 0, -77, -83, -95, -80, -9, 98, 44, 87, 51, -76, 20, -93, 74, 72, -1, -31, 42, -66, 95, 42, -67, -12, 84, -86, 63, -80, -77, 51, 14, 79, -52, 93, -35, -62, 44, 69, -44, -55, -26, 1, -36, -68, 26, -22, -17, 79, 65, -100, 55, -60, -97, -72, 89, 12, 52, -48, -81, 63, -17, -92, 37, -26, 54, -97, -56, 30, -67, -85, -55, -17, 32, 62, 51, -82, -84, 60, -19, -12, 18, 51, -61, 29, -59, 39, 64, 70, 55, -92, -14, 25, -54, -82, 82, -25, 70, -66, -73, 1, -36, 6, 6, 19, -16, -91, -29, 93, -22, 30, 74, -85, -98, 44, 61, 30, 9, 58, -31, 83, -33, 62, 82, 2, 79, -11, 23, 42, 95, -58, -25, 66, -25, 15, -46, -54, 24, 45, -100, -93, 25, -82, -31, -14, -68, -23, 53, 10, -60, -42, -64, -43, -28, 65, -80, -19, -47, -74, 12, -26, -46, 49, -95, 39, -18, -81, -9, 56, -98, 100, 52, 91, -53, -33, -24, -9, 48, 95, -17, 6, -69, 76, -88, -64, -17, -45, -78, -9, 26, 90, 86, 20, -2, 53, 56, 58, -92, -49, 32, 9, 55, -14, -20, -53, -23, 75, -78, 17, -99, -11, 66, -25, 64, 84, 30, -46, 2, -97, -43, 60, 72, 21, 13, -97, -64, -59, -47, -97, -30, 95, -94, 83, 6, -57, 45, 75, -98, 70, 94, -96, 43, 59, 60, 53, 30, 75, 10, 59, 44, -91, 90, -89, -43, 55, 80, -29, 31, 47, 0, -71, 38, -19, -75, -23, -96, -43, 30, 60, -31, -71, -98, 79, 78, 37, -52, -32, 87, 76, -25, 24, 24, 23, 22, -47, -1, -61, 13, 86, -48, 77, 48, -3, 51, 90, 22, -55, -67, 40, -73, 40, -7, 65, -31, -39, -58, 14, -62, 9, -92, -84, 40, 39, -32, 71, -29, 30, -22, -20, -3, 77, 58, -52, 59, 53, 10, 98, -32, -97, -82, -2, -100, 8, 35, 84, 48, -52, -90, -49, -28, 61, -47, -15, 97, -29, 4, -13, 63, 92, 11, -39, 29, -35, 69, -60, 38, -66, -16, -8, -98, -100, -35, -94, -81, 76, -41, -52, 62, -47, -74, -40, 19, -82, -4, -5, 16, -30, 25, 47, 82, -75, 8, -66, -97, -40, 81, -92, -64, 84, 10, 81, 61, 11, 59, 86, -69, -94, 82, -31, 46, 91, -59, -79, 0, 25, 2, 59, -10, 100, -63, -19, 43, -23, 91, -65, -64, -98, -9, 57, -36, -7, 26, 77, 15, 61, -40, 73, 6, 72, -65, 8, -91, 48, -37, 9, -77, 23, -61, 79, 100, -70, -45, 8, -75, -7, -48, -91, -76, 5, -1, 42, -62, 77, 14, 13, -85, -25, -95, -46, -73, -17, 4, 44, -17, -22, -11, 58, 78, 5, -10, 30, -10, 46, -19, 21, -17, -82, -63, -63, -80, -88, 15, -63, 100, -84, 32, 100, 10, 85, -61, -2, 37, -99, -75, -60, 58, 71, -8, -63, 32, -33, 87, 96, -37, -74, -90, -68, 14, -17, -94, 12, 61, -52, 66, -38, 1, 26, -92, 21, -63, 54, -32, 90, -26, -62, -38, -61, -49, -38, 4, -25, -42, -28, -90, 30, 6, 62, 98, 97, -61, 16, -92, 56, -78, 41, -53, 0, -63, 37, 41, 58, 23, -26, 55, -99, 62, -99, 75, -16, -74, 80, 63, -19, 32, 62, 99, 26, 15, 27, 29, 91, 14, -22, 91, -91, -30, -72, -24, 56, 96, 82, 44, -68, 42, 60, -52, 27, 27, 60, 94, 58, 26, 88, -53, 58, 33, -72, -55, -55, 45, 85, -89, 58, 20, 47, -27, -83, 40, -22, -7, -26, -21, 7, -60, 83, 18, 24, 61, 70, 45, 5, -65, -40, 42, -61, -15, -9, -97, 22, 95, 65, -7, 41, 96, 74, 70, 36, -19, 63, -76, -49, 77, 69, 81, 68, -97, -7, -22, 39, 3, 34, 18, 17, 7, -6, 96, -68, 90, 11, 83, -11, -51, 73, -72, 50, -96, 12, 0, 60, 60, -29, -27, 72, 29, 66, 38, 84, -79, -63, 89, 34, -29, 43, 40, 43, -73, -4, -64, 92, 5, 52, 69, -48, -77, -36, -32, -4, 69, -78, 95, -37, 80, -60, 38, -89, -39, 24, -78, 80, -79, -88, 74, 15, 40, -72, 59, 96, 44, -21, 0, 57, 51, -17, -59, 47, -31, 17, 52, -24, -37, 23, -78, 75, 83, -26, 4, 8, 89, -44, -81, -77, -40, -85, -56, 21, -8, -13, 62, 56, -57, 55, -75, 53, -32, -63, 24, -18, -54, 62, 68, 30, -45, -95, 35, 74, 14, 1, -76, 24, -46, 59, 90, -69, 42, 16, 29, 17, -24, 70, -71, -69, 21, 99, 89, 0, -61, -39, 61, 26, 44, 33, 97, -31, 73, -14, -30, 47, 97, -14, -39, -96, -17, -60, -32, 80, -67, -81, 73, 39, -13, 95, 36, 45, 20, 100, -15, 35, -77, -93, -25, 70, 69, 97, -47, -84, -37, -66, -31, 77, 44, 44, -78, 46, 66, -27, 58, 3, -36, -47, 58, 81, 29, 95, 48, -30, -25, 19, 27, 80, 32, -47, -88, 95, -36, -94, -97, 98, 38, 27, -13, 6, 45, -13, 8, -80, -31, 53, -27, -86, -9, 81, -95, -76, 88, 27, -39, 45, -70, -99, 11, 59, -76, -24, -29, 40, 71, 51, -17, -26, 47, 88, -63, 41, 78, -89, 58, 53, -80, -99, 48, 70, -33, 19, 94, 87, -95, 10, 27, 30, 42, 92, 6, -71, -18, -64, 78, 54, 93, 95, -23, -7, -51, 94, 84, -58, 23, -26, -36, 23, 62, 76, 78, 35, 22, -69, 14, -41, 88, -82, 44, 17, -36, 66, -10, -65, 58, -83, -63, -68, 13, 97, 84, -67, 17, 40, -19, 6, -33, 64, 67, -93, 89, 24] with a sum of 7927
Random dataset with 15000 elements: [49, 5, 70, -52, 64, 16, 85, -24, -31, -62, -14, -1, 85, -94, -58, 10, 24, 57, -90, -43, -86, 68, -51, -63, -56, -59, -3, -15, -64, -79, -32, 53, -90, 30, -67, 95, -18, 75, -17, 93, -61, 31, 59, 3, -26, -72, -29, 28, 62, -96, 33, -78, 73, 79, 57, 25, 84, 82, 6, -42, 52, 27, -12, -92, 38, 100, 91, 66, -34, 15, 33, 63, 42, 45, -48, -51, -11, -15, 77, -45, 10, -88, -78, 59, -99, -57, 61, -38, -12, 38, 95, -64, -94, 89, 2, 71, -86, -54, -49, 40, -73, 66, 86, -98, 5, -48, 50, -58, 15, -38, 18, 20, 62, -67, 56, -53, 65, -17, 54, -82, -3, 63, -41, 47, 4, -46, 96, -75, 0, -44, 26, 7, 49, -46, -56, 12, 61, 11, 74, -40, -44, -79, -50, -54, 86, 80, 25, 44, 85, 33, -24, -61, -59, -7, 99, 81, -75, 91, 71, 98, 24, -19, -88, 31, 89, 93, 81, -72, -91, 94, 27, -96, 13, 46, -57, 54, 8, -54, 91, 35, -56, -49, -94, 89, -10, -69, 65, -93, -59, 37, -94, 5, -48, -77, -87, 61, -70, -97, 31, -38, -6, 79, 34, 58, 21, -54, -55, -73, 37, 98, 65, 64, 14, -51, 73, 88, 32, 30, 59, 74, -63, -41, -99, 67, -92, -100, -10, -70, 80, 34, -97, -72, -100, -26, 64, -24, 90, 21, -37, -85, 88, 78, 92, -48, -28, 47, 43, -57, 61, 35, -39, -82, -5, -45, 99, -17, -65, -14, -25, -11, -100, -51, 41, -82, 5, -20, -20, 73, -84, 49, -22, 73, 4, 79, -53, -25, 62, 3, -7, -26, 65, 1, -19, -12, 5, -26, 88, -45, -92, 79, -60, 73, -53, -100, -23, 54, -63, 16, -9, 55, -24, 49, -95, 5, -47, 56, 5, -69, -68, 15, -94, -95, 11, 26, -27, 39, 46, 71, 53, -52, -92, -21, 29, 74, 10, -43, 70, -31, -88, 95, -9, 59, 3, 61, -69, 43, 43, 33, -21, 45, -52, -29, -54, 16, -22, -75, -94, -18, -95, -69, -65, 91, 75, 41, -10, -83, 73, 8, 35, 79, 26, 77, 50, -89, -48, -78, 66, -9, -61, -19, -70, -81, -66, 86, -1, 57, -42, 52, -49, 50, 51, -53, -25, -3, 85, 76, -77, -12, -55, -20, 26, 5, -4, -85, 38, -82, 10, 42, -99, 25, -63, -48, 56, 38, -19, -2, -63, -63, -83, -39, 15, -67, -70, 2, 51, -92, -34, 93, 4, -41, 84, -20, 76, 22, 97, -8, 99, -62, -79, -74, -88, -78, -37, -72, 61, 33, 27, -12, -33, 54, -72, -63, -8, -54, 30, -57, -88, -2, 63, 95, 29, -30, 79, 40, 11, -95, 41, 54, 20, 54, -77, 89, -25, 13, 28, 82, 99, -7, -12, -41, -43, 34, 82, 81, 64, -57, -74, 4, -19, 88, -12, 94, 70, -50, 100, -89, 21, -77, 27, 33, -51, -81, -39, 96, -84, -71, 49, 85, 26, 99, 16, 39, -32, -39, -96, -6, 32, 29, -44, -52, -98, -11, 77, -69, 9, 19, 40, 70, 89, 38, 95, 11, 100, 58, 100, -43, 58, -22, -62, -14, -69, 32, -12, 18, 5, 50, 58, -100, -85, -78, -38, 54, 26, -97, -95, 67, -55, 60, 7, 25, 98, -16, -53, 64, 39, 24, 23, -81, -41, -86, -18, -57, 77, 66, 76, -68, -33, -10, -39, -57, 17, 22, 79, 48, 52, -81, -89, 50, 58, 28, -77, 95, 63, -27, 17, 84, 19, 45, -100, -91, -11, -76, -21, -6, 60, -26, -1, -52, 28, 60, -56, 6, 36, -19, 66, -93, 54, 92, -76, -51, -17, 23, 94, 80, -76, -85, -94, 27, 37, 9, -57, -96, -2, 4, -49, 87, -43, 95, -93, -74, 16, 13, -98, 40, 83, 36, -81, -67, -61, -35, -83, -31, 38, 72, -45, 79, 19, 14, 16, 83, -53, -100, 36, 8, -42, 22, 91, -44, -77, 70, 38, 75, -31, -12, 87, 30, 43, -25, 26, 99, -15, 61, -98, -64, -21, 90, -30, 12, -27, -11, 77, 7, 16, -64, 78, 16, 32, 58, -11, 37, 96, -58, 29, 86, -71, 51, -59, 39, 3, 6, 68, 96, -56, 27, 48, 82, -1, -10, 98, -37, 2, -71, 89, 97, -36, -94, -99, -7, 62, -10, 9, 20, 76, 75, 90, 51, -40, -89, 79, -63, -60, 30, -91, -17, 33, 17, -79, -64, 38, -55, -88, 70, 29, -46, -5, -3, -40, 16, -23, 82, 41, 12, -76, -57, 19, 86, 1, 8, -83, -70, -11, 94, 87, -19, -26, -31, 84, 40, 70, -96, 24, -26, 84, -69, -89, -24, -22, 100, 40, -20, 41, -35, -37, -38, -100, 5, 25, 41, 63, -39, -96, 86, 2, 45, 86, 87, -78, -76, -5, 23, 70, -75, -17, -78, -46, 76, -54, 93, 96, -80, 85, 26, 29, -47, 42, -35, 54, 67, -44, 86, -64, 36, -87, -56, -40, -7, -11, -7, 80, -14, 90, 25, -25, 53, -83, -4, 51, 76, 22, -66, -61, 49, -98, 60, -26, 86, 20, 12, 23, 21, -69, 64, 6, -48, 17, 15, 34, -43, -19, -32, -82, -99, 22, -63, 29, -72, 81, 80, 45, -74, 66, 90, 20, 56, -88, 12, -34, -14, 12, -60, -79, 67, 26, 68, 90, 79, 59, -67, -34, 9, 2, -78, 50, -15, 85, -7, -58, -62, 83, 90, -47, 63, -91, -38, -29, -75, -23, 22, 16, 79, 29, -88, 23, 55, 63, 37, -88, -48, -86, 7, -78, 100, -97, -82, -10, 74, -26, 89, -16, -72, 94, 88, -14, 45, 26, -25, -25, -97, 5, 63, 82, 66, 5, 63, -31, -46, 100, -75, -74, 54, 93, -40, 23, -7, -46, -44, 6, -55, -63, -27, 79, 41, -68, 57, -49, 48, -47, 24, -87, 19, -2, 78, -71, 89, 43, 59, 71, -65, -47, -57, 68, -6, 59, 9, 50, -64, 93, -60, -34, -43, -7, 69, -14, -66, -38, -13, 13, 99, 19, 23, -59, -48, -86, -33, 82, 4, 29, 83, 71, 93, -82, 14, 51, -85, -37, 100, -4, -94, 79, -35, 81, 72, 20, 35, 4, -94, -49, -26, -94, -74, 46, 6, -100, 8, -62, -25, -19, -70, 33, -77, -65, -92, 90, 88, -68, -56, -97, -27, 20, -11, 46, 12, -63, -24, 14, 5, 49, -28, -41, 51, 29, -35, 51, 70, -50, -14, 22, 35, -96, -71, 69, -25, 40, -52, -80, 60, -89, 9, -41, 15, -91, -89, -91, -53, -84, -5, 80, -88, -55, 58, 34, 5, 50, 53, 0, -13, 62, 36, -52, 15, -52, 48, -54, -4, -98, -83, -8, 37, -26, -36, -39, -30, -10, -19, -70, 28, 32, -66, 13, 85, -67, -92, 43, -23, -99, 94, -64, -51, 2, 4, -34, -15, -93, -50, -73, 48, -90, -22, -72, 0, 35, -45, -2, 96, -86, -78, 43, 61, -34, 28, -70, 96, 65, 93, -27, 58, -93, 29, -98, 53, -49, 2, -41, -13, 18, 53, 35, 18, -72, 73, 6, -50, -90, -90, -59, -63, -28, -77, -49, -3, -12, 22, -29, 100, 87, 98, -20, 52, 96, 45, 2, -45, 27, -5, 69, 96, 87, 91, 90, -44, 72, 71, -48, -57, 95, 85, -8, -44, 51, 6, 71, 87, 60, -26, 29, 41, -76, -19, 79, -99, 30, 17, 40, 67, -57, -68, -75, 54, 2, 83, 45, -13, -76, -3, 59, 90, 20, 61, -29, -46, 23, -88, 31, 37, 96, -16, 95, -87, -84, 37, 11, 93, -90, -87, -38, -86, -42, 25, 59, -42, 78, -64, 44, 12, 85, 56, -59, 20, -35, 43, -35, -29, 97, 66, 2, 61, 36, -63, 27, -88, 72, -60, 90, 78, 25, 17, 11, -25, 88, 7, 59, 99, -68, 23, 19, -21, -38, -66, 63, -82, 32, 20, 34, -25, 46, 72, 86, 79, 75, -42, 17, -37, 81, 38, 44, -47, -68, 85, 24, 40, 82, 20, 20, -1, -3, -36, -11, 57, 55, -44, 45, 33, -70, 78, 77, 28, 82, 47, 47, 31, 43, -64, 10, 60, -3, -36, -29, 79, 33, 47, 39, -16, -10, -28, 89, 30, -88, 1, -34, -60, 22, 22, -66, 40, -100, -41, -100, 51, 91, -25, 80, -51, 67, -99, -5, 58, 87, 49, -23, 79, 63, 1, -100, 24, 2, 38, -17, -22, 27, 79, 31, 98, -35, -93, 44, -84, 31, -56, -69, 25, -96, 85, -35, 76, -51, 0, -48, -90, -10, 93, 61, -47, -53, 90, -36, -67, -36, 32, 33, -30, -36, 93, -69, -51, -85, 66, -41, 22, 60, -54, 63, -92, 90, 71, 79, 97, -48, -88, -3, 71, 49, -68, -52, 85, -68, 25, -86, -30, -34, 71, 72, 81, -18, -24, -24, -77, -84, -8, -65, -46, -86, 34, -70, -21, -89, 55, 32, 14, -91, -30, -79, -84, -12, -88, 57, -3, -80, -62, -86, -60, 88, 54, -1, -35, 99, -62, -13, -58, 47, 66, 20, 56, 58, 89, -84, -17, -57, 26, 56, 79, 45, -48, 4, -13, -94, 73, -100, 33, -92, 6, 14, 92, 4, -77, 94, -84, -73, -100, 18, 95, -96, 18, -99, 61, -39, 54, 30, 84, 50, -21, -42, -92, -22, 23, -54, -49, -60, 94, 21, -19, -58, -62, 31, 11, -38, 76, -84, 3, -29, 22, 61, -69, -86, -36, 78, -63, -51, -76, -72, -52, 86, -95, 80, -92, 44, -80, 18, -12, 24, -68, -42, 7, -2, 56, 28, 57, 98, -32, 4, 52, 59, -98, 43, 82, 20, 50, -65, 62, -95, -55, 33, -79, 16, -49, -1, -12, 24, -44, -64, 20, -39, 31, -44, 35, -94, 17, -76, -16, 75, -22, -82, 91, -30, 89, -39, -32, 60, 26, -13, 33, 13, -98, 86, 64, 99, 40, 65, 20, 97, -63, 44, 89, -75, -32, 100, -11, 8, 97, 7, -96, 55, -29, 1, 87, 25, 95, -64, 85, -23, -72, -55, -59, 57, 58, -87, -76, 36, 25, -28, 37, -94, 60, -11, 65, 99, 83, 31, -95, -95, 11, 36, -95, -41, 96, 91, -66, -27, 20, 68, 100, -43, 24, 70, -20, 15, 55, 34, -15, -11, -86, -61, 95, -59, 18, -31, -10, 73, 17, 23, 39, -72, -91, 9, -55, -21, -53, 60, -33, -13, 11, 71, 70, 45, 54, 83, 25, -58, -28, 54, -15, 85, 45, -52, 66, 84, -85, 30, 55, -1, 65, -16, 100, 25, 45, -58, -91, -59, 6, 99, -4, 65, 67, 67, 56, 90, 16, -66, -9, -61, -18, 64, -15, 5, -47, 54, -86, 89, -92, 47, 27, -61, 96, -12, -60, -51, 51, -63, 6, 73, 80, 87, 12, 32, 96, 18, 43, 99, 61, 76, -17, 47, 59, 22, 54, -95, 47, -79, 3, -21, -58, 11, -22, -9, 5, 91, 1, 39, -32, 30, 36, 96, 98, 58, -62, 23, -31, 85, -82, 69, -70, 30, -87, 90, -73, 64, 38, -27, -8, 4, -6, 55, 100, -88, -37, -50, -2, -46, 35, 96, -21, -70, -76, -50, 31, -67, -12, 32, -31, -80, -93, -14, -41, -7, 72, 80, -93, -41, 57, -1, 19, 79, 37, 22, -19, -77, -30, 27, -68, 36, 17, -22, 73, -54, -98, -38, 86, -79, 35, -7, -99, -51, -19, -39, 18, -68, -50, 84, 41, -55, 75, 100, -34, -94, -97, -30, 34, -31, -70, 52, 35, 0, -41, 85, -2, -8, 34, -5, 16, -14, 37, -62, 76, 31, -86, 23, -14, 96, 46, -87, -27, -27, -31, -51, -15, 3, 29, 91, -13, -68, 16, -38, -76, -41, 37, 45, 8, 3, 40, -17, -54, 77, -93, 73, 55, 58, -46, -15, 3, 98, 100, 34, -34, -14, 65, 11, -14, 12, -41, -91, 25, -6, -11, -35, -89, -95, 46, 65, 41, 85, 49, 86, -45, -30, 27, 44, -68, 70, -97, -43, -75, -17, -54, 0, -77, -13, 73, 61, -79, 32, -22, -19, 82, 61, 13, 46, -86, -55, -48, 25, -56, -32, 64, 94, 94, 16, -75, -35, -5, -97, -33, -62, 94, -67, 66, 17, 51, -69, -14, -52, -52, 95, -54, 44, 58, 5, -13, -43, -42, 76, -48, 78, -76, -34, 81, -75, -24, 91, 0, -28, -36, -47, -94, 78, -2, -82, -6, -40, 90, 53, -37, 15, 19, -26, -79, -75, 30, -81, 57, 38, 60, -54, -47, 82, -90, -88, 47, 55, 3, 34, -70, 69, 91, 8, -95, -84, 66, -33, 53, -60, -39, -90, 23, -10, 65, -96, -65, 84, 34, -61, 52, -42, 42, -57, 39, 11, -75, 4, 76, -38, -5, -76, 81, 3, -86, 65, -19, -17, 62, -71, -13, 22, 70, -91, 4, 98, -14, 74, 55, 15, -12, 70, -67, 8, -22, -11, -100, 45, -79, -96, -40, -28, -95, -36, -2, 85, -39, 5, -37, 7, 88, 47, 61, 52, -47, -45, -100, 66, -87, -18, -87, 66, 99, 16, 29, 15, -23, -37, 24, 39, -48, -26, -14, 6, 11, -51, -94, -1, 41, 43, -38, -93, -34, 15, -75, -96, 5, 38, -63, 86, -10, -37, -6, 35, -81, 87, -63, -16, -100, 11, 19, -47, -87, -62, 80, -37, -59, 30, -6, -17, -54, -14, -97, -70, -27, -47, -32, 88, -50, -52, 29, -87, 93, 82, 53, 18, -33, 28, -32, 14, 37, -43, -25, -10, -5, -85, -1, 42, 53, -24, 52, -47, 88, -67, -1, 30, 51, 54, 23, -8, 33, -8, 89, 77, -8, 26, 59, 69, -57, -21, -93, -15, 57, 8, -7, 77, 5, -97, 41, -3, -24, 43, -72, -18, 12, -81, 56, -53, 45, -4, -69, -21, -5, 30, 49, -51, -61, -38, -8, -40, -64, -39, 15, -82, -98, -6, -21, 77, 74, -91, 97, 71, 74, 7, 58, 42, 25, 47, -64, 93, -61, 58, -58, 6, 31, -35, -39, -17, -71, -69, 16, 76, 18, 59, 99, -57, 64, 62, 63, 48, 84, -44, -33, 99, -22, 40, -91, -34, 92, -43, -45, -7, -91, 31, 0, 45, 79, -4, 57, 7, -59, 25, -73, 44, 10, 50, 49, 84, 20, 74, -30, 70, 70, -31, -18, -18, 98, -89, -60, 67, 56, 67, -74, 28, -56, 97, -84, 44, -92, 59, 100, -11, -48, -27, 10, -85, 49, -59, -44, 67, -32, -63, -36, -65, 83, 17, 49, -100, 11, 97, 27, -100, 0, -72, -92, -84, 24, 49, -45, -62, -28, 40, 36, 29, 88, -1, -84, 50, -14, -37, 77, 73, -77, 41, 94, 88, 42, 99, -59, -83, -21, 55, -26, -7, -19, -70, 77, 70, 1, 54, -69, -13, 36, 91, -69, -34, -1, -75, 32, -56, 16, 93, 71, 53, -16, 35, 38, 83, -17, -90, 45, -91, 37, -49, -84, 74, 60, -59, -27, 80, 92, -73, 54, 77, -62, -39, 100, -34, -12, -9, -89, 19, 41, -79, 24, -72, 72, -33, 29, -10, 15, -1, 86, 5, 56, -14, 36, -11, -64, -31, -64, 10, -47, 75, -11, 74, -92, 69, -32, 33, 87, 28, 88, -86, -63, 52, -43, 75, 60, 60, -91, -3, -51, 27, 34, -18, -5, -28, 50, 98, 74, -1, -99, -64, -77, 12, 98, -37, -55, -99, -73, -5, 10, 14, 1, 75, -92, 19, 83, 71, 22, 34, 55, -59, -96, 32, -75, 13, 83, 51, 71, -13, -78, -40, -99, 89, -76, 11, -91, 29, -54, 9, -20, 38, -49, -5, 67, 12, -63, 92, 7, -94, 62, -54, -45, 25, -36, 50, 1, -1, -34, -85, 99, -44, -21, -3, 18, 63, 73, 66, 90, -13, -43, 79, 60, 36, 86, -73, 16, -6, 67, 26, -35, -35, -19, 18, -73, -1, 12, -69, 12, 14, -65, 6, -21, 46, -9, -19, -18, 8, 75, -3, -74, 63, -68, 69, 100, 5, 21, 92, -51, 56, -79, 3, 82, -18, -48, -80, -20, -31, -78, -58, 53, 38, 79, -6, 37, -18, 52, 89, 94, 2, 48, 2, 32, -97, -14, 27, 70, 82, -92, 39, 96, -16, 5, -7, -39, 4, -49, 33, 41, 93, 78, -72, 67, 34, 48, -3, -81, 90, 50, 42, -77, -76, 3, 0, -40, -80, 67, 71, 53, 28, 8, -70, -59, -63, -2, 90, -31, -50, -2, 30, -55, 27, 94, -88, -29, -76, 86, 28, -83, 11, -86, 26, -93, -31, 11, 28, 10, -43, 23, -20, 24, 57, 14, 73, -66, 7, -15, -36, -11, -49, 59, -16, -45, 86, -73, -24, -63, -89, -85, 17, -30, 93, 60, -10, -8, 98, -55, -43, -56, 27, 42, -97, -84, -17, -35, 22, -43, 50, -9, -2, -40, -90, -70, -10, 80, -41, -92, 17, 86, 73, -62, -27, 71, -41, 56, 49, 14, 85, -19, 16, 5, -27, 56, 14, -12, 46, -58, -46, 34, 41, 30, 9, 22, -2, 27, 46, 70, -44, -31, -47, -54, -70, 29, -49, 61, 67, -18, -24, -14, 31, 51, 27, -42, 29, 58, -15, 57, 99, -32, 78, 47, 61, -70, 21, -11, 99, 82, -69, 46, -34, 17, -89, 85, 95, -68, -30, -91, 70, -68, -95, 25, 1, 29, -94, 59, -100, -27, -76, 14, -89, -15, -92, 86, -95, 90, -50, -68, -27, -69, 67, -51, -7, -11, -77, -4, 50, -12, 96, 40, -2, -98, -4, 86, -42, -92, -15, 30, 70, 59, 78, -76, 81, 67, -92, 26, 57, 48, -58, 24, 82, 88, -45, -2, -68, 44, -61, 82, -25, -92, 19, -32, 56, 100, 64, 32, 32, -62, 6, 19, 55, -73, 33, 18, 71, 70, 81, -56, -97, 51, -29, -14, -42, -61, -8, -44, -47, 58, -84, -5, 79, 28, 54, 97, 74, -56, 3, -66, -19, 67, -65, -64, 4, -65, 59, 9, 58, 20, -5, 7, -81, 28, -45, -67, 58, 27, 44, -42, -41, -29, -57, -22, 83, -86, 85, -31, -87, 72, -43, -55, -77, 22, -84, 18, -8, 93, 55, -2, 55, -71, 58, -17, -41, 25, -87, 96, 50, -96, 92, 12, 84, -48, 99, 56, 30, 82, 87, 35, 91, -2, -62, -3, -71, -93, -31, -78, -27, 57, -95, -10, -75, -29, 53, -12, 26, 66, -62, -77, -75, -94, -18, -5, 89, 19, -71, 47, -97, 37, -21, 0, 9, -90, -32, 52, 59, 30, 92, 86, -44, 77, -34, -47, -15, 9, 31, 47, -11, -3, -17, 16, 11, 11, 63, 94, -28, -86, -15, 31, -59, -12, 79, 38, 56, -49, 48, 82, -11, -28, 69, 15, 63, -91, 31, 77, -98, 45, 28, 28, -5, -2, -16, 85, -17, 82, 21, 78, -52, 23, -78, 36, -95, -90, -95, -44, 85, 22, -19, 98, -61, -74, 91, 42, -90, 7, -5, -10, -20, 8, 27, 15, -4, 64, -38, -7, 90, -60, -21, 28, -64, -13, -26, 32, 2, -40, -40, -62, 33, -31, -10, -89, 76, 60, -50, -48, -10, -86, 53, -66, 70, -40, -36, 64, -57, -5, -16, 95, 21, -42, 56, -17, -16, -76, -34, 95, -10, -80, -89, 1, -6, -1, -4, -76, -51, -10, 21, 77, 1, -41, 66, 21, 34, 23, 1, -59, 97, 90, -9, -99, 95, 0, -78, 53, -5, -90, -99, 29, 20, -60, 93, -7, -73, -95, -57, 100, 58, 6, 89, 78, -51, 67, -70, 71, -35, 40, 20, -67, -34, -68, 88, 47, -40, -78, 16, 77, -16, -40, 90, -80, -56, 27, -26, -66, -39, -81, 6, 59, -78, 35, -82, 1, 16, -80, 73, -32, 71, -49, 33, -50, -94, 90, 7, 48, 71, 12, 51, 65, 32, 45, -24, 93, -39, 58, 0, -3, -29, -36, -43, 84, 41, -27, 96, 37, -54, 37, 100, -5, 81, 19, 7, 100, 7, -83, 7, 73, 29, -46, 34, -2, -91, 41, -42, -54, 87, 58, 55, 87, -17, -94, 32, -24, -2, -5, 63, 94, -83, -66, -16, 86, -51, 65, -98, -75, 21, -79, -78, 84, 95, 68, 25, -6, -21, -46, -41, -61, 41, -69, 82, 63, 67, -46, -69, 10, 47, -70, 23, -7, 39, 29, 95, -35, -13, 62, 89, -94, 23, 15, -11, 46, -44, -77, -12, -84, 9, 38, -34, -92, 64, -7, -29, -51, 47, 6, -23, 92, 100, -36, 23, -24, -8, -46, 29, -33, -96, -81, 41, 40, 87, 42, 88, -77, 52, 76, -89, -87, 88, -43, -73, -32, -56, 6, 73, 71, -83, 85, 64, -4, 57, 17, 3, 32, 55, -63, 16, -47, -33, 92, -21, -62, 67, -84, -59, 20, -82, -60, 21, 43, 10, -93, -15, 52, -70, 58, 93, 77, 77, -54, -98, -38, 63, -69, 80, -54, -12, -39, -37, 72, -52, -88, 59, -69, 87, 69, 87, 43, 61, 94, -25, 18, -93, 74, 13, 47, -26, 13, -43, 76, 78, -94, -40, 85, 19, -88, 6, 72, -21, 14, 100, 80, -64, -83, -77, -91, 39, -91, -92, 62, -36, -79, -26, -43, -73, 7, 83, 29, -81, -12, 10, 6, -87, 76, 59, -78, 50, -81, 53, 48, 45, -51, -52, -72, -15, -32, -20, 7, 39, 62, 35, -47, -38, -21, 69, 0, 50, -35, 23, 84, 91, -59, 48, 51, -76, -23, -75, -91, -93, -75, -68, -56, 56, 61, -98, -21, 28, -22, 4, 1, -7, 23, 97, 45, 50, -55, 30, -58, 9, -88, 43, 8, -70, -41, -60, -95, -27, 81, -54, 28, 64, -85, 27, -47, -76, -25, 61, 65, 16, 43, -27, 85, 44, 38, 2, -75, -80, -63, -7, 17, 35, -30, -75, 54, -84, 93, -93, 75, -10, -96, 45, -21, 61, -49, 50, 62, -100, 66, -65, 3, -10, -38, 78, -19, -44, 30, 97, -59, 90, -7, 87, 6, -86, -68, 90, 35, 47, -27, -73, -23, 77, -9, 33, -82, 45, -67, -64, -85, 29, 23, -86, -58, -48, 66, -43, -2, 5, -70, 10, 90, -69, -10, 69, 20, 68, -78, 94, -72, 94, -64, 71, 37, 99, 16, 16, 70, 43, -20, 49, 64, -13, -92, 72, 4, -66, 13, 79, 34, -53, 15, 39, -87, -33, 19, 41, -50, -23, 16, -23, -59, 33, 37, 77, -87, 17, 88, 1, -70, -27, -65, -84, -45, 92, 35, -90, -69, 22, -81, -48, 27, 67, -78, -83, 83, -66, 90, 39, -27, -76, 55, -76, 68, 82, 85, -73, 18, 94, -27, 49, -60, -65, 73, -79, 37, -86, -98, 0, -59, 46, 52, 21, -67, -64, -23, -20, 15, 43, 16, 51, 37, -67, 52, -75, 38, 5, -52, 70, 99, -11, 11, 16, 43, -32, -99, 3, -29, 77, 12, 27, 42, -15, -75, -40, 48, 23, -60, -56, -100, -30, 88, 76, -79, -1, 47, 3, 59, -93, -90, 13, -50, 51, -85, -67, 81, -11, 27, -24, -99, 4, 84, -80, -64, 82, 83, -98, 58, 91, 23, 7, -86, -38, -23, 56, 7, 88, 98, 44, 16, -23, -44, -56, -67, -49, 25, -18, -39, -68, -48, 31, -26, 40, -48, -48, -71, -11, -77, -50, 48, -42, -16, -97, -31, -72, -31, 100, -89, -54, 63, -47, -53, 67, -100, -79, 95, 26, 2, -24, 8, -31, 27, 55, -19, -84, 76, 17, -25, -45, 71, -39, -46, 31, 85, -31, -66, 93, 62, -89, 99, -43, 88, 61, 79, -7, -95, -68, -43, 11, -8, 81, 96, 64, 60, 25, 75, 59, 10, -72, -90, 14, -100, -16, 72, -26, 68, 11, 40, 94, -8, 31, -37, 7, 67, 19, 79, 93, -80, -81, -21, 69, -9, 46, 66, 100, 86, 12, 77, 30, -70, 24, -91, 13, -13, -92, 64, -81, -54, -14, -94, 39, 3, -56, -38, -100, -11, -9, 88, 15, -1, 8, -64, 16, 27, 88, 58, -34, -33, -58, 92, -66, 48, -53, 55, 82, 69, -30, 85, -84, -87, 62, 93, -93, -32, 96, -92, 19, 40, 89, -21, 91, -57, -3, -67, -76, -25, 98, -12, 12, -24, 47, -80, -19, 69, -98, 38, -57, 10, 69, -20, 50, -67, 24, 72, 34, 62, -9, -66, 85, 19, 55, 2, -53, 64, -83, -10, -25, 21, -65, 35, 70, 71, -21, -35, -27, -68, -40, 6, -74, -69, -69, -94, -16, -24, -100, 61, -90, 71, 74, -8, 44, -7, 2, 1, 77, -24, -24, 75, 13, 38, -65, -40, 37, 58, 14, -34, -75, -49, 6, 65, 41, 84, 29, 72, -48, -99, 44, -64, -36, 75, -49, -43, 63, 78, 28, 8, 79, 13, -64, -27, -62, -24, -32, -91, -5, 28, -24, -46, 51, 44, 12, 5, 16, 71, 61, -95, 48, 43, 90, 87, -91, -85, 90, 84, 12, -23, -81, 5, -66, 99, -10, 64, -94, -92, -33, 96, -13, -49, 10, -65, 29, 62, -9, 67, -5, -37, -72, -14, -60, 79, -82, 9, 68, 100, 17, -7, 84, 77, 9, 35, 26, 42, -13, -34, 81, 8, 89, 4, -8, 45, -37, 50, 75, -51, -94, 52, 72, -29, 82, 52, 25, 1, -8, -41, 94, 25, -60, 17, 98, -48, -24, -24, 83, 68, -15, -63, -98, -32, 34, -5, -54, -4, -68, -57, -94, -63, 17, 99, -60, -66, 18, 76, 47, 69, -87, -62, -38, 1, -36, -28, -6, -11, 35, -77, 2, 36, -1, -17, 82, 55, -48, -56, -5, -32, 32, -3, -39, -80, -88, -54, -65, 19, -91, -90, -39, -48, -85, -59, -25, 94, 96, -68, 69, -54, 35, 62, -44, -5, 22, 57, 58, 39, 1, -88, -22, -43, 34, 53, 29, -2, 65, -63, 52, 4, 27, -21, 39, 5, 39, 75, 47, -40, -76, -96, -57, 57, 70, -34, 97, -33, -71, -80, 7, -73, -29, -55, 8, 64, -53, 42, -38, -82, -63, -76, -36, 72, -20, 6, -8, 1, -57, -59, 70, -65, 9, -48, -58, 87, 9, -53, -86, 83, 45, 60, 29, 88, -86, -97, -17, 51, -70, 67, -40, 47, 4, -95, 20, -90, 88, -78, -4, -45, -22, -91, 58, 68, 97, -66, -84, 45, 74, -81, 17, 20, 46, -68, -72, -27, -79, 96, -64, 65, 60, 84, 99, 95, 35, 22, 13, -38, 53, 31, -94, -15, 34, -50, 79, -51, -52, 68, -7, 35, 60, 80, -23, 12, -35, -2, 93, -84, -60, 62, -97, -90, 19, 34, 6, 16, -33, -11, 37, -95, -65, 17, -72, 63, 2, -63, 7, 19, 50, 68, -8, -60, -99, 63, -89, 8, -33, 57, 42, -90, 16, -79, -20, 72, 15, -31, -66, 30, -24, 12, -18, -22, 25, -25, -94, -9, 23, -91, 88, 75, 77, -95, 44, 60, 6, 98, -15, 84, -58, 56, -25, 19, -34, -38, 23, -59, 78, 5, -30, 98, -68, 58, -75, 20, 32, 77, -12, -72, -64, 24, -24, 20, 46, -21, -59, 52, 76, 80, 38, 62, -96, 14, -73, -86, 91, -55, 8, 10, 97, 60, 15, 8, -42, -80, 72, -71, -47, 98, -90, 37, -61, -75, -30, -100, 75, -84, -60, 97, 67, 80, -27, 50, -83, 94, 23, -70, 52, 26, -93, -91, 40, -6, -7, -40, 84, -83, 24, -62, -13, 55, -3, 29, 12, 76, -89, 32, 65, 50, -93, 99, -36, 15, -60, 16, 70, 38, 46, 61, -24, -84, -23, -6, 75, -6, -76, -69, -39, 7, -44, -85, 17, 35, -65, 92, -2, 17, -90, -21, 66, 60, 20, -31, 53, 15, -99, 9, 66, -34, 71, -95, 19, 50, 2, 78, -54, -68, -37, 5, -26, 1, 96, -25, -57, 19, -46, -78, 33, -62, -91, 77, -62, 92, -2, -73, -57, 100, -21, -83, -100, -91, -15, 30, -65, 78, -2, 32, 40, 69, 88, -69, 37, 95, -13, 21, -74, -75, 83, -54, -49, 82, 75, 16, 74, -34, -60, 18, 49, -35, 77, 38, -4, 87, -59, 12, -99, -77, -49, 90, -18, 55, -70, 28, -81, 9, -13, -17, -11, -87, -17, -24, -69, -13, -99, -5, -21, 77, -9, 90, -63, 50, 56, -7, 54, -100, 40, -90, 99, -48, -58, 69, 68, 90, -5, 37, -37, 68, -56, 55, -87, -55, -16, -32, 59, 35, -78, -8, 97, -41, -92, -14, -38, 91, 31, 90, -84, -91, 10, -62, -53, -52, -20, -51, -3, -28, 39, -20, 72, 98, -56, -64, 37, 1, -81, 19, 22, -38, 99, 59, -16, -79, 98, 15, -55, 49, 67, -17, 99, 31, 79, 53, 47, -75, 76, 16, 89, -40, -61, 56, -87, -77, 5, 65, -46, -59, 26, 40, -56, 40, 21, 13, 70, -38, 77, 18, 81, -96, 97, 4, 77, -79, 82, 38, -29, -40, 42, 87, 45, -73, -25, 31, -58, 21, -53, 12, 3, 66, -50, 81, 41, -49, 6, 52, 51, 86, 81, 12, 53, 37, 27, 94, 5, -29, -9, -3, 17, -37, -22, 76, -21, -33, 78, 2, -9, 71, -65, -34, -77, -44, -63, -33, 67, -74, -83, 56, 23, 93, 63, -85, -5, 17, -36, -50, 71, 2, 53, -90, -76, -76, -47, 29, 31, 63, 64, 7, 73, 77, -87, 50, -66, -68, -50, -99, -10, 42, -30, 15, -55, -90, 57, 48, -100, -86, 47, 14, -67, -86, 20, -26, 37, 80, -69, -55, -91, 57, -64, 79, 87, -11, -79, 22, -77, -50, -6, 96, 21, 81, 84, 46, -50, -98, 76, -43, -59, 21, -78, -31, 5, 8, -27, -34, -18, 2, -78, -57, -32, 32, -99, 65, 68, 6, -86, 14, 13, -42, 6, -1, 71, 16, 64, 74, -82, -92, 92, -85, 70, -22, 60, -28, 81, -31, 94, 40, -61, -38, 80, -64, 78, 60, 99, -61, 96, 69, -76, 23, -48, -50, -64, -44, -65, -3, 11, 3, 60, 48, -92, -89, 35, -91, -43, 86, 30, 61, -43, 57, -15, 15, 16, -17, -54, -80, 47, -66, 45, -97, 28, -34, -72, 38, 97, 16, 51, -81, -64, -91, 14, 66, -2, 98, 89, 52, 88, -78, 83, 79, 19, -42, 92, 32, -86, -81, 92, 58, -46, -90, -37, -79, 91, -10, 80, 21, -46, 73, -97, -41, -73, -65, 92, 3, -20, -50, -56, 96, -5, 80, -19, -78, 74, 77, 67, 75, -15, 51, 12, 76, 10, -92, 16, -29, -66, -82, 0, 100, -41, -30, 62, -13, 61, 5, 84, -71, 4, -33, 79, -93, -58, 100, -74, 51, 43, -73, -78, 83, -12, 60, -87, 69, 38, 91, 64, -90, 36, -81, 45, 65, -27, 38, -61, -41, -73, -49, 57, 74, -73, 81, 1, -83, -56, -61, 75, 17, 73, 95, 37, 97, -79, 8, 6, -59, 61, 13, -81, -70, 92, 54, -48, 10, 60, 49, -64, 77, -43, 8, -100, 75, -51, -91, 37, 100, -63, 81, -37, 81, -9, -52, -92, -80, -43, -41, 32, -35, 68, -41, 18, 47, -28, -3, 29, -61, -68, -40, -16, 50, -11, 26, 0, -21, 90, 26, 49, -45, -23, 94, 82, -4, -37, -67, -79, -6, 12, 40, -36, -47, 1, -41, 9, -88, 70, -3, 40, 67, -30, 28, -99, -62, -20, -82, -27, -64, -39, -66, -29, 32, -5, -35, 17, -26, -63, 18, 64, -40, 11, -78, -46, 37, 4, 52, -81, -29, 7, -44, -87, 96, 79, 41, -55, 3, 64, -26, -8, -94, 43, -60, 88, 74, -42, 44, 65, 54, 86, -88, -2, 66, -88, -56, 10, -22, -31, -25, -17, 80, -49, 30, -42, 17, 71, -38, -18, 27, -87, -72, -34, 35, -87, 26, 29, 78, 80, 68, -71, 48, -6, -94, -10, 52, -50, -8, -42, -94, -71, -64, -35, -40, -96, 61, 11, 2, 68, 18, -59, 78, -26, 49, -7, 54, -10, -14, -98, -6, -28, 31, -83, 43, -14, -80, 76, 0, 62, 27, 50, -5, 96, -77, 14, 17, -82, 16, 46, -49, 93, -4, -2, -71, -54, 76, -57, -93, -80, 67, 70, 8, 85, 32, 47, -41, 83, 48, -83, 28, -75, -11, -62, 0, 49, -12, 28, 1, 20, 49, -36, -93, -49, -32, -72, -36, 79, -14, 100, 65, 89, -58, 11, 33, -95, 13, 74, -79, -63, -78, -80, 82, -1, 72, 48, -15, 95, 60, -100, -85, 28, 56, 56, 29, 62, 41, 26, -45, -67, 30, 5, -50, -89, 12, 3, -48, 17, 28, 70, 44, -81, -19, 39, 14, 97, -43, -31, 40, -50, -89, -91, 82, 70, -57, -54, 37, -14, -24, -13, -30, 6, -99, -15, -40, 94, -68, 44, -53, -85, 77, -93, 98, 41, 84, 32, -49, -53, 57, -90, 3, 50, -22, 15, 12, -25, 49, 65, -7, 39, -75, -37, 13, -41, -39, -73, -80, 62, -28, -53, -65, -51, 94, -26, -41, -42, -3, 13, -67, 36, 96, -40, -76, 19, 75, -80, 1, 10, 88, -38, -28, 37, 10, 4, -44, -28, 55, 76, -96, -91, -50, -25, -92, 43, 51, 39, 76, -14, 77, -82, 72, -7, -48, 13, -18, -53, 56, -22, 80, 92, -57, 40, -51, 15, 64, 87, 66, 17, 0, 85, -10, -74, 28, 14, -44, 70, 4, 56, 47, -89, 43, -4, 13, -39, 15, 90, 98, 4, -22, -79, -75, -9, 78, -41, 62, -16, -61, -98, 57, -23, -1, 61, -40, -26, 22, -75, -94, -12, -22, -65, -64, 65, 63, 20, 50, -98, -36, 29, -59, 78, -55, -7, -23, 37, -18, 69, -52, 25, -76, -64, -11, 6, 90, 76, -40, 50, -15, -38, 96, 8, 23, 69, 23, -68, 60, -5, 51, -73, -49, -6, -52, -39, -52, 27, -57, 17, 24, -14, -68, 18, -59, -33, 89, -70, -72, -41, -30, 17, -79, -45, -13, 94, -87, 38, -52, -73, -36, 83, -84, 92, -12, -53, -66, 64, 84, 42, 87, 32, 78, -11, 35, -92, -29, -52, 64, -85, 63, -96, 100, 16, -83, -99, 48, 2, -82, 79, -42, 12, -39, 79, 18, 33, -84, -66, 89, 10, -77, 52, 65, 1, -33, 20, -67, -66, 56, -66, 27, 57, 34, 72, -78, -74, 53, -80, -32, -90, -86, -36, 50, 24, 48, -53, -67, 95, -59, 19, -81, -12, 88, -69, 87, 22, 34, -38, 41, 92, 12, 65, 49, 37, -86, 85, 84, -15, -49, -31, -73, -19, -80, -34, -69, 89, -55, 6, 43, -2, -44, -4, -22, -82, 57, -11, 70, 13, -91, 98, -51, 15, -90, -28, -85, 86, -43, 99, 47, -31, 49, -94, 10, 58, -24, 9, 100, -2, 63, 86, 17, -38, -19, -17, 73, 36, -31, -70, 55, 71, 21, 83, -9, -33, 10, 91, -55, 60, -14, -39, 38, 47, 92, -95, 33, 56, -67, 85, 72, 49, 80, -69, -90, -46, 8, -51, 74, 70, -76, 3, -16, 94, 66, 51, -33, -89, -14, -86, 93, -41, -44, -21, 64, -4, 9, 89, 6, -80, 28, -6, -10, -46, -48, 4, 21, -37, -19, 62, 28, -96, 99, -45, 46, -79, 15, -85, 67, 54, -80, -68, -57, -82, 5, -41, -100, 30, 44, 45, 43, 62, 10, 97, -74, 20, 61, 80, 17, -69, 63, 47, -33, 78, -34, 35, 49, 46, -63, -2, -20, 20, -7, 76, -51, -70, -25, -2, 5, 82, -11, -77, -6, -98, -61, -37, 0, -68, 97, -93, 34, -16, -83, 79, 96, -85, 48, 71, -88, 19, -85, 14, 92, -2, -26, -72, -67, -46, 52, -4, -94, 82, -20, -72, -85, 77, -84, 66, 50, -69, 90, 42, -96, -13, 74, 30, 98, -57, -21, -9, -84, 99, 45, 74, 56, 77, 63, -58, 94, -47, 6, 16, -46, -77, -76, -82, -27, -94, 43, 61, -93, 72, -68, -35, 54, -94, 6, -91, -75, -80, -4, -28, -42, -72, 36, 64, 23, -2, -58, -81, -41, 31, -66, 27, -16, 9, 93, 91, 0, 20, 89, -76, 53, -21, -77, 21, -79, 77, -74, 27, -31, -87, 90, -81, 44, 93, -68, 40, 73, -87, 55, -39, -65, -32, 41, 99, 13, 13, 84, -20, 58, 16, 5, -26, -65, 28, 45, -63, -22, 35, 27, 96, -41, 64, -65, 46, 32, -88, -6, 90, -58, -16, -90, 6, 56, -88, -91, 54, -91, 3, 25, 11, -57, -65, -63, -14, 38, -6, -27, -82, 53, -17, -31, -24, -15, -32, -41, 87, -74, -59, 82, -88, -29, 80, -5, -69, 67, -19, 37, -41, 64, -4, -9, 37, -13, -93, -46, -63, -60, 65, 6, 88, 9, 93, 98, 27, 23, -9, -27, 67, -14, -30, 5, 48, -82, 78, -10, -77, 7, 36, -71, -46, 34, 82, 90, -30, 74, 91, 100, 39, -79, 33, -50, -1, 16, -69, 45, -33, 72, -75, 29, -40, 8, 32, -97, 92, 98, -1, -60, -45, 32, 45, -36, 31, 78, -45, 64, -76, -38, 81, -15, -31, 100, 59, 57, 5, -18, 62, -66, -36, 56, -66, 89, -6, 42, -78, -51, -46, -54, -52, 82, 12, 89, 30, 22, -2, 27, 80, -100, -20, -68, 22, 93, 82, -66, 74, -9, 69, 38, -55, 93, 66, 14, -46, -78, 38, -15, -23, -42, -85, 28, 100, 5, 27, 77, -46, -75, -91, 55, 64, 67, 4, 4, 9, 30, -63, -26, -16, -90, -62, -24, 33, -95, 53, -62, -19, -40, 51, 6, -27, 60, -41, 15, 22, -87, 71, -15, 68, 73, -54, -50, -50, -58, 2, 14, 77, -10, 28, 67, -45, -79, -47, 100, -36, -100, -48, -23, -3, -62, -67, 90, -52, -79, -40, 43, 21, -85, -52, -38, 79, -46, 47, -39, 100, -89, -99, -93, 62, -30, -1, 58, 44, -56, -80, 97, 94, -81, 65, -17, -15, -92, -79, 83, -76, -16, -18, -70, 56, -33, 88, 30, 32, 100, 50, 66, -39, 19, -19, -18, -94, 27, -6, -1, -13, 67, 6, 41, 20, 50, -13, -4, -69, -25, -18, 63, 10, -9, 83, 71, -70, 23, -53, 38, -42, -58, -30, -89, -99, -73, -71, 3, 36, 7, -56, -81, -29, 7, -15, 56, 68, -51, 4, 6, -65, 35, 94, 43, -31, -81, -45, -20, 35, 41, 13, -89, -42, 96, 72, -31, 44, 34, -58, 41, -46, 32, 68, -81, -76, 86, -80, 2, -95, 16, -76, 89, 94, 80, 31, -51, 50, -71, -50, -14, 27, 50, 99, 87, 7, -97, -87, 35, -80, 29, -87, -54, 2, -69, 45, 34, 98, -86, -22, 99, -8, 11, 71, -88, -78, -25, -85, 92, -4, 18, -78, -78, -45, -25, 56, 72, -51, 46, 63, -59, -27, -79, 31, 2, -12, -95, 84, 30, -59, 51, 28, -64, -63, -24, 57, 71, 69, 44, -86, 94, -38, 75, 83, 1, 91, 68, -49, -65, -44, -79, -25, -59, -61, -21, 96, -7, 24, -55, 47, -67, 7, 40, 51, 33, -87, 89, -53, 95, 28, -56, 27, -94, -98, -56, -23, -39, 90, 0, -3, -33, 21, 27, -17, 41, -66, -34, 55, -73, -38, 96, -12, 81, 10, 51, -98, -74, -87, 58, -54, -35, 0, 74, -10, 39, -43, -37, -6, 91, 29, 50, -88, 58, 68, 23, -36, -24, 30, -22, 35, 83, -2, -67, 91, 11, 37, 71, -40, -60, -64, 8, -79, -49, -26, -88, 9, 81, -100, 95, 11, -44, -25, -25, 22, -11, -51, -64, -8, 34, -90, 51, 38, 100, 21, 1, -98, -80, 44, -63, -2, -15, -9, 80, -65, -94, -25, 77, 66, -85, -22, 3, 61, 39, -93, -5, 13, 12, 59, 23, 35, -70, -19, 48, -86, -34, 38, 99, -25, 72, -86, 92, -55, 35, 38, -22, -2, -21, -79, -25, 99, 63, 1, -79, 69, 18, -76, 18, -23, 43, -43, -71, -99, 6, 95, 76, 0, 21, -70, -26, 80, 46, 41, -60, -78, 84, 97, 63, 52, 38, -1, -82, 47, 54, -3, -19, 63, -99, 52, 34, -98, -81, -42, 43, 26, -5, -43, -87, -88, 81, 27, 88, -20, -52, -15, -60, 54, -89, 33, -1, 96, -67, 88, 81, -28, -5, -58, 43, 73, 15, -57, 6, 47, 32, -9, -39, 68, -95, 75, 30, -84, 99, -20, 75, -5, 53, 72, 39, 57, -50, 17, -4, 27, 63, 85, 77, 81, -78, 87, -14, -89, 71, 72, 79, 70, 61, 17, -31, -78, 59, 81, 63, -33, 38, 68, -27, -46, 24, 47, 34, 86, -94, 62, -70, -15, -7, -62, 56, -30, 90, 51, -27, 77, 42, -12, 59, 67, 31, -54, -87, -24, -4, 90, 75, 30, -39, 16, -17, 56, 31, 67, 14, 36, 84, -20, 17, -22, -6, 36, -37, -54, -7, 48, -80, 70, 37, -52, 68, -64, 38, 56, 66, -20, 81, -87, -59, 35, 9, 8, 45, 82, 88, -69, 60, 46, 44, -56, -19, 11, -15, 43, -45, 96, -88, 28, -86, -8, 0, 33, -34, 82, 87, -93, 29, 47, -27, -19, 37, -16, 50, -62, -2, 98, 38, 20, -44, -33, 63, -59, -97, 61, -83, 92, -84, 15, 100, 12, 56, -2, -93, -43, 35, 85, 7, -59, 37, 54, 58, -97, 1, 31, -44, -73, -45, -37, -12, 1, 72, 86, -57, 57, 89, -84, -46, 5, -37, 67, -26, 63, 29, -99, -32, -70, -25, -67, 59, 32, 37, 27, 42, 54, 68, -41, -55, 48, -78, 100, -17, 23, 39, -56, 71, 18, 80, 45, 62, 3, -15, 16, 89, 26, 89, -1, -30, -61, 40, -52, -60, 98, 85, 44, 89, -53, 20, -32, 10, -25, 10, -36, -11, 29, -79, 97, 68, 13, -41, 76, 52, -51, -20, 67, -72, -75, 33, 8, -89, -89, -66, 41, 49, -85, 8, -62, -54, -60, -84, 53, 65, -85, -65, -64, -63, -30, 7, 14, -21, -24, -45, 44, 47, 5, -5, 71, -55, 62, -21, 11, 72, -54, 86, 100, 31, -56, 98, 40, -54, -62, 81, 76, -36, 82, -63, 91, -29, -53, -74, -3, 24, -9, 78, 43, 29, -23, 81, -9, -76, 94, 34, -63, -33, -73, -37, 96, 81, 55, -21, -10, 64, -81, -3, 73, 61, 50, 88, 70, -37, -15, 74, 45, 53, 74, 5, -12, -33, -92, -50, -83, 17, 47, -56, -62, 53, 60, -60, 83, 62, 1, -38, 84, -99, -59, 73, -3, -32, 77, 10, 92, 51, 65, 86, 95, 1, 92, -78, -86, -89, 71, 45, -75, -58, 18, 49, -91, -51, 85, 28, 52, 82, -17, 40, 92, 58, 62, 68, -23, 77, 22, 51, 79, 40, -39, -33, -12, 18, -99, 54, 29, -94, 6, -88, 5, 0, 74, -79, -67, 72, -61, -21, 76, 43, -92, -77, 66, -13, -61, -39, 32, -66, -19, 89, -33, 71, 16, 18, -43, -67, -18, -38, 4, -70, -81, -100, -75, 88, -42, 19, 76, 16, -53, 13, 1, -83, -63, 41, 47, 37, 62, 41, -35, -44, -29, -31, -39, 0, -40, 4, 5, 88, -11, 93, -49, 7, -94, 62, 74, 25, -29, -86, -24, 57, 3, 40, 34, -26, 39, -77, 54, 17, -43, 100, -61, 1, 45, 87, -7, -26, -85, 28, 84, -44, 81, -93, 68, -19, -59, -31, 77, 40, -98, 17, -32, -89, 94, 0, 45, 95, 30, 9, 28, -97, 73, -63, -43, 74, 67, -52, -71, 54, -7, 17, 65, 32, -7, 23, -68, -85, -52, -13, 100, 83, 39, 23, 33, -100, -92, 68, -33, -100, -11, 17, 62, -82, 12, -95, -7, 76, -20, 57, 19, -97, 16, 49, 39, -95, 52, 84, -71, -3, 8, 92, 42, -94, -5, -46, 83, -32, 94, 22, 66, 88, -81, 66, -6, -71, -76, -60, -25, 87, -37, 75, -39, 63, -35, 91, -21, 79, -93, 3, -47, 11, -23, -53, 40, -20, 57, -83, -26, 85, 71, -32, -53, -5, 95, 85, -15, 76, -100, 67, -56, 38, -40, -82, -37, 98, -30, -32, 44, -66, 83, 25, -71, -53, 46, -84, -97, -67, -94, -38, -68, -93, -17, 92, 75, 21, -47, -8, -79, 34, 76, 57, -44, 79, -47, 84, -51, -65, 83, 16, 64, 71, -34, -18, -72, 84, -5, -17, -30, -75, -58, -69, 81, -43, -78, -48, 21, 69, -12, 41, 31, 20, 97, -22, -49, 50, 36, -87, 68, 88, -93, 78, 39, 94, 87, -5, -77, -37, -91, 8, 67, 30, 75, 52, 87, 40, -35, 48, 1, -86, 87, 77, 25, 63, 46, -80, 75, -55, -67, -16, 5, -73, 11, -8, -44, 90, 99, -73, -27, 71, -88, -15, -91, -95, 14, 39, 59, -89, 54, 8, -61, 7, -58, -55, -45, 29, 74, -26, -15, -33, -31, 30, 65, 61, -71, 75, -81, 59, -75, 11, 70, 58, 64, -57, -14, 49, 49, -42, -22, 24, -87, -34, -13, -36, 26, 46, 28, 28, -87, 64, -63, 67, 99, -29, 32, -52, -8, 73, -8, 67, -75, 72, 64, 33, -4, 93, 74, -88, -4, -33, -66, -56, 77, -23, 63, -20, 18, -9, 64, 24, 98, -22, -58, -1, 4, -46, 41, 87, -57, 0, -67, -52, -81, 79, 22, -52, -28, -52, 68, 52, -8, -28, 31, -32, 38, 23, 69, -100, 42, -67, 35, 64, 61, -26, -88, -56, 29, 30, 96, -88, -71, 51, 31, -44, -18, 16, 12, -22, 77, -13, -63, 76, -87, 55, -83, 64, 23, -95, 11, 54, -20, 80, -16, -13, 34, 96, 7, 27, -9, -9, 55, 80, 96, 63, -61, -74, 94, -53, 84, -16, -72, 49, -6, -57, -68, 72, -61, 46, -58, -80, 7, -7, -30, -87, 62, -99, 22, 17, 30, -1, 58, -97, 62, 47, 76, 48, 49, -67, 82, -61, 74, -54, -42, -5, 46, -69, -75, 89, 3, 79, 6, -66, -36, 17, -31, 10, -38, -22, 18, -70, -48, 100, -86, -20, -51, -71, 43, -74, -94, -27, -89, -59, -11, -39, 21, 47, -46, 2, 11, -32, 95, -73, -24, -28, -90, 48, -30, 6, -23, 65, 33, -71, -23, -88, 20, 67, -45, 7, -5, 28, -17, 41, -83, -37, -58, -62, 47, -42, 83, 55, 90, -67, 17, -11, 56, 92, 1, -77, -7, -58, -56, -36, -48, -98, -71, -5, -2, 71, -47, 88, 74, 77, -3, -100, 63, 32, 61, 57, 26, -99, -35, -51, -61, -37, -32, 85, 38, -89, 15, -45, -10, 35, 56, 70, 22, -52, 27, 76, -32, 69, -1, 94, 60, -85, 28, 67, -37, 89, -37, -75, -74, 46, -82, 0, -14, -16, 55, -15, 58, -31, 51, 78, -50, -87, 24, 30, -30, -82, -51, 11, -75, 17, -66, -68, 88, 74, 4, -52, -18, 26, 50, 36, 79, -75, -86, -21, 3, -28, -85, 13, 85, 87, 21, 30, -33, -56, -29, 85, -48, -62, 16, -91, 74, 73, -35, 33, 48, -75, 5, 22, -75, 38, -22, -48, 79, 98, 98, 34, 7, 36, -51, 55, -90, -53, 30, 5, 98, -87, -48, 89, 63, -41, 85, -64, -73, -38, -6, -19, -60, -55, -17, -29, 100, 81, -21, -43, 79, -37, 61, -35, -2, -51, 78, 39, -79, -78, -75, -2, -16, 9, 29, -59, -1, -36, -95, -94, -29, -11, -83, -99, 39, 79, -26, -2, -36, -95, 60, -99, 82, 88, -54, -86, 32, 37, 72, -96, -99, -38, -14, 35, -42, -88, 83, -42, 14, 2, -53, 13, 84, 94, 69, 72, 11, -95, -45, 47, -26, -6, -98, -22, 30, -22, 27, -28, -54, -97, 57, 89, 16, -38, -48, 50, 41, -46, 38, -19, 70, 31, 64, 53, 46, -65, 63, -73, -4, -61, -71, 55, 46, -4, 55, 7, 26, 12, 36, -56, 80, -84, 14, -93, -87, 0, 26, -76, -2, -71, -85, 33, 75, 82, 62, -82, -94, 43, 23, -56, -17, 24, 13, -48, 57, 16, 10, 61, -40, 96, 91, -60, 45, 76, -12, -54, 44, 41, -26, 16, -20, -53, -99, -60, -24, -45, -68, 62, 62, -8, 86, 37, -18, -26, -20, 30, -1, 80, 11, 16, 79, -77, 9, -78, -7, 78, 49, 97, 18, 47, -50, 28, 26, 88, 54, -97, -70, -43, 85, 94, 57, -54, 48, -61, -67, -20, -18, -27, -73, 2, -89, -34, -61, 45, 55, 89, -16, 35, 27, 82, 75, -50, -21, 55, 90, -15, 49, 90, -31, -45, -30, 98, -74, -49, 38, 5, 98, 30, 87, 75, 97, 23, 76, 47, -97, -45, -72, -77, 98, 70, 84, -18, 88, -56, -50, 72, 17, -77, 67, -8, 60, -3, 51, -79, -98, -81, -82, -71, 97, -86, 3, 0, -67, -98, 61, -100, -56, -100, -78, 33, -20, -1, -68, 50, 62, 61, 100, -71, -78, 73, -54, -1, -82, 58, -70, -20, -91, -33, 82, 14, 71, -67, 59, 65, -63, 51, 17, 14, 9, 27, 30, -49, 82, -100, 76, -26, 66, -12, 99, 47, -42, 39, -81, -43, -15, -31, -54, -32, -36, -73, 96, -27, 1, 93, 41, -20, 66, -26, 28, 25, -22, -14, -68, 36, -97, 25, 90, 58, -22, -16, 51, -64, 13, -80, 89, -13, -68, 99, -86, 96, 58, 90, -18, -94, 1, -40, 12, -47, -98, -12, -4, 63, -84, -8, -82, 77, 100, -79, -89, 99, 70, -84, -94, -40, -2, 54, -76, -38, 27, 91, 56, 20, -46, 78, -10, 59, 0, -68, -67, 68, -83, 42, 16, -12, -20, -7, 85, 78, -70, 79, 54, -87, -26, 15, -45, 96, 80, -71, 83, -42, 62, 96, 62, -13, -38, 70, -77, 76, -75, 71, 19, -77, 80, 8, 3, 28, -90, -27, -10, 71, 61, 35, -30, -40, 42, 78, -87, 62, 83, 91, -81, 21, 30, 12, -82, -3, 84, 80, 75, 58, 52, 29, 53, 41, -53, -68, -22, -93, -49, 3, 43, 54, -42, -40, 98, 35, -91, 60, -34, -33, -91, -23, -30, 24, 43, -38, -7, -4, 35, 51, 81, 23, -4, 99, -56, -82, -26, -30, -94, 87, 66, -58, -38, 46, 23, -72, 55, -99, -32, -34, -77, -61, -29, 4, 36, -69, 21, -38, -79, 74, -49, 89, 57, 15, -94, -73, -59, 19, -98, 71, -29, -78, -50, 64, -6, -40, 41, 49, 22, -23, -83, 26, 20, -87, 3, 65, -21, 23, 7, -21, 86, -67, 87, -93, 11, 23, -2, -52, 32, 45, -44, 52, 71, 29, -59, -59, -62, 73, 42, -42, 61, 98, -40, -50, 65, -11, 77, 46, 18, 60, 47, 43, -43, 82, -41, -28, -54, 79, 68, 9, 3, 87, 91, 5, -98, -23, 15, 9, -50, 42, 97, -27, 32, 100, 39, -58, 99, 75, 90, -54, -13, -50, 99, 67, 8, -3, 92, -39, 61, -23, 3, 72, 25, -31, -11, -31, -62, 84, -3, -65, -25, -41, -68, 55, 97, 53, -28, 75, 96, 34, 38, -50, 72, 90, 14, 3, -84, 66, 74, -73, -26, 59, -55, 91, -31, 31, 7, -25, 43, 92, 62, -31, -73, 29, -34, -65, 34, 13, 82, -37, 38, 13, 6, -86, -4, -37, -81, -65, -22, -89, -64, 27, -3, -78, -72, 59, 45, 19, 31, -67, -47, 59, -45, -46, 38, -75, -92, 76, 11, 60, -13, -82, 17, -7, -94, 48, 95, 29, -87, -39, 46, 3, -22, 26, -78, -22, -62, 19, -100, -96, 97, -29, 75, 7, 75, -16, 44, 61, -89, 23, 46, 10, -68, 48, 25, -2, -60, -85, 11, 14, -52, 56, 11, -76, -13, -95, -13, -7, 19, 60, -67, 48, 53, 73, -69, 39, -33, -99, -86, 45, 98, -20, -70, 97, -27, 12, 80, -66, 11, 72, -25, -31, -30, -86, -67, -94, -15, -15, -6, -80, 34, -51, 100, 34, -77, 35, -69, -46, 22, 62, -30, -39, -59, -42, 97, 66, -65, -30, -77, -63, -64, 61, 7, -62, -64, -2, -60, 57, -55, -98, -37, -92, -91, 76, -24, -82, -63, 4, -53, -3, 61, 13, 67, 80, 68, 50, 67, 18, -34, -46, -76, 12, 40, 60, -15, -85, 85, 24, 70, 79, 99, 44, 9, -69, -65, -58, 72, 92, 90, 81, 98, 90, 91, -94, -67, -81, -38, -82, 62, -76, 11, 4, 76, 85, 19, -90, -60, 38, 53, 49, -58, 93, -78, 74, -22, -88, 65, 36, 20, 45, -21, 62, -70, 30, 38, -22, 33, -62, -55, 91, 55, -73, 1, -57, 22, 100, -90, 24, 56, -37, 64, 49, -76, 33, -13, 35, -74, 45, -100, -4, -30, 93, 9, -61, -58, 17, 47, 47, 83, -56, -92, 69, 54, -36, -36, 64, -84, -67, -13, -81, -9, 39, -46, 42, -68, -66, 7, 57, -49, 74, -47, 87, 96, 100, 53, -9, 23, 34, 75, -73, 95, 95, 91, 100, -21, 51, -59, 34, 87, -72, -19, -19, 34, 71, 11, 94, 83, 96, -75, 53, -94, -57, -86, 100, -85, 91, -49, -24, 23, 45, 46, -40, -21, -70, 63, -81, 85, 97, 27, -41, -39, -12, -30, 41, 3, 99, -100, 93, 1, -97, -25, -21, -35, -22, 68, -19, -28, -82, 56, -43, 2, -92, -65, -28, 47, -30, 80, -35, 13, -2, 52, 1, -65, 59, -40, 43, 24, -5, -14, -69, 86, -4, 6, -86, 42, -75, -8, -1, -20, 67, 47, 22, 27, -43, -23, -20, 39, -66, -19, 42, -73, -13, 22, 90, -15, -38, -86, -1, -82, -65, -29, 5, 16, 5, 16, -18, -51, 91, -68, 58, 73, -58, -3, 90, 38, -7, -20, 30, -43, 16, 73, 34, 97, -28, -42, 40, 95, -22, -60, 88, 37, 22, 65, 13, -33, -11, 85, -82, 57, 96, -67, 96, -61, -28, 50, 65, -53, -39, 34, 8, 1, -92, 45, 49, 41, 60, -66, -24, 54, 40, 2, 91, 33, -86, -6, 56, 96, 27, 7, -44, 67, 97, 66, -35, 19, 18, -48, -13, 43, 78, 41, 49, 63, 16, -25, 59, 42, 65, -48, 50, 34, 58, -74, 20, -92, 65, -90, -74, -72, -92, -24, 30, 9, -54, 21, -41, -98, -86, 42, 46, 47, -55, 25, -91, 67, -41, 76, -88, 27, 66, 89, 71, 56, 79, -22, -40, 13, 50, 35, -32, -54, -35, 65, -79, 97, 23, 78, -24, -60, -76, 88, 96, 1, -91, 11, -33, 29, 58, 79, 84, 18, -63, 59, 45, -98, -14, 1, -88, 22, -73, -85, -90, -58, -1, 45, -21, -37, 68, 69, 37, 90, 6, 24, 76, 33, 15, -11, -3, 41, 33, -90, 18, 77, -32, -72, -7, -63, 100, 59, -83, 12, 79, -92, 15, -36, -34, -30, 60, -6, 20, 17, 83, 73, 11, 53, 17, 54, 89, 56, 47, -40, -58, -53, 1, 55, -32, -34, 1, -51, -51, 77, 63, 28, 4, -42, 2, 50, 92, 3, -52, -64, -15, 88, -41, -64, 4, 59, 27, 4, 96, -52, 15, 99, -42, -90, -42, 14, -9, 80, 100, 52, 3, -32, 71, 41, -84, 80, 41, -21, 50, 74, 24, 59, -12, 86, -7, 76, -60, -28, 93, -38, 46, 94, -34, -15, 63, -48, -96, 72, -51, 1, 31, -100, -57, -40, -36, -5, -93, 32, 87, 33, -77, 16, 45, -39, 83, -2, -92, -68, 92, -45, 1, -12, 67, -67, 85, -15, 69, 34, 17, -90, -99, 9, 17, -9, -7, 13, -14, 71, -17, 48, -70, -43, 58, -17, -88, -43, -7, -32, 77, -35, 89, -47, 7, 4, 98, 44, 58, 56, 9, 24, 60, 82, 75, 12, 97, 45, -84, 46, 100, -77, 61, -35, 68, -74, -53, 50, 85, -92, 92, -21, -32, -56, -54, 17, -81, 27, 36, -16, -4, 27, -96, 81, 88, -22, 47, -29, 85, -71, -63, 10, 17, -99, -76, 71, -21, -44, 83, 6, -70, -39, -17, -40, 69, 60, 18, 17, 63, -60, -98, 25, -8, -30, -2, 78, -23, 26, 75, -92, 25, 48, 94, 0, 98, -14, 33, -67, 90, 43, -62, -15, -48, -47, 9, -7, -63, -79, 95, 40, 97, 45, -93, 27, -71, 90, 55, 89, 74, 93, -66, 16, -19, -39, -39, 94, 22, 0, -47, 69, 69, 68, 54, -23, -79, -65, 43, 61, 46, 95, 73, -52, -88, 90, 37, 59, 90, -5, 17, 77, 93, 20, 33, -11, 55, -11, -79, 93, -11, -26, 62, -47, -79, 51, 33, -21, -76, -100, -77, 45, -100, -22, 30, 62, -85, 50, -36, -58, 2, 61, 24, 41, 20, -84, 2, -92, -93, 9, 31, -95, 17, 69, 85, 56, -14, 19, -20, 77, 100, -65, 86, -51, 48, -89, 67, 79, 50, -71, 32, -20, 64, -43, -19, -21, -36, 83, -59, -14, -73, 45, -18, -15, -29, -62, 4, 97, 67, 92, 82, -30, 66, 37, -13, -20, 24, 50, 17, 72, 74, 95, -68, 19, -7, 48, 35, 36, 75, -22, 72, -18, -61, -22, 29, 10, 31, -10, -80, 7, 5, 44, 68, -69, -96, 61, -56, -6, 53, 69, 89, -90, -95, 89, 77, -25, -39, -100, 47, 98, -15, 7, 50, 43, -74, -25, 6, 15, 47, -5, 51, -28, -56, -23, -60, 100, 58, -29, -95, 50, -22, 21, -27, 54, -16, -71, -42, -3, 87, 3, -100, -40, 60, -68, 8, 20, 70, -8, -97, 42, -93, 33, -48, 80, 88, 81, -36, 59, -57, 90, -65, -30, 31, -81, 3, 26, 78, -16, 77, -28, -30, 70, 58, -89, 63, 22, 51, -90, -81, 60, -38, -58, 96, 83, -72, 24, 83, -42, -36, -24, -99, -66, -11, 81, -46, -8, -95, 54, 18, -10, -68, -7, -13, 14, 55, -77, -39, -7, -62, 47, -58, -53, 14, -62, -9, -52, 39, -39, 88, -96, 54, -54, 59, 100, -2, 12, 42, -64, 58, -11, -1, 15, -74, 31, 80, -79, -56, -73, 5, 44, 92, 97, -59, 3, -43, -1, 92, 84, -18, -72, 64, -24, -88, 18, 23, -60, 10, 0, -84, -64, 9, 98, -95, -82, -19, -61, 32, 60, -52, 44, 3, -39, 63, -19, -72, 39, 37, 7, 2, -83, -89, -39, 26, -62, -20, 96, 64, 30, 82, 72, 85, -83, -24, -16, -96, -38, -55, 84, 14, -76, 5, 0, 29, 37, -83, -48, 92, -45, -71, -38, -48, 8, -10, 77, 93, -7, 92, -62, -15, 71, 29, 18, -40, -89, 43, 57, -78, 33, -33, -25, 62, -17, 7, 40, -68, 32, 70, -8, -11, -22, -51, -13, -71, 11, -11, -40, -80, 20, 39, -77, 2, -99, -4, -45, -100, -96, 40, 100, 99, 50, 27, -100, 14, -22, 1, -97, -13, -88, -84, -20, -78, 47, 48, 77, -21, -32, -92, 60, -91, -81, -4, 91, 9, 45, -84, -40, -93, -95, 25, -98, -16, 40, -81, -26, 74, -53, 20, -98, -97, 35, 11, 32, 50, 83, -20, -51, -52, -75, -81, 73, -4, -91, 40, -51, -40, 45, 93, -36, -51, 86, 80, 64, 1, 39, 54, -73, -51, 85, 89, 88, 77, 27, 53, 26, -74, -100, -79, 35, 27, 89, -46, 85, 15, 74, 27, -51, -2, -53, 20, 16, -35, 96, 96, 1, 91, -22, -80, -29, 96, 89, -61, -73, 54, -1, -91, 30, 17, 74, 6, -73, -13, -40, -32, 63, -82, -84, 44, 57, 44, 50, -13, 54, 70, -98, -48, -32, 57, -80, 46, -37, 45, 18, 23, 14, -28, 100, 73, -25, -44, 5, 54, 80, 76, -93, 48, -19, -9, 15, -60, 15, -73, -81, 89, 21, 46, -62, 62, -4, 36, 98, -25, 94, 32, -59, 56, -35, -74, 34, -42, 28, -82, -54, 25, -84, 95, 76, 4, -23, 10, -46, -93, 99, 54, 86, -99, 78, 85, 81, -51, -77, 24, -88, -53, 96, -98, -38, 20, 41, 100, 7, 12, -42, 44, -83, -56, -4, 61, -93, -34, -39, 60, -36, 91, -13, 64, 37, -3, 34, 35, 36, 39, -71, -47, 85, 18, 48, -90, -69, -38, -61, 29, 63, 33, 30, 85, 89, 53, 22, -22, 98, 73, -96, 42, 37, -49, -88, 34, -90, 51, -10, -34, -99, 68, -1, 70, 62, -47, -89, 21, -78, 35, -1, -28, -25, -20, -81, 46, 88, -95, -42, -16, -52, 9, -76, 74, 82, -49, 88, 97, 72, -69, -48, 39, -28, 77, -15, -56, -14, -13, 35, -100, 37, 61, -8, -54, -19, -99, 7, 79, 13, -74, -34, -70, 32, 34, 94, 49, 64, 78, 0, 9, 70, -67, 9, -61, -15, -54, -29, -23, -73, 16, 67, -62, -82, 3, -71, -43, 18, 59, -99, -100, 20, -29, 13, 87, -99, -76, -97, -25, 87, -90, -70, 11, 24, 48, 63, 57, -16, 42, -19, -60, 20, -48, 33, -70, 92, -77, 35, -61, -72, 48, 12, 30, 94, 5, 20, 95, 92, 36, -44, 52, 64, 58, -31, -7, -54, 27, -96, -60, -70, 76, 35, 5, 41, 10, 28, -60, 15, 48, 76, 4, 65, 2, -4, -17, 62, 29, -13, -65, 31, -35, 4, 68, -16, 15, 89, -7, -56, 83, 48, -37, 86, 30, 51, 13, 31, -8, -74, -3, -70, 25, 16, -34, -55, -58, -97, 3, 86, -17, 16, -99, 32, 69, -63, -53, 29, -14, 9, -12, 37, 49, 49, 22, -62, -3, -23, -35, -64, -20, 90, -42, -88, 59, 33, -1, -63, 92, -82, -74, -93, 47, 96, -37, 25, -84, 72, -82, -76, 18, -84, -7, 6, 1, -73, 83, -95, 97, 60, -61, 83, 83, -77, -16, -68, 21, -26, -35, 33, -14, -46, -22, 9, -11, -95, 92, -79, -50, -93, -63, -45, -94, -70, -53, -69, -67, 73, 62, -34, 22, 68, -1, 26, -84, 56, 97, -39, 89, -33, 94, 44, -59, 50, 80, -99, 19, 41, -10, 25, -45, -37, -98, 58, 71, -1, 73, 55, 51, 11, 100, -63, -46, 8, 23, 21, 27, 6, 81, -61, 75, 30, -27, -2, -91, 89, 49, 74, 11, 8, 40, -3, -85, 68, 24, 72, 71, 66, -14, -23, 15, -79, 37, -96, 79, -15, 34, -15, -85, -53, 83, 29, 10, -55, 1, 17, 71, 33, -29, -83, -67, 63, -7, 88, -20, 69, -48, -15, -1, -67, 48, -92, 64, -59, -73, 6, 68, -78, -56, 81, -26, 90, 84, 6, 89, 5, 37, 60, -34, 98, 17, -78, -9, 75, 18, 27, -68, -77, -26, 66, 27, -69, 57, 74, 1, -54, 90, -88, 58, -77, 1, 22, 3, 11, -31, -29, 10, 23, 6, 85, 18, -81, -24, -26, 26, -42, -93, -87, -76, -17, 25, -23, 93, -59, 4, 77, 12, 11, -100, 43, 60, -62, 3, 54, 47, -55, 77, 17, -1, 87, 17, 21, -93, -57, 5, 50, 98, -45, -91, 38, 18, 16, 70, -69, -52, -31, -80, 79, 43, 68, 11, 30, 38, 26, -41, 54, 0, 89, 18, -43, 39, 3, -61, 13, -68, -34, -42, 83, 44, 90, -55, -96, 49, 68, -68, -72, -37, -8, -86, 63, -48, 44, -43, -34, 62, 19, 46, 39, 12, -99, -30, 25, 32, -42, 9, 28, 8, 39, -98, -20, -87, -79, -57, 23, 86, 54, -87, -75, -83, 96, 79, -50, -24, -65, 54, -36, 40, 5, 5, 35, -75, 55, -19, 44, 22, 84, -92, 16, 67, 83, -91, -82, 11, 58, -29, 69, 57, 53, 70, 29, -49, -89, 49, -55, -79, -66, -8, 91, -57, 41, 13, -28, -78, -20, -64, -93, 8, -27, -85, -21, 67, 74, 44, 100, 74, 2, 22, -23, 42, -43, -75, -18, -15, 77, -58, 59, -79, 35, 56, -65, -24, -40, 62, 25, -97, -82, -28, 30, 61, 71, 44, 100, -10, -89, 95, 13, 6, -89, 82, 87, -60, 29, 88, 78, 82, 98, 48, 45, -62, 35, -9, 9, -21, 92, -37, -23, 60, -100, -40, 60, -10, -62, 66, -100, -6, -8, 80, -26, 60, -91, 62, -2, 85, -48, -70, 85, 55, -94, -41, -52, 35, 89, 7, 26, -32, -51, 65, -56, 90, -17, 70, 97, 90, 18, -35, 21, 59, 43, 58, -11, 22, 86, 9, 57, -25, -89, 98, 31, -45, 92, -99, 13, -56, -6, -4, 98, -82, -84, -62, 55, -82, -45, 89, 63, 69, -87, -61, -1, -61, 45, 12, -92, 36, 36, -96, 73, -7, -23, -48, -15, 7, -35, -33, -7, -6, -6, -8, 68, 60, 17, -65, 51, -98, -8, 35, 69, -97, 60, 61, -13, 61, -49, -39, 95, 85, -73, 41, -81, -75, 53, -30, -77, 28, -12, 36, -13, -17, -67, 12, -95, -69, -37, -2, 59, 99, -79, -30, -64, -93, -70, -21, 5, 43, -59, -52, -75, 65, -60, 53, -91, -84, 64, -79, 57, -58, -28, 4, 10, -54, 38, -57, -10, 32, 5, 85, -54, 48, 1, -79, -77, 13, 83, 47, 65, -4, -68, -45, -57, 66, 96, -37, 50, 74, -71, -75, -61, 1, -32, -27, 93, 40, -65, -8, 52, 49, -44, -96, 36, -43, 39, 14, 52, -37, -57, 80, 66, 27, -32, -38, -64, 12, -89, 4, -48, 7, 48, 15, 62, 67, 78, 43, -42, -89, 9, -45, -100, -33, 20, -21, 60, -96, -78, 18, 56, 38, -96, 71, -17, 27, 62, -52, 77, 86, -49, 57, 25, 10, 48, 8, 37, -88, -31, -52, -55, 25, 89, -60, -16, 85, -93, -85, -83, -78, 81, 72, -88, -69, 81, -38, 64, 83, 78, -77, -37, -69, 7, 6, -99, 92, -32, -66, -2, 26, 96, 85, -3, 26, -81, 30, 41, 28, 59, -87, 46, 12, 80, -98, 88, -60, -56, 46, -84, 58, -99, 49, -3, 0, 56, -95, -6, -47, 40, 50, 1, -30, 52, -68, 71, -61, 88, 51, 73, 18, -76, -87, -63, -28, 57, 56, 15, -34, -54, -40, -68, 15, 42, -78, -56, -20, -44, -92, 62, -66, -64, -21, 79, -89, -10, 71, 44, 9, 86, 80, -41, 97, -59, 52, 77, 54, -16, -87, 26, -76, 25, -53, -97, -22, -12, -30, 9, -65, 52, 86, -2, -73, 99, -91, 13, 94, -24, -23, 57, -82, -41, -21, -27, -31, -52, 57, 0, -31, 100, 15, 25, 75, -46, 60, 85, -21, -41, -64, 97, -26, 71, 38, 38, -22, 10, -68, 47, -4, -88, 75, 78, -62, 35, 90, -19, 62, 81, -77, 74, 65, -70, 71, -51, 20, -57, 22, 58, -56, 15, -87, 27, 29, -88, -32, 20, -74, -20, 58, 35, -23, -67, 4, 11, -15, -39, 82, 67, -51, 70, 99, -17, -19, -56, 49, -17, -82, 53, 98, -73, -90, 81, 26, 38, 56, 95, -79, 54, -36, -27, 6, 77, -29, -19, -39, 61, -67, 25, -58, 26, 17, -71, -64, -11, -86, 35, 7, 71, -48, 40, 66, -31, 3, -34, 84, -15, 30, 44, 21, 21, -17, 91, 34, 73, 89, 83, 35, -80, -29, 73, 64, -95, 67, -51, 11, -53, -47, -49, 62, 81, -96, 31, 41, -14, -72, -13, 9, -94, -2, -99, -50, -44, 57, 5, 78, 42, 79, 52, 63, -71, -45, -67, 46, 87, -7, 98, -12, -75, -78, -22, -46, 79, 63, -36, -42, 54, -62, 27, -6, 67, 35, -41, -41, 32, -20, 45, -100, 47, -15, -91, -3, -88, 16, -21, 34, 4, 8, -45, -6, -34, -92, 53, -83, 61, 47, 78, -10, -46, -26, -75, 88, 47, -69, 30, 8, -31, -57, 55, -29, -89, 77, 76, 63, 11, 42, -20, 79, -41, -1, 38, 25, 88, 79, -27, 16, 75, -96, 76, -85, -90, -67, 73, -51, 74, -37, -47, 69, 54, -48, 95, -7, 7, 84, -42, 34, 37, -99, -78, 76, -83, 1, -96, -21, -77, 51, -43, -41, -11, 24, 31, 58, -95, 79, -97, 92, 17, -56, 83, -24, 57, 8, -12, 98, 82, 67, -99, -26, 4, 11, 22, 81, 53, 50, 65, 66, 31, -53, 98, -4, 78, -1, 16, 13, -40, -6, -23, -8, 19, -88, 65, -89, 69, 38, -20, 96, -94, 20, -80, 8, 83, 69, 12, -22, 57, 16, -44, 11, -60, -64, 15, 75, -13, -55, -11, 47, -89, 85, -9, -78, -21, 27, 55, 38, 14, -83, 53, -68, -81, -95, 0, -79, 64, 61, -10, 12, -77, -81, -36, 79, 51, -39, -14, 95, -84, 29, -19, 61, 90, 33, 99, -56, 87, -72, 39, -86, 1, -78, -10, -79, 34, -76, -31, -77, -82, -64, 26, 4, -69, -70, -93, 100, 51, -9, 82, -3, 28, 91, -49, 7, -85, 32, -32, 82, 72, 31, 33, 41, -7, -82, -73, -58, 45, 46, 23, -91, 41, -78, -32, 5, 56, -32, 100, -30, 16, 75, -48, 1, 42, 11, -51, -85, 22, 14, 2, 95, 54, -13, 41, 5, -70, -98, -73, -83, 17, 12, -53, -50, -68, -11, 3, -39, 55, 3, 45, -57, -9, -63, 17, 87, -87, 0, 25, -59, 14, -51, 24, -95, -62, -70, 93, 69, -64, 78, 53, 48, 7, -81, -39, -45, 20, 21, 2, -86, -88, -32, -6, -32, 83, -23, -4, -3, -31, 30, 71, -17, -2, -49, 83, -40, 25, -43, -16, 42, 89, 65, 22, -5, -72, 10, -25, -2, -70, -71, 39, 33, -5, -44, -35, -100, 51, -72, 0, -37, 85, 15, 37, 76, -68, 30, -17, -51, -6, -100, 25, 90, -38, 17, -19, -68, 74, 52, -1, 87, 20, -12, 25, -68, 43, 65, -71, -75, 64, -21, 18, 28, -96, -27, -100, -3, -29, -100, 16, 64, 71, 35, -28, 30, 71, 19, 29, -86, 4, 39, -65, 82, -65, -27, -38, 39, 23, 67, -43, 59, -66, -50, 92, -5, 95, -72, 16, -27, 44, -44, 87, -31, 65, -54, 91, 73, 65, 47, -55, -29, -69, -62, -4, -23, 100, -47, 23, 45, -66, -28, -1, 30, 55, -27, 66, 76, -3, -84, -10, 71, 69, -98, 73, -51, 42, 96, -10, 20, -12, -80, -64, -56, 12, 17, 43, 86, 86, -26, 35, 90, 81, 35, 87, 55, -50, -78, -12, -54, -81, -44, -33, -47, 17, -54, -48, 58, -94, 87, 54, -96, -55, 53, 55, -13, 18, -73, -7, 21, 9, 89, -35, -18, 37, -11, -35, -20, 14, -68, 96, 71, 23, 18, 58, 25, -15, -55, 8, 28, -51, 43, 0, -36, 3, 32, 11, 15, 2, 9, -64, -3, 26, -34, -36, -45, 80, -67, -12, -68, -71, 94, -61, -64, 89, 90, 11, 61, -19, 7, 18, 75, -90, 28, 25, -18, 15, -57, -68, -68, 89, -82, 40, -68, -53, -25, 55, -41, -61, 77, -100, -34, -64, -6, -66, 34, -54, -55, -2, 32, -38, 50, -99, 24, 35, -5, 16, 46, -51, -89, 95, 41, 34, 12, -56, 47, 16, -79, 6, 44, 19, 88, -67, -72, 76, 46, -90, 59, -44, 66, 60, -96, -35, -93, 0, -37, -2, 71, -74, -1, -49, -23, -67, -94, 24, -95, -20, 83, -1, 65, -93, -50, -86, -79, 57, 4, -9, -84, -30, -34, -95, 56, 18, -25, -45, 49, -38, -19, 59, -11, -26, 93, 15, -65, 12, 75, 66, -45, -51, -12, -9, 79, -74, 2, 91, -37, -50, -13, -62, 32, 41, 18, -32, 67, -23, 35, 73, -69, -96, -16, 36, 92, -30, 75, -69, -8, 19, 71, -48, -100, 19, 16, 11, 58, 26, 14, -97, 5, -65, 79, -5, -12, -9, -31, -43, 23, -78, -45, -71, 87, 67, -27, 52, 78, -77, 44, 26, 7, -23, -90, 61, -38, 74, 85, 50, -13, 55, -13, 70, 94, 6, -71, -40, 69, 97, 74, -90, -82, -75, 34, 33, -73, -73, 46, 65, -73, -90, 43, 88, 61, 68, 16, 31, 34, 75, 60, -85, 100, 56, -36, -38, 44, -7, 38, 93, -75, 18, -40, -40, -48, -16, -82, -98, 4, 8, -23, 76, -72, 100, -38, -93, 37, 96, 68, -98, -49, 37, -55, -84, 34, 32, -20, 52, -25, 71, 17, 47, -49, 84, -32, -13, -32, -64, -25, 83, 59, 28, -25, 54, 12, -14, -92, 47, -11, -95, 91, 93, 3, -21, 1, -65, 58, 95, 53, -37, -47, -56, 48, 3, 8, -29, 65, 5, 81, -74, -36, -48, -26, -19, -42, -61, -31, -54, 32, 2, -82, 92, 69, -86, -93, 3, 65, 7, -72, -3, 64, -44, -75, -9, 83, 25, -53, -96, -15, -95, -80, 45, 73, 1, -34, -42, 90, 72, 6, 44, -78, -24, 3, 36, 2, -6, 26, 0, 84, -38, -28, 20, -64, 33, 43, -60, 55, 54, 67, -32, 8, -51, -39, 10, -25, -55, -97, 34, -26, -100, -60, -50, -41, -62, -97, -77, -21, 73, 96, 47, 59, -52, -15, 8, 6, 65, 48, 64, 22, 15, 83, 64, -76, 18, 62, -43, -81, -3, -3, 65, 14, -20, 8, -50, -45, 35, 2, -22, -14, -39, -25, 34, -48, -4, -88, 27, -94, -79, -42, 24, -95, 74, -97, -18, 23, -84, 54, -81, 0, -71, -26, -99, -82, -71, -1, 94, 99, 67, -16, -12, -10, -38, -67, 85, 8, 60, 100, 10, 88, 96, -1, -80, -15, -89, 31, -87, -95, -63, -6, 79, -97, 60, -32, -77, -90, 10, 90, -49, -57, 88, -3, 67, -95, 40, -28, 58, -59, 95, 65, 1, 61, -30, 46, -11, 88, 57, 67, 55, 32, 29, 26, 29, 95, 68, -63, 98, -30, 79, 99, 37, -39, 64, -17, 67, -79, 45, 89, 5, -32, 10, 42, 58, 88, -80, -33, -50, 84, -84, 19, 9, -2, 11, 28, 12, 19, -7, -16, 91, 59, -74, -79, 79, -46, 32, 83, 81, 79, -68, -11, -37, -10, 63, -20, 17, -70, 91, 18, -56, -68, -73, 0, 88, -85, -50, -21, 34, 33, -82, -23, 31, -21, -50, -48, -65, -53, 6, 39, 82, -22, -46, -27, 5, 67, -26, 52, -43, -58, 11, -99, -29, -19, -98, 83, 0, 35, 79, -91, 13, -22, -40, -68, -42, -27, -74, -73, -10, -5, 18, 64, 0, -66, -73, 30, -67, -97, -74, 47, -30, 20, -57, -76, -75, -7, 93, 90, -72, 97, -39, -66, 90, 94, 92, 8, -75, 12, 99, -29, 95, 24, 45, 98, -21, 22, 30, -46, 50, -90, -95, 12, -18, -58, 37, 9, -7, -66, 25, 44, -88, 27, 32, 37, -26, -33, 37, -93, 41, -49, -54, 83, -76, -47, -78, 52, -20, -87, 83, -22, -51, 73, 87, 65, 90, -68, -70, 86, 57, 77, -80, 2, 37, 64, 11, -100, -68, -92, 13, -99, -74, -52, -34, 40, 70, -85, 58, -9, -78, -24, 40, -56, 0, 10, 97, 26, -27, 10, -91, -51, -11, 16, 50, -74, 45, -95, 21, -28, -78, 31, 100, 55, -17, -55, -10, 86, -95, 64, -62, -38, -38, -62, -30, 71, -54, -47, 72, 24, -35, 8, 25, -20, 75, -7, 42, -52, -31, -30, 9, -45, -41, 11, -81, -43, -94, -97, -47, 26, -16, 34, 14, 14, -5, -50, -70, -2, -38, 91, -23, 27, -48, 68, 17, 50, 42, 50, -94, -18, -56, 52, 1, -35, 3, 75, -93, -61, 17, 61, -81, 87, 51, 7, 75, -97, -9, 49, 91, -53, -26, -54, 83, 46, -14, -70, 14, 90, 5, 40, 24, 97, 63, -58, 65, 87, 9, -21, -46, -74, -7, 71, -22, 48, -60, 11, 22, -50, -19, 77, 24, 33, -16, 90, -96, -43, -28, 37, 98, -89, 99, 21, -22, 19, 2, 57, 4, -90, -33, 30, -36, -39, 84, -69, 15, -68, 24, -36, -83, 27, -20, 23, -56, -75, 65, -2, -14, 89, -12, 78, -73, 57, 36, 88, -49, -24, -47, 54, -47, -80, -21, -41, -81, -8, 70, 32, -74, -38, -42, -49, 48, 76, 16, -28, -68, -40, 48, -1, 10, 51, -71, 56, 4, 9, -72, -28, -81, 28, -37, 39, 64, 27, -94, 80, 26, -32, 100, 100, 31, 43, 78, -72, -3, -51, -25, -41, 25, 63, 86, 68, 96, 12, 49, 66, 3, -98, -82, 1, -27, 94, -23, -33, 21, -29, 14, -86, -59, 78, -55, -96, 16, -47, 92, 96, -73, -17, 30, -55, 14, -32, 86, 75, 33, -63, 67, -44, 79, -47, 68, 13, -92, 23, 83, 61, 55, -93, -33, 24, -18, 59, 72, -68, 61, -87, 36, -16, -73, 47, 19, -56, 8, -87, -39, -23, -52, -9, -54, -31, 83, -41, -44, -65, 53, -54, 79, -67, -98, -72, 27, -47, -86, 78, 60, -75, -82, 23, 48, -99, -1, -77, 57, 73, 98, -75, 0, -45, 100, -67, -5, 30, -38, -98, -72, -24, 42, 67, -17, 99, -84, 29, -88, 19, 68, -82, 49, 7, -40, -55, 18, 5, 87, 78, 0, -61, 27, -57, -57, 12, -78, -62, 90, -93, -72, -25, -82, 27, 42, 38, 58, 2, -80, -39, -31, -79, 39, 17, 52, -61, 88, -79, 62, -39, 7, 62, -55, 74, 99, -85, 56, -82, 88, 34, 42, -35, -68, 45, -69, 45, -10, 8, 96, -98, 9, -85, 15, -7, -55, -82, 87, 13, 15, -58, 37, 30, -68, -65, -44, 89, 92, 95, -34, -35, -56, -41, -37, 18, -85, -70, -92, 13, 20, -83, -24, 98, -68, 22, 25, 41, 52, 69, 49, 54, -71, -95, 82, 64, 73, 93, 93, -22, -49, -48, 52, -19, -4, 1, 71, 57, 35, 70, 99, -55, -7, -3, -79, -25, 64, 68, -26, -6, 67, 52, -53, -29, 27, 0, -14, 42, -63, 75, -19, -12, 43, -49, 48, 36, 25, -11, 87, 53, -71, -28, 71, 11, 87, 60, 14, 51, 86, 11, -53, 23, -98, -47, -73, -56, 79, -16, 0, 25, -47, 74, 20, -4, 3, 91, 46, 53, -34, -41, 14, 18, -92, -97, -57, -75, 45, -57, -21, 86, 88, 85, -32, -48, -100, 37, -43, 17, -91, 56, -51, 88, -40, -76, -67, -14, 10, -80, 98, 2, -46, 49, 94, -89, 81, -1, 78, -96, -82, -52, 68, -41, -39, -84, -84, -16, -43, -74, -14, -49, 47, 20, -42, -29, 80, 29, -20, -20, -83, 34, 20, 55, -17, 87, -19, -67, 32, 23, -11, 45, 77, 90, -58, 62, -65, -84, 47, 23, 62, -82, -66, -91, -12, -39, -14, -49, 32, 26, 31, 29, -34, -82, -71, 54, -73, -100, 85, 66, 8, -35, 7, -57, 61, 19, -51, -71, 70, 50, -54, -83, 64, -68, -7, -86, 100, -95, -70, 96, 18, -33, 15, -58, 18, -93, -19, -84, -69, -20, 49, 13, -24, -43, 92, 31, 74, -85, -32, -39, 76, 7, -35, 49, -69, 24, 30, 85, -42, 94, 54, -15, -12, 57, 74, -47, 34, 29, 5, -99, -21, 26, 56, 42, 56, 99, 55, 29, -82, -68, 19, -13, -38, -50, -30, 69, -28, -43, 31, 96, -32, -9, 99, -66, -37, 32, -53, 8, -51, 85, 24, -80, -49, 38, -44, 60, 7, -52, -18, -2, 19, -42, 92, 77, -52, 95, 48, 98, -98, 6, 52, 22, 22, -21, 58, -27, -18, 31, 22, -74, 59, -23, 11, -37, -1, 34, 12, 94, -2, 22, -10, -33, 14, 22, -65, 65, 63, -72, 99, 67, 46, -13, 63, -23, -51, -87, 27, 1, -91, 19, -23, 85, 5, -39, 82, -42, 85, -17, 86, -98, -70, -50, 61, -66, 40, 16, -12, -93, -17, -92, 19, -57, -52, -44, -4, -74, 37, -33, -8, -11, 56, -34, 16, -11, 90, 26, -46, -5, -55, -19, 41, 37, -19, -30, -49, 78, -59, -50, 45, 58, 76, -32, -81, -86, -1, 73, 15, -5, 90, 21, -40, 89, -45, 53, -57, -37, 44, -87, 82, 88, 25, -51, -36, 91, 52, -89, 46, 11, 21, 17, 90, 11, 97, -35, 23, 46, 37, 67, -65, 50, -43, 41, -35, 52, -51, 57, -19, -25, -24, 64, 81, -84, 28, 81, 13, -62, -83, 23, 7, 62, -36, 69, -31, -49, 35, 89, -71, 71, 3, 57, -27, -26, -36, 65, -66, 77, 53, -51, -76, 53, -82, 72, 67, -23, -13, -56, -8, -74, -22, -76, -79, 7, -39, 24, -49, -67, 37, -33, -38, 1, 70, 43, 6, -89, 74, 9, -50, -84, -32, -71, 58, -29, -27, -58, -66, -13, 4, -53, 38, 22, 14, 38, 51, 97, -95, 20, 22, 6, 78, 36, -3, 57, 1, -95, 70, 63, 31, 43, 15, -88, 91, -58, -3, -2, 80, -6, 42, 48, -46, -57, -30, -20, 0, -31, -9, -45, -35, 0, 50, -6, -90, 4, 0, -47, 42, 44, 78, -49, 10, -89, -33, 6, -36, 28, -24, 70, -43, 64, 67, 6, -19, -93, -65, 11, -56, -55, -87, 78, -51, 27, 6, -90, 90, 13, 19, 2, 9, 88, -5, -68, 13, -28, -40, 5, -71, 17, 23, 62, 4, -9, -79, -89, -40, 40, 68, 1, 39, -22, 95, -10, -17, -53, 5, 60, 95, 32, -18, -4, -67, 73, -31, 47, -7, 88, -72, 46, -36, 29, -69, -61, 69, -100, 78, 15, -11, -70, 71, -16, -50, 64, 66, 60, -80, -53, 55, -82, -68, -49, -47, -69, 84, 91, 47, 65, 13, -27, 83, -11, 14, -53, -42, 66, -68, -47, -67, 94, 81, 4, -87, -33, 12, -87, 7, 43, 85, 37, -64, -53, -43, -88, -93, -84, -54, -72, -12, 17, 52, 24, 74, -84, -32, 80, -67, -15, -94, -77, 74, -6, 4, -44, -50, -39, 92, -46, -21, -49, -86, 20, -6, -69, -1, -58, 56, -52, -40, -68, 96, 68, 16, 69, 3, -1, 42, -72, -48, -84, -3, -83, -78, 87, -46, 14, -15, -41, 11, 59, 95, 14, -84, 78, -49, -51, 53, 54, 33, 23, -71, -63, 67, 74, -68, 61, -82, 8, -19, 92, -98, -4, -77, 69, -95, 82, 95, -48, 99, -24, -16, -3, -39, -6, -22, -86, 71, 55, -30, -90, -41, 48, 96, -46, 44, 81, 21, 30, -73, -95, -89, 25, 75, 67, 83, 42, -74, -74, -82, 61, 83, -44, 43, -47, 17, 3, -12, -63, 96, 17, 59, 77, 39, -50, 52, -55, -88, 12, -22, -97, 22, -34, -28, 30, -62, 100, 38, 70, 10, -82, -54, 7, -77, -77, 69, 95, 35, -75, -85, -12, 59, -39, -38, 29, 64, 99, -27, -16, -22, -61, 74, 75, -63, -33, -61, -95, -99, -29, 70, 17, -90, 90, -16, -55, 8, 64, -19, 81, -39, 61, 30, 91, 73, -90, 40, -100, 4, 68, -86, 88, 93, -70, -87, 62, -79, 21, 28, 51, -12, 80, 32, 73, 69, 67, 56, -9, -52, -37, 13, 65, -10, -49, 65, 8, -17, -22, 20, -95, 42, 20, -52, 17, -58, 64, -96, -88, 46, 32, -30, 36, 20, -33, -91, 42, -55, -94, -65, -74, 6, 60, 79, 85, 81, -25, -69, 88, 95, -94, 35, 18, -53, -35, 0, 25, 26, -56, 45, 54, -55, -24, 22, 42, -76, 84, 46, 29, 96, -53, -52, -7, -39, -65, -81, -2, 40, 50, 69, -15, -35, -64, 75, -77, 4, 96, -12, -64, -22, 69, -17, 22, 81, -42, -70, 75, -24, -62, -77, -87, 95, 7, -7, -20, -84, 51, 55, -56, -76, -74, 91, 17, 26, -9, 37, 70, -94, 73, -7, 64, 20, 31, -60, -13, 90, 16, -92, -99, 92, -74, -46, 56, 46, -23, -24, 98, 32, 67, -8, 92, 87, 91, 82, 6, 8, 91, -1, 66, 23, 83, 50, 59, -42, 90, -45, 99, 43, 18, -84, -78, -93, -44, -39, 90, 84, 91, -100, 26, 14, 45, -72, -66, -57, 43, 85, 91, -30, -3, -38, -84, -31, -44, -91, -70, 5, 88, 49, -15, 89, -100, -79, 51, 7, 17, 52, -38, 100, -88, -51, 71, 93, 23, -36, 68, -43, 96, 24, 65, 20, -33, -79, -43, 88, 31, 28, -55, 80, 63, 20, 31, 85, 30, 34, -29, 2, -95, -73, -40, -27, -43, -37, -32, 58, -12, -81, 81, -48, -44, -89, -26, -22, 83, 59, 27, 50, 45, -92, 43, 46, 2, -4, -60, -40, -32, 30, 74, 38, 36, 48, 19, 44, 50, -31, -34, -46, 98, -79, 37, -21, 4, -64, -35, -6, 46, -9, -30, -83, 17, -13, 11, 87, 96, -24, 49, 62, -87, 60, 0, 92, 50, 88, 96, 17, 86, -68, 9, 55, 94, 63, 73, -6, 24, 50, -21, -44, -81, 83, 49, 0, -89, -92, 83, -71, -61, -35, 19, -42, 37, -25, -45, 12, 36, -41, 30, 42, -57, 62, 98, -96, 3, -78, -100, -32, -74, -61, -62, -97, -41, 34, -5, 77, -10, 60, 46, -31, 89, -49, 17, 27, 68, 33, 46, -62, 66, -96, -32, 99, -30, -7, 71, 22, 65, 54, -14, -35, -36, 13, 45, -80, 10, 42, -60, -23, -42, 24, -32, -31, 85, -8, 27, -2, -54, -49, -22, -78, -19, 48, 44, -11, 2, 72, 12, -24, -80, 37, 76, 93, 79, -40, 16, -14, 61, -15, 73, 55, 73, -24, 30, -33, -15, -45, -77, -70, -60, 56, 44, -38, -47, 67, 94, -15, -15, -97, -40, 44, 3, -64, -8, -82, 77, 94, 78, -45, 83, -93, -26, 2, -57, 33, -96, 24, 89, -62, 25, 10, 38, 12, -2, 44, 30, 27, 46, -98, 12, 86, 16, -94, 54, -71, 87, -46, -73, 33, -20, 76, -97, 94, 23, -65, 22, 91, -35, -21, 53, -81, -49, -14, -11, 2, 4, -45, 59, -50, 86, 50, 22, -66, 72, -30, -82, 95, -8, -55, 42, 61, -54, 16, 66, -47, -44, -33, -39, -50, 29, 18, -64, -29, 96, -24, 43, -62, 5, -25, 69, 84, 74, -37, -37, 32, -36, -15, 67, 57, 19, -65, -94, 89, 56, -15, -91, -74, -83, 16, -37, -66, -63, 63, 73, -11, 43, 70, -33, -1, -19, -59, -80, -12, -71, 80, -6, 43, -58, -98, -81, 79, -39, -38, -36, 45, 71, -97, 33, 76, -49, -38, -84, 54, 67, 73, -78, 81, -85, 26, 85, -15, 42, 93, 53, 80, 61, 89, 36, 45, 11, 95, 31, -49, -51, -33, 18, 78, -43, 33, 43, 50, 75, -71, -81, -54, -56, 25, 97, -9, 17, 99, 88, -41, 11, 24, 34, 93, 21, 41, -24, -68, 89, -11, 75, -56, 14, 84, 21, -84, -83, 56, 20, -36, 18, 67, 16, -5, -66, -29, -48, -35, -5, 38, 78, 26, -43, -10, 50, 71, -51, 64, 14, -21, -24, 91, -15, 43, 7, 79, 17, -44, 2, 21, 41, -48, -69, -42, 79, 9, 35, -60, -39, 62, -75, -60, -48, 68, -59, -20, 12, -8, 58, 3, 2, -59, -12, -19, 98, -56, 60, -99, -87, 92, 67, 98, 17, 36, 34, -52, 96, -21, 37, 52, -87, 2, -75, -51, 16, 81, 17, 100, -61, 0, -64, -9, -53, 64, -18, 95, -53, -21, 45, -80, -77, 62, 89, -29, -77, 76, -20, 64, 91, -66, 8, 22, -55, 31, -92, -78, -53, -68, 15, -97, 64, -86, 21, 67, -28, -78, -27, -100, -16, 7, 41, 90, 84, -85, -29, -43, 23, 23, 82, 78, -40, -79, -15, 57, 12, -41, 54, 13, -55, -66, 12, -29, 52, -5, 67, -18, 34, 10, 31, -66, -78, 61, 45, 2, 76, -82, -52, 71, -21, 72, -81, 43, 4, -82, 30, 73, 15, -22, 96, -4, -22, -44, -87, 90, 83, -25, 93, -48, -59, -14, -7, -53, 7, 80, -83, -80, 69, 45, 79, 30, -85, -26, 21, -37, 14, 12, 51, -34, -34, -70, 54, -19, 36, -28, -45, -21, 62, -59, -67, -79, -95, -44, -68, -20, -69, -57, -38, 31, 27, 30, 76, 56, 79, 54, -3, -28, 43, 84, -64, -97, -89, -93, -17, 0, 98, -32, 35, 8, 8, -32, 5, -10, 43, 86, -42, 55, 68, -1, -66, -16, -67, -33, 53, 78, 15, 34, -2, 68, 91, -45, -55, -87, 57, 90, 94, 48, -16, 58, 91, -90, -53, 29, -92, 0, -31, 97, 29, -58, -90, -13, -62, -4, 48, 71, -15, 32, 81, -66, 59, 17, 9, 84, -10, -63, -72, -55, 71, -30, 67, -78, -44, -44, -28, 32, -21, 30, 36, 96, 82, 14, -79, -85, -76, 14, -60, 38, 76, 71, -52, 32, 6, -37, -20, -29, -22, -13, 55, 70, 28, -95, -46, -95, -34, 43, 7, -11, -23, 6, -85, -21, 34, -55, 51, 34, -67, 1, 84, -43, -73, 76, 67, 10, -5, -28, -39, -53, 89, -27, 84, -17, 43, 46, 4, 98, 5, -54, -3, 48, 19, -89, -79, 70, -100, -9, -81, 67, -95, 76, 0, 14, -69, 51, 52, -77, -71, -48, -44, 36, -78, -33, 65, 72, -91, 86, 57, 41, 19, -58, -18, 88, 42, -5, -50, 77, 8, -30, -49, 25, -54, -24, 67, -13, 68, 56, -34, 26, 13, -43, 44, -63, -67, -61, -44, -96, -11, 77, -62, 22, 68, 48, -32, 34, -35, -71, -58, 9, -61, 5, -89, 78, 77, 85, -87, 31, -5, 59, 0, 58, 74, -91, 93, -49, -97, 74, -4, -33, -87, -82, -19, 96, -38, 87, -2, 0, 51, -82, 54, 68, 18, -86, -43, 21, 93, -21, -8, 8, 86, -89, -100, -4, 89, -76, 52, 45, -51, -66, 29, 98, -18, -62, -39, 99, 44, 62, -42, -15, -73, 74, -51, -42, 55, -69, -9, -69, 16, -74, -66, 61, 35, 25, 38, 95, -23, 87, 85, -59, -63, -20, -22, -40, 45, 86, -21, -61, -62, 39, -57, -48, -97, 73, -86, 11, -45, -99, 5, 96, 39, 3, 52, -8, -55, -49, 98, 93, -8, -86, -54, 81, -55, -77, -59, 96, 42, 52, -68, 53, 67, -9, 84, -41, 91, 80, 94, -39, -47, 29, 48, 29, -36, 45, 4, -1, -17, -36, 82, -86, -74, 53, -92, -44, -11, 51, -73, -83, -30, -21, 45, 94, 36, -9, 54, 71, 90, -37, -27, 35, -98, 8, 54, 63, -83, -38, 25, -4, -28, 45, -82, 64, -83, 92, 75, 12, 65, 38, 25, 82, 30, -59, -37, 59, -53, -37, -43, -68, -55, 78, -61, -54, 98, 83, 47, -32, 56, 39, -75, 78, 53, -16, 12, -87, -62, 51, -21, 0, 36, 94, -49, -100, 21, -62, -5, -17, 96, -85, 13, 19, 7, -61, -75, -44, -69, -8, -58, 36, 93, -49, -90, -52, -39, 13, -25, -14, -21, -35, 97, 74, -73, 68, 62, 38, 67, -2, -24, -7, 99, 54, -86, -84, 69, -93, -65, -48, 40, 70, 63, 57, 13, 98, 10, 67, 54, 6, -62, 93, -94, -15, 2, 17, -69, 5, 75, -93, 27, -99, 65, -50, 90, -20, -44, 66, 77, -22, -7, 7, -75, 40, -90, 45, -46, -43, -73, 47, 32, 4, 28, 32, 45, 25, 17, -84, 22, 100, -34, 52, 41, 22, -26, 52, 15, 85, 39, -50, -86, -76, 87, 34, -31, -4, -63, -56, 79, -99, -95, 99, -20, 91, -32, 57, -85, -45, -49, -55, 89, -62, -46, 38, -46, -7, 53, 69, 24, -85, 17, 44, -7, -26, 11, -78, 53, 63, 31, 74, 54, -52, 87, -45, -61, -32, 44, 29, -91]
Subarray found: [77, 66, -85, -22, 3, 61, 39, -93, -5, 13, 12, 59, 23, 35, -70, -19, 48, -86, -34, 38, 99, -25, 72, -86, 92, -55, 35, 38, -22, -2, -21, -79, -25, 99, 63, 1, -79, 69, 18, -76, 18, -23, 43, -43, -71, -99, 6, 95, 76, 0, 21, -70, -26, 80, 46, 41, -60, -78, 84, 97, 63, 52, 38, -1, -82, 47, 54, -3, -19, 63, -99, 52, 34, -98, -81, -42, 43, 26, -5, -43, -87, -88, 81, 27, 88, -20, -52, -15, -60, 54, -89, 33, -1, 96, -67, 88, 81, -28, -5, -58, 43, 73, 15, -57, 6, 47, 32, -9, -39, 68, -95, 75, 30, -84, 99, -20, 75, -5, 53, 72, 39, 57, -50, 17, -4, 27, 63, 85, 77, 81, -78, 87, -14, -89, 71, 72, 79, 70, 61, 17, -31, -78, 59, 81, 63, -33, 38, 68, -27, -46, 24, 47, 34, 86, -94, 62, -70, -15, -7, -62, 56, -30, 90, 51, -27, 77, 42, -12, 59, 67, 31, -54, -87, -24, -4, 90, 75, 30, -39, 16, -17, 56, 31, 67, 14, 36, 84, -20, 17, -22, -6, 36, -37, -54, -7, 48, -80, 70, 37, -52, 68, -64, 38, 56, 66, -20, 81, -87, -59, 35, 9, 8, 45, 82, 88, -69, 60, 46, 44, -56, -19, 11, -15, 43, -45, 96, -88, 28, -86, -8, 0, 33, -34, 82, 87, -93, 29, 47, -27, -19, 37, -16, 50, -62, -2, 98, 38, 20, -44, -33, 63, -59, -97, 61, -83, 92, -84, 15, 100, 12, 56, -2, -93, -43, 35, 85, 7, -59, 37, 54, 58, -97, 1, 31, -44, -73, -45, -37, -12, 1, 72, 86, -57, 57, 89, -84, -46, 5, -37, 67, -26, 63, 29, -99, -32, -70, -25, -67, 59, 32, 37, 27, 42, 54, 68, -41, -55, 48, -78, 100, -17, 23, 39, -56, 71, 18, 80, 45, 62, 3, -15, 16, 89, 26, 89, -1, -30, -61, 40, -52, -60, 98, 85, 44, 89, -53, 20, -32, 10, -25, 10, -36, -11, 29, -79, 97, 68, 13, -41, 76, 52, -51, -20, 67, -72, -75, 33, 8, -89, -89, -66, 41, 49, -85, 8, -62, -54, -60, -84, 53, 65, -85, -65, -64, -63, -30, 7, 14, -21, -24, -45, 44, 47, 5, -5, 71, -55, 62, -21, 11, 72, -54, 86, 100, 31, -56, 98, 40, -54, -62, 81, 76, -36, 82, -63, 91, -29, -53, -74, -3, 24, -9, 78, 43, 29, -23, 81, -9, -76, 94, 34, -63, -33, -73, -37, 96, 81, 55, -21, -10, 64, -81, -3, 73, 61, 50, 88, 70, -37, -15, 74, 45, 53, 74, 5, -12, -33, -92, -50, -83, 17, 47, -56, -62, 53, 60, -60, 83, 62, 1, -38, 84, -99, -59, 73, -3, -32, 77, 10, 92, 51, 65, 86, 95, 1, 92, -78, -86, -89, 71, 45, -75, -58, 18, 49, -91, -51, 85, 28, 52, 82, -17, 40, 92, 58, 62, 68, -23, 77, 22, 51, 79, 40, -39, -33, -12, 18, -99, 54, 29, -94, 6, -88, 5, 0, 74, -79, -67, 72, -61, -21, 76, 43, -92, -77, 66, -13, -61, -39, 32, -66, -19, 89, -33, 71, 16, 18, -43, -67, -18, -38, 4, -70, -81, -100, -75, 88, -42, 19, 76, 16, -53, 13, 1, -83, -63, 41, 47, 37, 62, 41, -35, -44, -29, -31, -39, 0, -40, 4, 5, 88, -11, 93, -49, 7, -94, 62, 74, 25, -29, -86, -24, 57, 3, 40, 34, -26, 39, -77, 54, 17, -43, 100, -61, 1, 45, 87, -7, -26, -85, 28, 84, -44, 81, -93, 68, -19, -59, -31, 77, 40, -98, 17, -32, -89, 94, 0, 45, 95, 30, 9, 28, -97, 73, -63, -43, 74, 67, -52, -71, 54, -7, 17, 65, 32, -7, 23, -68, -85, -52, -13, 100, 83, 39, 23, 33, -100, -92, 68, -33, -100, -11, 17, 62, -82, 12, -95, -7, 76, -20, 57, 19, -97, 16, 49, 39, -95, 52, 84, -71, -3, 8, 92, 42, -94, -5, -46, 83, -32, 94, 22, 66, 88, -81, 66, -6, -71, -76, -60, -25, 87, -37, 75, -39, 63, -35, 91, -21, 79, -93, 3, -47, 11, -23, -53, 40, -20, 57, -83, -26, 85, 71, -32, -53, -5, 95, 85, -15, 76, -100, 67, -56, 38, -40, -82, -37, 98, -30, -32, 44, -66, 83, 25, -71, -53, 46, -84, -97, -67, -94, -38, -68, -93, -17, 92, 75, 21, -47, -8, -79, 34, 76, 57, -44, 79, -47, 84, -51, -65, 83, 16, 64, 71, -34, -18, -72, 84, -5, -17, -30, -75, -58, -69, 81, -43, -78, -48, 21, 69, -12, 41, 31, 20, 97, -22, -49, 50, 36, -87, 68, 88, -93, 78, 39, 94, 87, -5, -77, -37, -91, 8, 67, 30, 75, 52, 87, 40, -35, 48, 1, -86, 87, 77, 25, 63, 46, -80, 75, -55, -67, -16, 5, -73, 11, -8, -44, 90, 99, -73, -27, 71, -88, -15, -91, -95, 14, 39, 59, -89, 54, 8, -61, 7, -58, -55, -45, 29, 74, -26, -15, -33, -31, 30, 65, 61, -71, 75, -81, 59, -75, 11, 70, 58, 64, -57, -14, 49, 49, -42, -22, 24, -87, -34, -13, -36, 26, 46, 28, 28, -87, 64, -63, 67, 99, -29, 32, -52, -8, 73, -8, 67, -75, 72, 64, 33, -4, 93, 74, -88, -4, -33, -66, -56, 77, -23, 63, -20, 18, -9, 64, 24, 98, -22, -58, -1, 4, -46, 41, 87, -57, 0, -67, -52, -81, 79, 22, -52, -28, -52, 68, 52, -8, -28, 31, -32, 38, 23, 69, -100, 42, -67, 35, 64, 61, -26, -88, -56, 29, 30, 96, -88, -71, 51, 31, -44, -18, 16, 12, -22, 77, -13, -63, 76, -87, 55, -83, 64, 23, -95, 11, 54, -20, 80, -16, -13, 34, 96, 7, 27, -9, -9, 55, 80, 96, 63, -61, -74, 94, -53, 84, -16, -72, 49, -6, -57, -68, 72, -61, 46, -58, -80, 7, -7, -30, -87, 62, -99, 22, 17, 30, -1, 58, -97, 62, 47, 76, 48, 49, -67, 82, -61, 74, -54, -42, -5, 46, -69, -75, 89, 3, 79, 6, -66, -36, 17, -31, 10, -38, -22, 18, -70, -48, 100, -86, -20, -51, -71, 43, -74, -94, -27, -89, -59, -11, -39, 21, 47, -46, 2, 11, -32, 95, -73, -24, -28, -90, 48, -30, 6, -23, 65, 33, -71, -23, -88, 20, 67, -45, 7, -5, 28, -17, 41, -83, -37, -58, -62, 47, -42, 83, 55, 90, -67, 17, -11, 56, 92, 1, -77, -7, -58, -56, -36, -48, -98, -71, -5, -2, 71, -47, 88, 74, 77, -3, -100, 63, 32, 61, 57, 26, -99, -35, -51, -61, -37, -32, 85, 38, -89, 15, -45, -10, 35, 56, 70, 22, -52, 27, 76, -32, 69, -1, 94, 60, -85, 28, 67, -37, 89, -37, -75, -74, 46, -82, 0, -14, -16, 55, -15, 58, -31, 51, 78, -50, -87, 24, 30, -30, -82, -51, 11, -75, 17, -66, -68, 88, 74, 4, -52, -18, 26, 50, 36, 79, -75, -86, -21, 3, -28, -85, 13, 85, 87, 21, 30, -33, -56, -29, 85, -48, -62, 16, -91, 74, 73, -35, 33, 48, -75, 5, 22, -75, 38, -22, -48, 79, 98, 98, 34, 7, 36, -51, 55, -90, -53, 30, 5, 98, -87, -48, 89, 63, -41, 85, -64, -73, -38, -6, -19, -60, -55, -17, -29, 100, 81, -21, -43, 79, -37, 61, -35, -2, -51, 78, 39, -79, -78, -75, -2, -16, 9, 29, -59, -1, -36, -95, -94, -29, -11, -83, -99, 39, 79, -26, -2, -36, -95, 60, -99, 82, 88, -54, -86, 32, 37, 72, -96, -99, -38, -14, 35, -42, -88, 83, -42, 14, 2, -53, 13, 84, 94, 69, 72, 11, -95, -45, 47, -26, -6, -98, -22, 30, -22, 27, -28, -54, -97, 57, 89, 16, -38, -48, 50, 41, -46, 38, -19, 70, 31, 64, 53, 46, -65, 63, -73, -4, -61, -71, 55, 46, -4, 55, 7, 26, 12, 36, -56, 80, -84, 14, -93, -87, 0, 26, -76, -2, -71, -85, 33, 75, 82, 62, -82, -94, 43, 23, -56, -17, 24, 13, -48, 57, 16, 10, 61, -40, 96, 91, -60, 45, 76, -12, -54, 44, 41, -26, 16, -20, -53, -99, -60, -24, -45, -68, 62, 62, -8, 86, 37, -18, -26, -20, 30, -1, 80, 11, 16, 79, -77, 9, -78, -7, 78, 49, 97, 18, 47, -50, 28, 26, 88, 54, -97, -70, -43, 85, 94, 57, -54, 48, -61, -67, -20, -18, -27, -73, 2, -89, -34, -61, 45, 55, 89, -16, 35, 27, 82, 75, -50, -21, 55, 90, -15, 49, 90, -31, -45, -30, 98, -74, -49, 38, 5, 98, 30, 87, 75, 97, 23, 76, 47, -97, -45, -72, -77, 98, 70, 84, -18, 88, -56, -50, 72, 17, -77, 67, -8, 60, -3, 51, -79, -98, -81, -82, -71, 97, -86, 3, 0, -67, -98, 61, -100, -56, -100, -78, 33, -20, -1, -68, 50, 62, 61, 100, -71, -78, 73, -54, -1, -82, 58, -70, -20, -91, -33, 82, 14, 71, -67, 59, 65, -63, 51, 17, 14, 9, 27, 30, -49, 82, -100, 76, -26, 66, -12, 99, 47, -42, 39, -81, -43, -15, -31, -54, -32, -36, -73, 96, -27, 1, 93, 41, -20, 66, -26, 28, 25, -22, -14, -68, 36, -97, 25, 90, 58, -22, -16, 51, -64, 13, -80, 89, -13, -68, 99, -86, 96, 58, 90, -18, -94, 1, -40, 12, -47, -98, -12, -4, 63, -84, -8, -82, 77, 100, -79, -89, 99, 70, -84, -94, -40, -2, 54, -76, -38, 27, 91, 56, 20, -46, 78, -10, 59, 0, -68, -67, 68, -83, 42, 16, -12, -20, -7, 85, 78, -70, 79, 54, -87, -26, 15, -45, 96, 80, -71, 83, -42, 62, 96, 62, -13, -38, 70, -77, 76, -75, 71, 19, -77, 80, 8, 3, 28, -90, -27, -10, 71, 61, 35, -30, -40, 42, 78, -87, 62, 83, 91, -81, 21, 30, 12, -82, -3, 84, 80, 75, 58, 52, 29, 53, 41, -53, -68, -22, -93, -49, 3, 43, 54, -42, -40, 98, 35, -91, 60, -34, -33, -91, -23, -30, 24, 43, -38, -7, -4, 35, 51, 81, 23, -4, 99, -56, -82, -26, -30, -94, 87, 66, -58, -38, 46, 23, -72, 55, -99, -32, -34, -77, -61, -29, 4, 36, -69, 21, -38, -79, 74, -49, 89, 57, 15, -94, -73, -59, 19, -98, 71, -29, -78, -50, 64, -6, -40, 41, 49, 22, -23, -83, 26, 20, -87, 3, 65, -21, 23, 7, -21, 86, -67, 87, -93, 11, 23, -2, -52, 32, 45, -44, 52, 71, 29, -59, -59, -62, 73, 42, -42, 61, 98, -40, -50, 65, -11, 77, 46, 18, 60, 47, 43, -43, 82, -41, -28, -54, 79, 68, 9, 3, 87, 91, 5, -98, -23, 15, 9, -50, 42, 97, -27, 32, 100, 39, -58, 99, 75, 90, -54, -13, -50, 99, 67, 8, -3, 92, -39, 61, -23, 3, 72, 25, -31, -11, -31, -62, 84, -3, -65, -25, -41, -68, 55, 97, 53, -28, 75, 96, 34, 38, -50, 72, 90, 14, 3, -84, 66, 74, -73, -26, 59, -55, 91, -31, 31, 7, -25, 43, 92, 62, -31, -73, 29, -34, -65, 34, 13, 82, -37, 38, 13, 6, -86, -4, -37, -81, -65, -22, -89, -64, 27, -3, -78, -72, 59, 45, 19, 31, -67, -47, 59, -45, -46, 38, -75, -92, 76, 11, 60, -13, -82, 17, -7, -94, 48, 95, 29, -87, -39, 46, 3, -22, 26, -78, -22, -62, 19, -100, -96, 97, -29, 75, 7, 75, -16, 44, 61, -89, 23, 46, 10, -68, 48, 25, -2, -60, -85, 11, 14, -52, 56, 11, -76, -13, -95, -13, -7, 19, 60, -67, 48, 53, 73, -69, 39, -33, -99, -86, 45, 98, -20, -70, 97, -27, 12, 80, -66, 11, 72, -25, -31, -30, -86, -67, -94, -15, -15, -6, -80, 34, -51, 100, 34, -77, 35, -69, -46, 22, 62, -30, -39, -59, -42, 97, 66, -65, -30, -77, -63, -64, 61, 7, -62, -64, -2, -60, 57, -55, -98, -37, -92, -91, 76, -24, -82, -63, 4, -53, -3, 61, 13, 67, 80, 68, 50, 67, 18, -34, -46, -76, 12, 40, 60, -15, -85, 85, 24, 70, 79, 99, 44, 9, -69, -65, -58, 72, 92, 90, 81, 98, 90, 91, -94, -67, -81, -38, -82, 62, -76, 11, 4, 76, 85, 19, -90, -60, 38, 53, 49, -58, 93, -78, 74, -22, -88, 65, 36, 20, 45, -21, 62, -70, 30, 38, -22, 33, -62, -55, 91, 55, -73, 1, -57, 22, 100, -90, 24, 56, -37, 64, 49, -76, 33, -13, 35, -74, 45, -100, -4, -30, 93, 9, -61, -58, 17, 47, 47, 83, -56, -92, 69, 54, -36, -36, 64, -84, -67, -13, -81, -9, 39, -46, 42, -68, -66, 7, 57, -49, 74, -47, 87, 96, 100, 53, -9, 23, 34, 75, -73, 95, 95, 91, 100, -21, 51, -59, 34, 87, -72, -19, -19, 34, 71, 11, 94, 83, 96, -75, 53, -94, -57, -86, 100, -85, 91, -49, -24, 23, 45, 46, -40, -21, -70, 63, -81, 85, 97, 27, -41, -39, -12, -30, 41, 3, 99, -100, 93, 1, -97, -25, -21, -35, -22, 68, -19, -28, -82, 56, -43, 2, -92, -65, -28, 47, -30, 80, -35, 13, -2, 52, 1, -65, 59, -40, 43, 24, -5, -14, -69, 86, -4, 6, -86, 42, -75, -8, -1, -20, 67, 47, 22, 27, -43, -23, -20, 39, -66, -19, 42, -73, -13, 22, 90, -15, -38, -86, -1, -82, -65, -29, 5, 16, 5, 16, -18, -51, 91, -68, 58, 73, -58, -3, 90, 38, -7, -20, 30, -43, 16, 73, 34, 97, -28, -42, 40, 95, -22, -60, 88, 37, 22, 65, 13, -33, -11, 85, -82, 57, 96, -67, 96, -61, -28, 50, 65, -53, -39, 34, 8, 1, -92, 45, 49, 41, 60, -66, -24, 54, 40, 2, 91, 33, -86, -6, 56, 96, 27, 7, -44, 67, 97, 66, -35, 19, 18, -48, -13, 43, 78, 41, 49, 63, 16, -25, 59, 42, 65, -48, 50, 34, 58, -74, 20, -92, 65, -90, -74, -72, -92, -24, 30, 9, -54, 21, -41, -98, -86, 42, 46, 47, -55, 25, -91, 67, -41, 76, -88, 27, 66, 89, 71, 56, 79, -22, -40, 13, 50, 35, -32, -54, -35, 65, -79, 97, 23, 78, -24, -60, -76, 88, 96, 1, -91, 11, -33, 29, 58, 79, 84, 18, -63, 59, 45, -98, -14, 1, -88, 22, -73, -85, -90, -58, -1, 45, -21, -37, 68, 69, 37, 90, 6, 24, 76, 33, 15, -11, -3, 41, 33, -90, 18, 77, -32, -72, -7, -63, 100, 59, -83, 12, 79, -92, 15, -36, -34, -30, 60, -6, 20, 17, 83, 73, 11, 53, 17, 54, 89, 56, 47, -40, -58, -53, 1, 55, -32, -34, 1, -51, -51, 77, 63, 28, 4, -42, 2, 50, 92, 3, -52, -64, -15, 88, -41, -64, 4, 59, 27, 4, 96, -52, 15, 99, -42, -90, -42, 14, -9, 80, 100, 52, 3, -32, 71, 41, -84, 80, 41, -21, 50, 74, 24, 59, -12, 86, -7, 76, -60, -28, 93, -38, 46, 94, -34, -15, 63, -48, -96, 72, -51, 1, 31, -100, -57, -40, -36, -5, -93, 32, 87, 33, -77, 16, 45, -39, 83, -2, -92, -68, 92, -45, 1, -12, 67, -67, 85, -15, 69, 34, 17, -90, -99, 9, 17, -9, -7, 13, -14, 71, -17, 48, -70, -43, 58, -17, -88, -43, -7, -32, 77, -35, 89, -47, 7, 4, 98, 44, 58, 56, 9, 24, 60, 82, 75, 12, 97, 45, -84, 46, 100, -77, 61, -35, 68, -74, -53, 50, 85, -92, 92, -21, -32, -56, -54, 17, -81, 27, 36, -16, -4, 27, -96, 81, 88, -22, 47, -29, 85, -71, -63, 10, 17, -99, -76, 71, -21, -44, 83, 6, -70, -39, -17, -40, 69, 60, 18, 17, 63, -60, -98, 25, -8, -30, -2, 78, -23, 26, 75, -92, 25, 48, 94, 0, 98, -14, 33, -67, 90, 43, -62, -15, -48, -47, 9, -7, -63, -79, 95, 40, 97, 45, -93, 27, -71, 90, 55, 89, 74, 93, -66, 16, -19, -39, -39, 94, 22, 0, -47, 69, 69, 68, 54, -23, -79, -65, 43, 61, 46, 95, 73, -52, -88, 90, 37, 59, 90, -5, 17, 77, 93, 20, 33, -11, 55, -11, -79, 93, -11, -26, 62, -47, -79, 51, 33, -21, -76, -100, -77, 45, -100, -22, 30, 62, -85, 50, -36, -58, 2, 61, 24, 41, 20, -84, 2, -92, -93, 9, 31, -95, 17, 69, 85, 56, -14, 19, -20, 77, 100, -65, 86, -51, 48, -89, 67, 79, 50, -71, 32, -20, 64, -43, -19, -21, -36, 83, -59, -14, -73, 45, -18, -15, -29, -62, 4, 97, 67, 92, 82, -30, 66, 37, -13, -20, 24, 50, 17, 72, 74, 95, -68, 19, -7, 48, 35, 36, 75, -22, 72, -18, -61, -22, 29, 10, 31, -10, -80, 7, 5, 44, 68, -69, -96, 61, -56, -6, 53, 69, 89, -90, -95, 89, 77, -25, -39, -100, 47, 98, -15, 7, 50, 43, -74, -25, 6, 15, 47, -5, 51, -28, -56, -23, -60, 100, 58, -29, -95, 50, -22, 21, -27, 54, -16, -71, -42, -3, 87, 3, -100, -40, 60, -68, 8, 20, 70, -8, -97, 42, -93, 33, -48, 80, 88, 81, -36, 59, -57, 90, -65, -30, 31, -81, 3, 26, 78, -16, 77, -28, -30, 70, 58, -89, 63, 22, 51, -90, -81, 60, -38, -58, 96, 83, -72, 24, 83, -42, -36, -24, -99, -66, -11, 81, -46, -8, -95, 54, 18, -10, -68, -7, -13, 14, 55, -77, -39, -7, -62, 47, -58, -53, 14, -62, -9, -52, 39, -39, 88, -96, 54, -54, 59, 100, -2, 12, 42, -64, 58, -11, -1, 15, -74, 31, 80, -79, -56, -73, 5, 44, 92, 97, -59, 3, -43, -1, 92, 84, -18, -72, 64, -24, -88, 18, 23, -60, 10, 0, -84, -64, 9, 98, -95, -82, -19, -61, 32, 60, -52, 44, 3, -39, 63, -19, -72, 39, 37, 7, 2, -83, -89, -39, 26, -62, -20, 96, 64, 30, 82, 72, 85, -83, -24, -16, -96, -38, -55, 84, 14, -76, 5, 0, 29, 37, -83, -48, 92, -45, -71, -38, -48, 8, -10, 77, 93, -7, 92, -62, -15, 71, 29, 18, -40, -89, 43, 57, -78, 33, -33, -25, 62, -17, 7, 40, -68, 32, 70, -8, -11, -22, -51, -13, -71, 11, -11, -40, -80, 20, 39, -77, 2, -99, -4, -45, -100, -96, 40, 100, 99, 50, 27, -100, 14, -22, 1, -97, -13, -88, -84, -20, -78, 47, 48, 77, -21, -32, -92, 60, -91, -81, -4, 91, 9, 45, -84, -40, -93, -95, 25, -98, -16, 40, -81, -26, 74, -53, 20, -98, -97, 35, 11, 32, 50, 83, -20, -51, -52, -75, -81, 73, -4, -91, 40, -51, -40, 45, 93, -36, -51, 86, 80, 64, 1, 39, 54, -73, -51, 85, 89, 88, 77, 27, 53, 26, -74, -100, -79, 35, 27, 89, -46, 85, 15, 74, 27, -51, -2, -53, 20, 16, -35, 96, 96, 1, 91, -22, -80, -29, 96, 89, -61, -73, 54, -1, -91, 30, 17, 74, 6, -73, -13, -40, -32, 63, -82, -84, 44, 57, 44, 50, -13, 54, 70, -98, -48, -32, 57, -80, 46, -37, 45, 18, 23, 14, -28, 100, 73, -25, -44, 5, 54, 80, 76, -93, 48, -19, -9, 15, -60, 15, -73, -81, 89, 21, 46, -62, 62, -4, 36, 98, -25, 94, 32, -59, 56, -35, -74, 34, -42, 28, -82, -54, 25, -84, 95, 76, 4, -23, 10, -46, -93, 99, 54, 86, -99, 78, 85, 81, -51, -77, 24, -88, -53, 96, -98, -38, 20, 41, 100, 7, 12, -42, 44, -83, -56, -4, 61, -93, -34, -39, 60, -36, 91, -13, 64, 37, -3, 34, 35, 36, 39, -71, -47, 85, 18, 48, -90, -69, -38, -61, 29, 63, 33, 30, 85, 89, 53, 22, -22, 98, 73, -96, 42, 37, -49, -88, 34, -90, 51, -10, -34, -99, 68, -1, 70, 62, -47, -89, 21, -78, 35, -1, -28, -25, -20, -81, 46, 88, -95, -42, -16, -52, 9, -76, 74, 82, -49, 88, 97, 72, -69, -48, 39, -28, 77, -15, -56, -14, -13, 35, -100, 37, 61, -8, -54, -19, -99, 7, 79, 13, -74, -34, -70, 32, 34, 94, 49, 64, 78, 0, 9, 70, -67, 9, -61, -15, -54, -29, -23, -73, 16, 67, -62, -82, 3, -71, -43, 18, 59, -99, -100, 20, -29, 13, 87, -99, -76, -97, -25, 87, -90, -70, 11, 24, 48, 63, 57, -16, 42, -19, -60, 20, -48, 33, -70, 92, -77, 35, -61, -72, 48, 12, 30, 94, 5, 20, 95, 92, 36, -44, 52, 64, 58, -31, -7, -54, 27, -96, -60, -70, 76, 35, 5, 41, 10, 28, -60, 15, 48, 76, 4, 65, 2, -4, -17, 62, 29, -13, -65, 31, -35, 4, 68, -16, 15, 89, -7, -56, 83, 48, -37, 86, 30, 51, 13, 31, -8, -74, -3, -70, 25, 16, -34, -55, -58, -97, 3, 86, -17, 16, -99, 32, 69, -63, -53, 29, -14, 9, -12, 37, 49, 49, 22, -62, -3, -23, -35, -64, -20, 90, -42, -88, 59, 33, -1, -63, 92, -82, -74, -93, 47, 96, -37, 25, -84, 72, -82, -76, 18, -84, -7, 6, 1, -73, 83, -95, 97, 60, -61, 83, 83, -77, -16, -68, 21, -26, -35, 33, -14, -46, -22, 9, -11, -95, 92, -79, -50, -93, -63, -45, -94, -70, -53, -69, -67, 73, 62, -34, 22, 68, -1, 26, -84, 56, 97, -39, 89, -33, 94, 44, -59, 50, 80, -99, 19, 41, -10, 25, -45, -37, -98, 58, 71, -1, 73, 55, 51, 11, 100, -63, -46, 8, 23, 21, 27, 6, 81, -61, 75, 30, -27, -2, -91, 89, 49, 74, 11, 8, 40, -3, -85, 68, 24, 72, 71, 66, -14, -23, 15, -79, 37, -96, 79, -15, 34, -15, -85, -53, 83, 29, 10, -55, 1, 17, 71, 33, -29, -83, -67, 63, -7, 88, -20, 69, -48, -15, -1, -67, 48, -92, 64, -59, -73, 6, 68, -78, -56, 81, -26, 90, 84, 6, 89, 5, 37, 60, -34, 98, 17, -78, -9, 75, 18, 27, -68, -77, -26, 66, 27, -69, 57, 74, 1, -54, 90, -88, 58, -77, 1, 22, 3, 11, -31, -29, 10, 23, 6, 85, 18, -81, -24, -26, 26, -42, -93, -87, -76, -17, 25, -23, 93, -59, 4, 77, 12, 11, -100, 43, 60, -62, 3, 54, 47, -55, 77, 17, -1, 87, 17, 21, -93, -57, 5, 50, 98, -45, -91, 38, 18, 16, 70, -69, -52, -31, -80, 79, 43, 68, 11, 30, 38, 26, -41, 54, 0, 89, 18, -43, 39, 3, -61, 13, -68, -34, -42, 83, 44, 90, -55, -96, 49, 68, -68, -72, -37, -8, -86, 63, -48, 44, -43, -34, 62, 19, 46, 39, 12, -99, -30, 25, 32, -42, 9, 28, 8, 39, -98, -20, -87, -79, -57, 23, 86, 54, -87, -75, -83, 96, 79, -50, -24, -65, 54, -36, 40, 5, 5, 35, -75, 55, -19, 44, 22, 84, -92, 16, 67, 83, -91, -82, 11, 58, -29, 69, 57, 53, 70, 29, -49, -89, 49, -55, -79, -66, -8, 91, -57, 41, 13, -28, -78, -20, -64, -93, 8, -27, -85, -21, 67, 74, 44, 100, 74, 2, 22, -23, 42, -43, -75, -18, -15, 77, -58, 59, -79, 35, 56, -65, -24, -40, 62, 25, -97, -82, -28, 30, 61, 71, 44, 100, -10, -89, 95, 13, 6, -89, 82, 87, -60, 29, 88, 78, 82, 98, 48, 45, -62, 35, -9, 9, -21, 92, -37, -23, 60, -100, -40, 60, -10, -62, 66, -100, -6, -8, 80, -26, 60, -91, 62, -2, 85, -48, -70, 85, 55, -94, -41, -52, 35, 89, 7, 26, -32, -51, 65, -56, 90, -17, 70, 97, 90, 18, -35, 21, 59, 43, 58, -11, 22, 86, 9, 57, -25, -89, 98, 31, -45, 92] with a sum of 10720
Random dataset with 20000 elements: [11, -6, -27, 84, 0, -62, 46, -37, 95, -72, 58, -8, 16, 11, -5, -41, 70, 62, -98, 22, 98, 21, 71, 78, 48, -26, 60, 58, 39, -55, -42, -34, 60, -18, 32, 29, 12, -11, -52, -2, 59, -77, 4, -36, 48, -30, 81, 58, 21, -81, -65, 23, -28, 42, -6, 99, -62, -69, 71, 83, 63, 12, 18, -57, 86, 11, -39, -49, -62, -74, 37, 66, -99, -29, -47, -43, 99, 19, -88, 73, -55, 12, 47, -88, -60, 99, 19, -14, -61, -14, 86, -79, -11, -14, 61, 18, -26, -96, 34, 30, 72, -98, -98, 16, -9, -63, 38, -40, 94, 55, 2, -76, -96, -80, 24, -79, 70, 81, -48, -27, -25, 34, -32, 70, -86, 5, -40, 67, -40, -18, 31, -27, -21, -72, 14, -15, -43, -80, -80, 31, 88, 74, -39, 60, 14, 24, -15, -27, -51, 70, 86, 98, -80, 13, -87, -95, 26, 72, 43, 74, 26, 34, 28, -23, -1, 53, -36, -69, 11, -76, -44, -89, 44, -16, -19, -74, 3, 27, -98, 29, 81, -92, -70, 96, -25, 2, 63, 16, -75, -68, 13, -25, -83, 74, -7, -32, -18, -16, 16, 83, 24, -83, 93, -35, 88, 14, 86, -76, 86, 98, 6, 61, 54, -71, -22, -66, -40, 45, -42, -49, -17, 2, 54, 20, -43, -76, 37, 71, -27, 79, 84, 46, -85, 77, -45, -93, 76, -46, -1, 31, -93, -34, 16, -67, -28, 80, -3, 35, -12, 97, 59, -84, -34, 52, -36, 9, 4, -37, -2, 72, 5, -35, 42, -15, 85, -18, 36, -66, -31, -40, -91, 33, 48, -93, 34, 58, 10, -32, 74, 94, -24, 46, -48, 26, 63, 28, -31, 16, -49, -37, -67, 45, -1, -25, -34, -21, -57, -48, -2, -73, 25, 10, -51, -2, 75, 28, -35, 12, -27, 65, -16, 2, -42, 18, 34, 23, -16, 3, -27, 76, 26, -42, -40, -85, -85, 76, 36, 98, 51, -93, -58, -36, -1, 81, -16, -40, 71, 36, -19, -61, -16, 16, -8, 56, 88, -51, -62, -78, 85, 58, -13, -10, 41, 78, 63, -69, 5, 44, -36, -44, -15, 48, 12, -99, 49, -90, 78, -34, -77, 84, -67, 25, 93, 82, -93, -18, 50, 90, 86, -10, 31, 95, 14, -89, 44, 13, -6, -90, 50, 21, -35, -4, 13, 91, -93, 70, 52, 16, 47, 18, -72, -44, 3, 64, 3, -14, 19, -51, 65, 69, -59, 25, 100, -89, 66, -52, -21, -75, -3, 6, -55, 79, -31, 79, 12, 84, 66, -27, -55, -37, -55, 68, 35, -38, -49, 34, 26, -8, 40, -22, 84, 95, -88, -89, -25, 37, 69, -13, 93, 30, 33, 82, -5, -70, -94, 54, -95, 38, -84, 0, -59, 5, -17, -4, 48, 6, -100, -78, -66, 77, 90, 33, -10, -73, 81, -49, -39, -69, -29, 74, -65, 68, 77, -2, -55, 29, -77, 2, -14, 15, -60, 97, 55, 52, -70, 54, -87, -36, 13, 44, 58, 78, -22, 83, -53, -31, -38, -73, -59, -25, -37, -53, -38, -99, 58, 54, 82, 85, 61, 41, -71, -43, 18, -64, 78, -28, 36, 87, 98, 98, 61, -61, -60, -86, 51, -26, -44, 93, -24, 77, 21, -89, 71, 36, 12, -30, 99, 50, 91, -11, 49, -12, 50, 63, -77, -42, 2, 60, -95, 73, 46, 79, 94, 97, -72, -13, -86, -52, 74, -24, 28, -63, 2, 60, -97, 14, -58, -71, 41, 96, 29, -61, 79, -37, 83, 67, 12, -20, -1, -56, -32, -25, 15, 23, -96, -31, 94, -3, 83, 12, -86, -22, -46, 94, -44, 66, -94, -60, 45, -35, 100, 28, -75, 47, 15, 70, 82, -96, 52, -31, -28, -91, 20, -15, -68, 44, -96, -7, -46, -62, 7, -90, -15, -26, -30, 92, -100, 61, 85, -85, -93, 83, 22, -29, 88, 80, -79, -80, -69, -26, -82, -31, 81, 67, -43, 38, 90, -72, -72, -12, -23, -61, 73, -31, 25, 30, -29, 58, -45, 45, 20, -77, 27, 80, -24, 13, -54, -44, 11, -40, -67, 46, 15, -45, 15, -18, 43, 6, -91, -56, 59, -45, 3, 39, 45, 32, -66, -8, 100, -57, -14, 23, -52, -42, 76, -89, 97, -34, 11, -8, 25, 3, 30, -47, 59, 30, 99, 73, -25, -8, 57, -13, -24, -57, 86, -25, 12, 61, 10, 92, 25, 37, -99, -53, 32, -93, 80, -99, 28, 94, -10, -67, -99, -39, 67, 76, -2, 57, 0, 0, -47, 80, -41, -3, -50, -75, -85, 70, -29, -83, 31, -5, -61, 35, -51, -55, -82, 81, 2, 10, 75, 45, -50, 20, 92, 55, -57, 95, 54, 66, -79, 67, -95, -21, -92, 36, -65, -94, -15, 51, -47, -68, 52, -8, 68, 95, -43, -7, -65, -93, -74, -50, -56, 83, -47, 2, -100, -46, -38, 55, 6, -37, 46, 7, -37, 80, -59, -53, 42, 40, -26, -19, -15, 86, 15, 3, 73, -6, -54, -42, 92, 41, 19, -10, 32, 26, 99, 20, -47, 67, 55, 76, 15, 72, -74, -61, 47, 96, -96, 36, 46, -85, 68, 9, -93, 12, -11, -9, -94, -48, -33, 86, -2, 80, 17, 36, 39, 16, -77, -48, -74, 30, -6, 21, -83, 18, 19, -86, 41, -36, -62, -81, -50, -61, -99, -45, -5, -46, 92, -80, 98, -54, 77, -59, -78, -11, -12, 59, 52, 92, -15, -10, -94, 52, 85, 55, 35, -19, -76, -54, -37, -56, -59, -68, -10, -19, -57, -16, 81, 100, 20, 28, -55, 26, -78, -66, 68, 61, -49, 4, -80, -76, -53, -84, -19, 15, 70, -40, -16, -35, -41, -51, 38, -97, 47, -87, 33, -65, 94, -71, 8, 94, -81, -61, -96, -58, -48, 26, -11, -97, -31, -85, -71, 66, 80, 86, 25, 69, -91, -90, -87, -62, 46, -7, -75, -42, -12, 25, -72, -61, 64, 29, -40, 43, -80, 66, 81, -81, 66, -95, -55, -16, -42, -79, -46, -29, 97, 58, -53, -24, 59, 21, 15, -72, -18, -80, 1, 100, 12, -48, 66, 18, 22, -47, -38, -24, 32, 29, -50, 15, 9, 77, 61, 6, -23, 37, 52, -86, 89, -80, 32, -69, -39, -78, 46, 83, 67, 30, 66, -23, 72, 72, 0, 19, -58, 86, -43, 16, 95, 86, -28, -28, -12, -25, -96, -81, 19, 0, 97, -36, -23, 71, 34, 6, 72, -94, -7, 32, -48, -36, -53, 5, 39, -79, 32, -62, -59, 40, 90, 66, -53, 6, -61, 29, 71, -42, -31, 49, 14, -96, 49, -49, 38, -20, -80, -51, 100, 80, -57, 18, -36, 63, 52, 27, -25, 81, 92, -19, 24, -61, 38, -73, 64, 98, 68, -87, 89, 63, -71, -13, -96, 32, 26, 19, -86, 13, -73, 37, 75, -18, 84, 95, 24, 88, -99, 24, 55, 21, -83, 84, -47, 53, -18, -74, -30, 100, -65, -69, 64, 92, 51, 99, -84, 81, 8, 51, 71, 22, -20, -47, -64, 18, -98, -5, 31, 44, 4, 19, -42, -66, -71, -89, -93, 4, 4, 45, 7, 23, -69, -37, 14, 96, 59, 63, 80, -81, 73, 2, -33, -44, -52, -1, 4, -76, 2, 57, 58, -55, 26, 7, 83, -25, 45, -12, 13, 24, -12, 43, 10, 92, -47, -93, -74, 74, -49, -39, 62, 73, -30, -12, 92, 22, 50, -100, -12, 35, -29, -31, -1, 55, 45, -65, 8, 29, 35, -39, 48, 62, -57, -29, 15, -22, -46, -16, 47, 49, -41, -70, 11, -7, -83, -1, 2, 51, 89, -17, 61, -17, 73, 48, 48, 37, -93, 46, 41, -90, 56, 38, 89, 70, -98, 49, -19, -1, 95, -63, 10, -9, -60, 53, 16, -57, 90, 97, 15, -65, 41, 25, -73, 96, 95, -71, 63, 67, 53, 11, 97, -73, 58, -82, 11, -31, 16, 82, -89, 30, -74, -66, -4, -4, 82, -5, -26, 86, 39, -87, -52, 93, -40, 59, -20, -25, 34, 45, 57, -49, 62, 37, -10, -31, 69, 70, -49, 24, -19, 48, 11, -2, -96, 53, -10, 80, -94, -15, 81, -38, 57, -73, -30, -49, 91, 61, -14, 38, -51, 49, 71, -89, -52, -70, -80, 41, -16, 14, 11, -27, -98, 22, 70, 77, -23, 30, -53, 16, 10, -8, -49, 88, -5, -15, -65, -2, 20, 36, 12, 58, -52, -33, -66, -32, -99, 16, 92, 64, -29, -21, -81, 43, -20, -35, -96, -24, -95, -10, 81, -1, -11, -58, -75, 21, -93, 44, -39, -45, -1, -26, -32, 36, -1, 30, 79, 40, -61, -68, 80, 63, 67, 79, -17, -94, -1, 14, 58, 23, -66, 55, 16, 75, 57, 38, 16, 4, -94, 69, 75, 42, -15, -52, -55, 6, 29, 42, -58, -23, 43, -57, -70, -100, -57, 100, 57, 43, 21, 5, 3, 8, -74, -5, 92, -42, 15, -57, 89, -64, -91, -21, 77, 60, 81, -23, -25, -18, -27, -46, 100, -91, 13, 5, 37, -24, -69, 14, -33, 38, -8, 59, -34, -27, 81, -35, 98, -31, 98, -84, 2, 35, 54, 46, -45, -37, 95, 29, 73, -94, -71, 94, -48, 70, 87, 32, 32, -41, 53, -69, -3, -74, -7, 97, -37, -35, 59, 82, 26, -67, -84, 36, -77, 33, 96, 90, -22, -86, 33, 93, -29, 8, 35, -56, -83, -87, 31, 20, -66, 58, 48, 77, 78, 14, 22, 62, 32, -61, -41, -74, -42, 12, 90, 42, -86, 97, 77, -22, -12, 70, 90, 80, 65, -17, 70, 94, 36, -79, -8, -62, 13, 33, -5, 33, 0, 3, -74, 31, -32, 68, 33, 32, -4, 19, -64, 11, 57, -17, 98, 65, -93, 63, 34, -13, -4, 4, -11, -32, 77, -5, 2, -11, -47, 23, -69, -32, 43, -43, -57, -86, 46, 36, -9, -84, -13, 75, 87, -48, -57, -99, -1, -78, -99, 58, -42, 78, -88, 27, 39, -86, 72, -66, 56, 54, 2, 55, -34, -3, 44, 24, 23, -33, -59, 72, 53, -14, 20, 94, -69, 100, 58, -55, -34, -12, -80, 91, -3, 99, -73, -29, -72, 7, 41, 41, 42, 80, 45, 66, -79, 76, -61, 92, 33, 12, 65, -35, -50, -47, 4, 96, -5, 77, 66, 49, -73, -1, -1, 22, -44, 15, 62, 43, 52, 12, 19, 68, -92, -55, -26, -9, -4, -3, 13, -92, -98, 32, 97, -34, -8, 44, -86, 30, 19, 95, -69, -45, -30, 32, -13, 71, 27, -13, -35, -99, -8, 6, -19, 70, 49, -72, 25, -40, 44, -17, -3, -68, -46, 49, -10, -24, -33, 12, -59, -16, 7, -63, -80, -24, -73, 69, -77, 71, 81, -69, 16, 56, 8, 62, -81, -90, 2, 96, -65, 3, 68, 58, 4, 57, -43, 76, 100, 44, -32, -49, 15, 33, -56, -29, -21, -54, -69, 6, 52, 95, 11, -27, -94, -47, -9, -10, -54, -4, 83, 63, 35, -38, 31, -15, -68, -74, -95, 93, -11, -40, -15, 81, 44, 32, -27, -25, -26, -39, -72, 69, -7, 84, 18, 33, -100, 66, 47, -49, -16, 69, 31, 54, 98, -15, 54, 7, 63, 14, -38, 97, 54, -22, 21, 17, 80, -17, 38, 23, 99, -37, 87, -73, 55, 78, 47, -61, 64, -71, -58, -52, -12, 54, -38, 16, 99, 54, 13, -43, 96, -89, -77, -4, -78, 7, 64, -86, -3, -75, 100, 57, 30, -16, 86, -4, 96, -40, -18, 50, 80, -88, -96, -41, -64, 92, 95, -30, -67, 72, 78, 44, 17, 86, -69, -96, 14, 44, 77, 97, 90, 23, -90, 93, 77, -11, 89, -91, -41, -22, 76, 49, -56, 66, -74, -48, 27, -42, -3, 57, -35, -32, 70, -100, 86, 81, 26, -36, 90, 94, -80, 43, -31, -96, 46, 38, -27, -89, 49, -81, 94, 81, 18, -7, -85, 85, 42, -4, -92, 48, 79, 36, 57, -75, -39, 63, -35, -11, 52, 60, -53, 86, 6, -6, -58, -39, -11, 95, 100, 94, 52, -13, 82, -80, -19, -29, 91, -94, 30, 63, -58, -53, 50, 85, 77, 87, 45, -56, 72, -74, 32, 96, -95, 9, -85, 99, -14, 78, 65, 80, -6, 68, 6, 22, -85, 0, 29, 24, -90, -19, -11, 19, -84, -15, -31, 18, 64, 80, -80, 42, -14, -65, -23, -37, 74, -56, -44, 28, 91, 42, -23, -6, 10, -20, -33, 23, -55, -58, -89, 49, -100, 71, -65, -77, 97, 13, -14, -46, 9, 37, 58, -74, 6, -68, -97, -26, 51, 19, -50, -78, -3, -96, -91, 50, -88, -6, 60, 86, -72, -79, -83, 41, 93, -68, -78, -9, 85, -76, -67, 14, 62, 86, -91, 97, 67, 48, 13, 64, -67, 94, 51, 98, 81, 90, -33, 88, -98, -96, 100, 95, 95, -58, 56, 92, -15, 42, -45, -31, 2, 35, -12, 33, 72, -78, -62, -97, -57, -78, -74, 44, 31, -18, -54, -82, 94, 70, 0, 45, 38, -61, 58, -11, -39, -25, 79, 93, 63, -10, 82, 5, 62, -68, 95, 32, 45, 28, 93, 8, 20, 1, -23, -97, 75, -74, 69, -52, 30, 82, -21, 65, -71, -67, 92, -66, -41, -53, 70, -10, -23, 94, -25, -49, 45, 57, -12, 66, -66, -97, 9, 16, 95, -27, 38, 35, 35, -43, -38, 69, -65, 44, 77, -37, -53, -29, 16, -85, -80, 17, -63, 36, -37, 32, -19, -76, 48, 71, -70, -9, -15, 85, -98, 27, -67, -54, -98, -53, 65, 30, -22, -17, -4, 13, -94, 50, -43, -67, -53, 72, -45, 41, 40, -57, 4, 34, -69, -66, -20, -5, 16, 24, -51, 83, -95, -94, 72, 34, -74, -6, 70, 7, 68, -2, -46, -59, -58, 87, -11, 30, 27, 30, -64, -20, 63, -24, -28, 14, 53, 30, -7, -55, -64, 18, 62, -93, 3, 73, -9, 89, -30, -82, 63, -57, -53, 9, -43, -18, -96, -25, 62, 74, -43, -19, 15, 90, 16, 26, -47, -20, 41, -66, -27, -43, 57, 9, 69, -19, -34, -3, -100, -90, 100, 29, 94, -15, -43, -15, 16, 89, 6, -19, 14, -66, -83, 79, 49, 56, -16, 19, 28, -91, -85, 31, -76, 75, 42, -85, 49, 32, 23, 24, -52, 12, -65, -53, 42, 62, 14, -12, 30, -15, 98, -27, 89, -20, -57, -60, -78, -99, -67, -57, 54, -87, -14, 23, 83, 75, 16, 98, 59, 52, 62, -51, -58, -81, 28, -91, -14, 3, -32, 19, 70, -83, 29, 94, 38, -18, 63, -18, 49, -100, -25, 13, 19, 19, 8, 33, -45, -72, -84, 87, 19, -44, 23, 79, -61, -58, 71, -25, -83, -99, -95, -82, 76, 78, -92, -13, -51, 94, -95, -2, 24, -79, 38, 63, 73, -39, -7, 44, -22, 64, 16, 70, -70, -62, 85, 11, -33, 57, -84, 42, 69, -32, -95, 40, 74, -43, -62, 29, -42, -73, 56, 51, 35, -6, 24, 53, -87, 45, -9, -51, -14, 80, 39, -65, -83, 97, 39, -37, 70, -18, 93, -57, 69, 28, 19, -47, 69, -84, -39, 27, -14, 100, 3, -31, -95, 89, 54, -74, 3, -64, -12, 40, 89, 95, -73, -54, 68, 33, 67, 59, 93, 72, 38, -45, 65, 27, -74, 5, -69, -89, -44, 69, 1, 18, -68, -97, 99, 78, -95, -5, 44, 93, 43, -60, -48, 36, -65, -100, 39, -74, -51, 78, -63, -13, -43, 1, -57, -88, 21, -20, -14, 2, 39, -52, 45, -76, 17, -58, 54, -12, 32, 47, -31, -87, -12, -53, -25, 50, -2, -97, -78, -34, 57, 81, 50, 40, 34, -77, 24, -58, -27, -18, -76, -81, 100, 95, 96, -12, 19, -26, -82, -62, -8, -50, 26, -91, 38, -91, 15, 31, -99, -68, 40, -18, 84, -8, -72, -49, 7, 55, -59, -15, -47, 41, -28, 28, -8, 1, 27, 71, 14, -87, -68, -51, -22, -95, 60, -67, -26, -86, 6, -36, 98, -69, -33, -13, 13, 6, 2, -30, -72, 75, -81, 66, 83, 64, 64, 74, -68, 44, 55, 20, -59, 2, -86, 95, 54, 28, -2, -77, -80, -22, -22, 13, -59, -28, 36, -45, 47, 15, -80, 9, -100, -39, -20, -80, -66, -22, 26, -95, 50, -84, 49, 12, -6, -84, -51, -60, -20, 46, 3, -89, -2, -99, -79, 38, -40, -10, 79, 56, 17, -71, 66, 89, 70, 88, -43, 15, -2, 19, 24, -73, 56, 10, 94, -64, 91, 23, -75, -48, 95, -84, -30, 39, -45, -88, 66, 83, -1, -100, -58, -4, -99, 98, -7, 77, -91, 75, 83, 73, -77, -81, 48, -68, -51, 29, 43, 18, -81, 98, -93, 8, 87, 16, 88, 80, -8, 66, -39, -25, -7, -52, 34, -100, 13, 82, -26, -8, 53, -28, 76, -47, -81, 85, 55, 52, -21, 1, 80, 100, -97, 85, -64, 60, 13, 46, 54, 55, -81, -80, 96, -22, -61, 89, -96, -24, 56, -77, 13, -56, -70, 28, 20, -96, 33, -45, -92, -81, -9, 50, 22, -16, -34, -83, -16, -60, -67, 80, 93, -5, -37, 62, 53, 98, -61, -49, 82, 2, 8, -44, -77, -9, -64, 3, 42, 88, -20, 12, -17, 11, 84, -48, -17, -17, 82, -33, -9, 66, 0, 38, -57, -81, 99, -95, 3, 29, -60, 19, -24, -6, -84, 9, -30, 16, -38, 18, 92, -97, -60, -58, 100, -98, 11, 57, -78, 87, 67, -95, 94, -57, 11, 0, 0, 59, 29, -84, 73, -96, -17, 80, -100, -21, -6, -2, 84, -74, 4, 23, -29, 61, -61, -52, -32, -43, 34, 95, -67, -37, 21, -100, 35, 12, 34, -77, -84, 39, -77, -48, 57, 1, -58, -17, -95, 28, 81, -19, -19, 53, -78, -80, -74, 69, -85, -15, -43, -94, 20, 1, -59, 42, -61, -48, 84, 19, -6, 64, -18, 6, 11, 22, 83, 76, 20, -16, 25, 47, -54, 7, -94, -91, -89, 54, 1, -70, -96, -66, -99, 98, -15, 49, 5, 64, 74, 49, 14, 54, 48, 66, -89, 22, 84, -10, 34, 33, 85, -31, -80, -43, 58, 91, -61, 76, -64, -29, -83, 25, -67, -58, -4, 86, 37, -93, -19, 61, 81, -45, 56, 52, -71, 39, 53, -20, -73, 29, -30, 59, -68, 70, -68, -96, -91, 42, -41, 42, 49, 36, 42, -26, -42, 0, -20, -33, -28, -37, 0, -60, 13, 34, -54, 98, -21, -19, 34, -84, 34, -63, -52, -2, 36, 70, -57, -1, 51, -77, 50, -34, 41, -47, -1, 65, -75, 70, -25, -87, -54, 85, -16, 78, -44, 99, 55, -28, 33, -25, 50, 40, -53, -81, -59, 97, 97, -85, -8, -47, 57, -46, -74, 41, 45, -90, -29, -68, 57, -81, 22, -97, 61, -99, 12, 2, 7, 12, 30, -78, 20, 59, -74, -70, 52, -27, -52, 64, 95, 60, 86, -25, -87, 22, -12, -13, -23, -9, 44, -93, -99, -36, -33, 89, -40, 93, -32, 77, 23, 81, -34, -41, 61, -31, 62, 89, -90, 37, -77, -97, 89, -55, 26, -98, 47, 15, -25, 83, 82, 28, 88, 55, 77, -88, 12, -42, -40, -71, 96, 60, -92, 1, 97, 21, 68, -9, 76, 38, 56, -98, -75, -94, -22, 73, 72, 16, 69, -89, -35, -12, -55, -56, 72, 59, 32, 16, -33, 72, -95, 96, -57, 4, 78, 5, -25, 78, 69, 31, -47, 49, 8, -37, -91, 73, 2, -56, -12, -22, 91, -16, 48, 36, -44, 68, 74, -89, 55, 94, -81, 61, 38, -45, 18, -74, -12, -41, 47, -87, 32, -87, 52, 100, 23, 16, 83, 48, -91, -34, -68, 28, -55, -21, -58, 54, 10, -39, -14, 36, 58, 58, -34, -2, 11, -11, 74, 47, -41, -87, -62, 84, 45, 0, -36, 53, -96, -70, -20, 1, -98, -29, 9, 12, -66, 51, -5, 14, -12, 72, -10, 86, -29, -39, -39, -32, 42, 73, -43, -48, -96, -48, 31, -6, -97, 17, 3, -77, -82, -59, -44, -97, 61, 57, 56, -37, 46, 93, -26, -48, 55, 6, 73, -11, -67, -21, 58, 88, -9, -60, 89, -57, -97, -22, -17, 32, 29, 31, 5, 22, -62, -25, 18, -75, 85, -94, -86, 49, 9, -80, -71, 31, -34, 34, 23, -97, -11, -81, -98, -100, 83, 26, 83, -76, 89, 3, -29, 17, 61, 3, 21, 52, -92, -25, -7, 22, 47, 74, -23, 40, 30, 45, 97, -29, 90, 85, -4, -29, 41, 19, -8, -74, 18, -73, -41, -78, 8, 26, 94, 42, -1, -36, 4, 18, 31, 69, -84, -53, -83, 2, 42, -52, -90, -10, -15, 68, 77, -88, -74, 100, -33, 95, 75, 50, -92, -25, 40, 21, 26, 74, 50, 86, 73, 94, 17, 16, 64, 27, -82, 46, 86, 18, 26, 70, -57, 14, 98, -8, 8, 93, 3, -4, 67, -64, 94, 63, 30, -57, 62, -74, 32, -24, -82, -39, -28, 38, -16, 44, -52, 49, 87, 5, -90, -95, -16, 14, 78, 12, -29, 66, 66, -54, 35, -41, 15, 47, 97, -30, 65, 19, 36, 59, 81, 85, -57, 61, -14, -91, -50, -5, 15, -66, -38, 81, -35, -37, 79, 54, 6, -74, 50, -6, -61, -68, -10, 46, 42, 34, 40, 100, 25, 98, 89, -44, 81, -90, 19, 1, -5, -43, -12, 80, -36, -12, -5, 57, 23, -38, -32, 91, -12, 38, 71, 26, 10, 34, -67, -35, -19, -45, 49, -40, 61, -14, -15, 83, 79, -80, 38, 19, -1, 94, -85, -18, -32, -5, -5, -57, -29, -32, -62, 48, 19, 55, -61, 82, -97, 54, -44, -67, 91, 3, 45, 71, 46, 97, 78, -19, -53, 31, -36, -13, -19, -86, 70, -98, 1, -16, 42, -58, -9, 87, 85, -50, 99, 17, -32, -74, -51, -23, 30, 54, 59, 75, -72, -64, 72, 53, -60, -42, 53, -87, 78, 74, -44, -7, -28, 99, -60, 46, 63, -99, -44, 39, -60, 73, 16, 86, -89, 67, -48, -72, 21, -17, 7, -27, 76, 41, -85, -82, 44, 66, 17, 38, 79, -56, -50, -47, -81, -66, 85, 67, -84, 77, -33, 56, -68, 6, -60, 71, 84, -70, 24, 98, 53, -88, 75, -27, 77, -81, 79, -39, -70, -3, -64, 99, -88, -31, -30, -54, -82, -7, -98, -21, 90, 12, 61, 89, 4, 31, -89, -66, 47, -75, -2, -92, -50, 94, 26, 86, -34, 72, -42, 45, -37, 24, -82, 25, -45, 38, -51, -44, 14, 20, 46, 15, 67, 85, -77, 92, 72, 97, 17, 15, 51, -16, 13, -50, -2, 68, 51, 48, -13, -12, 90, 28, -50, -70, 15, 94, 70, -93, 71, 60, 12, -75, -59, -12, 68, -64, -50, 27, 51, 86, -86, 90, -94, 16, -18, 44, 49, 99, 39, 100, 68, 35, 84, 37, 27, 49, 89, -45, 86, -76, 31, 75, 55, 68, 85, 84, 45, 94, 96, 85, 16, -100, 90, 59, -74, -90, -69, -81, 26, 36, 69, 81, 30, -75, 62, -80, 47, -56, -53, 80, 78, 60, 59, 21, 33, 27, -98, 62, -68, 29, -37, -63, -56, -5, -39, 75, 57, 94, 60, 92, -96, 78, 43, -25, 37, 86, 43, -1, -35, -85, 57, 61, -51, -80, -51, 73, 28, 25, -3, -75, 56, 97, -29, -6, -30, 66, -17, -78, 18, 54, 57, -7, 14, -59, -75, 4, 60, -98, -65, 28, -70, -21, 21, 7, 36, -54, -10, 33, 0, -52, -95, -42, -79, 44, 60, 22, -77, -34, 0, 9, -78, 83, -73, -96, -95, 21, 8, -56, 70, -98, 62, 64, 2, -79, -74, 1, 45, 37, -84, 60, -71, -89, 12, -96, 53, 50, -78, -86, 55, 28, 76, -82, -85, 60, 83, -25, 71, 94, -4, -61, -3, 23, -60, -39, 87, 22, 0, -20, 48, 54, 9, 51, 61, 91, 63, 45, -99, -37, 82, -42, -31, -89, 46, -91, -60, 53, 4, 10, -99, 90, 51, -71, -64, -63, 59, 25, 72, -11, 58, -7, 26, -48, 43, 55, -4, 27, 27, -49, -99, 58, -84, 35, 83, -24, 44, 24, 57, 78, 10, 34, -60, 25, 11, -55, -97, -62, 5, 68, 78, 5, 71, 22, -43, 76, -100, 96, 9, -39, 85, 64, 83, 56, -19, -90, -49, 49, 88, 37, 9, 21, -26, 44, 45, 20, -85, 8, -63, 82, -5, -59, -42, -56, -67, 31, -32, -37, -62, -85, 12, 48, -6, 83, -31, -71, -85, -43, -23, 94, -83, 58, -19, 16, -48, -18, -84, 4, -94, -17, 41, 93, -95, 6, -81, -4, 77, 76, 31, -41, 25, 56, 44, 26, 81, -40, -35, 93, -67, -44, 89, -72, -67, -8, -36, -39, -64, -90, 60, 86, 47, -18, -63, -45, 72, -71, 8, -42, -10, 16, 64, 31, 31, 30, 74, -79, -34, 45, -63, 47, 28, 79, -41, -3, -83, 65, 8, -83, -17, -63, -3, 20, 8, -34, -77, 48, -76, 40, -69, -22, 82, 57, -57, -54, -36, -87, 47, 94, 89, -25, -29, -16, 93, -64, -8, -76, 84, -41, 22, -81, -24, -38, 14, -81, 26, -54, -55, -48, 53, -52, 13, 26, 83, -15, -20, 76, 32, -71, 15, -35, 39, -96, 32, 17, -68, -53, -65, -31, 67, -93, -9, -4, 73, 77, -27, -94, -6, 68, -95, 81, 80, -82, -18, -32, -8, 60, 31, 52, -50, -30, 13, 97, 67, -55, -93, 86, 13, 2, -85, -87, 17, -30, -86, 65, -26, 25, 66, 83, -26, -98, -93, 38, 55, -60, -14, 85, 30, -73, -75, 66, -10, 16, 68, 26, 98, -93, 69, -81, -99, -40, -26, 25, -86, 93, -62, 29, 86, 23, -32, 61, -50, 75, 81, 82, -40, -8, 73, 16, -86, -34, -46, -6, 59, 59, 6, 65, -82, -66, -85, -74, -46, -17, 72, 14, 75, -83, 96, 36, -81, 86, 68, 27, -34, 42, 58, 78, 46, -65, 19, -88, 2, -11, -32, -88, 84, -97, 35, 31, -64, -93, -78, 58, -2, 35, 74, 73, 90, 71, -12, -83, -42, -30, 76, 12, 33, -41, 10, -43, -95, 17, 51, -14, -50, -36, -88, -46, -64, 0, -90, -46, 62, 64, 37, 51, -81, 68, 10, -43, 56, 78, 24, -34, 94, -62, 100, 81, -51, 52, 32, -58, -76, -58, -57, 53, -22, -40, -90, -84, 39, 44, 90, 85, 97, -99, 100, -1, 17, 78, 52, 77, 43, 70, 60, 71, -45, -28, 76, 18, 37, 48, -46, 78, 31, 15, 67, -66, -43, -81, -95, 20, -65, -93, 83, 48, 77, -61, 62, 54, 8, 59, 46, -24, -85, 26, -94, 53, -3, 51, 70, -46, 43, -60, -32, 75, 88, -37, -88, 55, -20, 8, 74, -64, -76, -71, 65, 88, -74, -39, 25, -79, 39, -60, -14, -38, 33, -90, -30, 45, -61, 54, 9, -98, 96, -62, -79, -32, 39, 10, 53, 26, -76, 40, -64, -91, -19, 17, -61, -79, 85, 98, -70, 56, -34, 46, -7, 0, -56, 71, -6, -40, -75, 17, -6, 50, 94, 22, -40, 66, 42, -34, -44, -64, 100, -50, -31, 80, -47, 0, -88, -4, -67, -77, 76, -76, -43, -62, 77, 11, 68, 16, 75, -35, 12, 73, 90, 98, -29, 39, 44, -30, -77, -72, -59, -74, 59, -3, -84, 86, 100, 81, 85, 5, 54, 75, -64, 69, -68, -93, 7, 5, -97, -31, 22, 38, -31, 76, 5, -65, -62, 3, -11, -24, -8, -57, -37, -80, 66, 30, -72, -18, 10, 41, -63, -98, 82, -5, -6, -99, 72, -50, 36, -19, 38, -69, -86, 47, 83, 84, -87, -76, 96, -6, -5, -67, 31, -99, -94, 33, 5, -21, -89, 67, -14, 50, 23, 88, 91, -25, -20, 61, -99, 96, 89, -88, 62, 7, 77, -4, -98, 13, 4, 99, 63, -94, 30, -94, -77, -96, 55, 77, -71, 83, 100, 43, 64, -10, -73, 79, 11, -97, 51, 98, 83, -4, -87, 32, 94, 8, 37, -15, -86, 64, -91, -52, 25, -60, -14, -78, 33, -3, 6, -52, 51, 62, -53, 90, 87, 32, 21, 97, -27, -51, -52, -32, -76, 7, 93, 0, 40, -2, -46, 84, 6, -85, 34, -53, 33, -39, 56, -20, 52, 78, -93, 41, 75, -15, 44, 77, -42, -4, 90, -89, 65, -90, 17, -32, -55, -40, -18, -79, 3, 6, 19, 7, -91, 4, -37, 52, 64, 79, -81, -76, -18, -87, -98, -40, -2, 9, 73, -80, 96, 43, -87, -10, -50, 59, 33, 49, 69, 85, 32, -1, -14, 61, 96, 89, 19, 93, 38, 7, 83, -81, -25, 76, 61, -79, 67, 86, -25, 32, -13, -75, -70, -33, 38, -81, -34, 79, 28, 91, 53, 16, 77, 72, -67, -73, -41, -56, 92, 26, 18, -91, -47, 5, -86, 30, 23, 48, -82, -36, 37, 7, 8, -41, 58, 74, -94, -90, -88, 87, 89, -42, 64, 35, -70, 87, 13, 52, 94, 13, 1, -58, 10, 9, -8, -87, 31, 71, 75, 30, 54, -73, -74, -37, 6, -28, -52, -55, -44, 40, 97, 54, -85, -22, 28, -70, -89, 57, 100, 19, 46, 20, -8, 76, -36, -68, 83, 76, 37, 84, -8, 75, 3, -94, -48, 99, -49, 60, -33, -27, -90, -51, -63, 69, 46, -97, -13, -87, -67, -21, -100, -15, -19, -78, -33, 99, -13, 60, -71, 36, -15, -100, 70, -2, -42, -97, 8, -36, -11, 54, -45, -25, -86, 3, -60, 55, 74, 85, 97, -80, 33, -33, -70, -96, -89, 71, 79, -79, -95, 4, 67, 90, 72, 60, 9, -28, 9, -47, 55, -84, -7, -71, -59, 69, -47, -66, -93, 84, -59, -41, -65, -75, 28, 94, 79, -30, -80, 99, -6, -1, -2, -70, 79, 17, 82, 26, -64, -54, 62, 100, -84, -95, 73, 64, 61, -49, 0, -19, -92, -65, -50, 68, -52, 99, -51, 80, 53, -6, 93, -50, 51, -97, -46, -13, 40, -37, 72, 43, 16, 4, 53, -27, -52, -51, -32, 33, 43, 93, -12, 80, 48, 11, -99, 19, 77, 0, 0, 4, -90, 13, -88, 72, -8, 81, 16, -28, -3, 8, -2, 40, -73, -57, -19, -36, 69, 100, -84, 57, -65, -56, -46, -28, -45, -35, -87, 3, -44, 43, 32, 9, -12, 58, 71, 56, 46, 82, 46, -72, -72, 38, 66, 63, -63, 54, -26, 24, -99, 35, -24, 79, -1, 40, -26, 5, 90, -3, -43, -2, 54, 98, 23, 69, -44, -87, -70, 50, 14, -24, 6, 1, -21, -92, 18, -33, 52, -51, 33, -45, -40, -39, -22, 65, 67, 7, -15, -73, 49, 42, 78, -90, -31, 57, 82, -43, -84, -47, -39, -56, -67, -62, 14, 76, 5, -2, 97, 8, -94, -95, -14, 43, 57, 74, -25, 24, 62, -39, 78, 35, 10, -78, -27, 80, -67, -48, -6, -84, -70, -77, 27, 93, 40, 59, -51, 51, 0, 41, 76, -20, -87, -41, -99, 31, -17, -14, -9, -84, 21, 36, -95, 38, -54, 51, 64, 14, -28, -34, -4, -45, -55, -97, 50, -56, -57, 34, -29, 85, -69, -41, -57, 89, 1, -15, 98, 100, 74, 55, -80, -90, 41, 85, 23, -72, -36, 46, 96, 1, -33, 42, 19, 59, 81, 93, 58, 59, 70, 84, -19, -92, 90, -30, 89, -29, -69, -41, 6, -17, 30, 79, -50, -32, 28, -5, -81, 91, -31, -3, -28, -89, 16, 56, -44, -81, -5, -99, 3, 67, -62, -98, -17, -50, -97, -81, -46, -60, 96, -10, -23, 32, -89, -5, -39, 20, -29, 31, 47, 84, -89, 70, -83, -19, -34, -37, 93, 40, -70, 63, -41, -82, 54, 54, 65, -57, -33, -37, 59, 89, -60, 65, -16, -84, -24, 76, -34, 6, -17, 20, -3, 65, -81, 78, -46, 14, -73, 27, 46, 23, -3, -15, -51, -62, -88, -86, 7, 60, -29, -53, -73, 44, -100, 15, -39, -74, 5, 51, -25, -91, -60, -23, 4, 2, -68, -61, -58, 58, -96, -29, 76, -73, -29, -7, -5, -84, 30, 18, -20, -67, 69, -10, 77, -98, -20, -74, 11, 31, 2, -100, 19, -1, 6, -81, 40, -40, 29, -63, 23, 98, 31, 78, 50, 6, -58, 49, 60, -71, -35, 38, 54, 39, -69, -83, 21, -15, 64, -52, 61, 70, 76, -56, 22, 85, -46, -69, 52, 75, -12, 40, -25, 40, 48, 87, 77, -44, 1, -33, 32, -31, -27, 15, 11, 9, -86, -75, -37, -57, 36, -85, -30, -3, 28, -49, -86, 41, 22, 60, 3, -24, 70, -3, 8, 2, -32, -54, 13, 67, 61, 58, -2, 40, 44, 36, -26, 88, -23, 19, 66, 45, -38, -41, 66, 15, -45, 59, 10, -42, 47, 34, -31, -25, -36, 45, -76, -83, -50, 59, 92, -53, -33, 17, -52, 25, -74, 39, 74, -34, -24, 24, -5, -5, -2, 66, 76, 89, 18, -80, -24, -49, -73, -16, 37, 80, -7, -68, 52, -50, -24, -74, -1, 68, -17, -10, -12, 91, -61, 83, 36, 44, 77, -40, -4, -64, 49, -22, 89, 17, -50, -21, 33, -72, 8, -27, 49, -78, -91, 31, -42, 28, -85, 91, 64, -11, 37, -55, -63, -87, 93, 8, -40, -13, 80, 18, -66, -52, -20, 63, -26, -74, -12, -24, 59, -63, -89, 38, 85, 42, 28, 77, 7, 50, 8, -9, 25, -17, 82, -97, -69, -4, -8, -13, 13, -26, 11, -1, -62, -82, -12, 56, 38, -3, 56, 60, 64, -93, 85, -66, 75, -6, -18, -90, 26, -22, 74, -21, -92, 63, -93, 33, -20, 5, -31, -47, -5, -18, 73, 28, -67, 79, -28, 8, 29, -91, -30, -14, -96, -38, 70, 38, 31, -95, 75, -22, -68, -8, -22, -37, -12, 68, 83, 57, 36, -63, 86, -61, 21, 47, -48, -100, -67, -8, 21, -4, -55, 22, -40, -11, 94, -34, -71, 79, 94, 98, 27, -45, 60, -66, 38, -91, -49, 56, 55, 72, 7, -56, -7, 74, -50, -32, -17, 58, -18, -100, -70, 77, -12, 24, -90, -93, 25, 35, 38, 39, -98, 78, -43, -95, 38, 39, 39, -13, 53, 51, -72, -40, -17, -28, -88, -44, -5, 47, -20, 64, 36, 42, -52, -36, -24, 1, -15, -24, 75, 31, -62, -52, -87, 45, -42, 51, -33, -95, -34, -86, 41, -92, -28, 87, 19, 24, 63, 100, -40, 100, -84, -56, -9, -85, 92, -75, -74, 5, -58, -56, 53, 74, -96, 26, 31, -40, -97, -85, 60, -14, 70, 60, 30, -85, -54, -56, 85, 10, -7, 40, -54, 27, 93, 26, 35, -13, 67, 1, -11, -84, -95, -16, 66, 93, 71, 60, 57, 61, -77, 63, -59, -7, -35, 6, 54, -52, -49, -20, 29, -49, 15, -98, -19, -2, -82, 84, 78, 100, -42, 24, -2, 63, 44, 47, -88, 51, -35, -16, -51, 66, -22, -57, 88, -89, -89, -38, -7, -21, 38, -84, 94, 57, -42, -52, 67, -18, 97, -71, 99, -88, -76, -12, -22, -72, -9, 52, -33, 89, 9, -95, -9, 26, -99, 83, 87, -56, 89, -36, 97, 75, -97, 29, -87, -20, -69, -25, -5, 10, -13, -20, 16, 58, 98, 70, 77, -82, -14, -30, -80, 21, -31, 28, -16, 83, 90, -61, 17, -5, 67, -79, -64, -40, 39, -100, 70, 90, -53, -24, 72, -5, -76, -43, -46, -85, 17, -91, -19, 43, 56, -52, 28, 81, 70, 67, 15, -87, -44, 30, 4, 85, -74, 59, -92, -2, -58, 61, 8, 50, -55, 58, 97, 64, -6, 49, 60, -91, -33, -13, 42, 94, 48, 4, 37, -78, 94, 79, -27, -78, 88, 30, -58, -56, 60, -79, -55, 12, -37, 96, 93, 9, 93, -66, -9, 91, 37, 60, -54, -87, -93, -67, -42, 52, -99, -20, 67, 82, 66, -40, 41, 30, 35, -34, -93, -83, 34, 99, -73, 60, 74, 60, -68, -38, 80, -10, -52, -36, -61, 71, -76, 86, 75, 85, 53, 18, 40, -62, 98, -64, 52, -20, -45, 81, 73, -75, 38, 43, -70, -8, -16, 0, -70, -15, 63, -74, -18, -44, -1, 85, 67, 52, -12, 98, -26, -77, -1, 42, 80, 41, 88, -8, 40, 33, -94, -8, 3, -6, -26, 56, 32, -93, -9, 30, 36, -35, -88, -94, 57, 27, -47, 23, -9, -75, -7, 64, 94, 43, -31, -2, 79, 65, -40, -53, -84, -44, 77, -77, -42, 91, 12, -89, 52, 91, 10, -62, 90, 11, -99, 92, 88, -37, 82, 17, 82, 76, 4, -11, 49, 46, -62, -19, 36, 57, 98, -30, -35, -68, -81, -9, 98, 49, -57, -60, 46, 0, -24, -11, -66, -68, -27, 74, -61, -67, 41, -91, -85, 92, 83, -7, 55, -96, 37, 87, -84, 9, -55, -87, 54, 91, 99, 58, 97, 60, 42, -1, 71, 31, 21, 86, 40, -83, -84, 26, -9, -3, -72, -27, 45, -80, -39, -77, 60, 67, -77, 0, -71, -61, -49, -35, 10, 92, -36, -76, -41, 21, 53, 42, 0, -21, -89, 24, 23, 54, 51, -2, 13, -98, -64, -75, 3, 1, -50, 32, -18, -24, -95, -65, -11, -65, -92, 89, 43, 79, -67, 19, -77, 30, 2, -26, 13, -12, 98, -72, 83, -7, -73, -78, -53, 83, 58, 89, -50, -62, 9, -26, 9, -17, 64, 55, 91, -56, -69, 73, -48, -85, 58, -6, -39, -10, 44, 96, -52, 75, 51, -65, 74, -32, 25, -9, 76, 83, 15, -22, -35, 41, -34, 50, 98, -24, -75, -40, 29, -81, 66, -63, 93, -52, -53, -90, 87, -37, 41, -65, -49, 39, 74, -81, -55, -64, 85, -85, -79, 42, -51, 83, 12, -97, 3, 62, 56, 92, -18, -85, 66, -72, -75, 81, 96, 62, 75, 86, -7, -11, 44, -33, -20, -26, -81, 66, -8, 91, 85, -90, -22, 50, 0, -38, -30, 10, -98, -96, -83, -29, 82, 72, -51, -8, -78, -84, -94, -75, 94, 6, -26, 22, 80, 13, 67, -53, -87, 95, -9, -22, 51, -19, 50, -14, 22, 60, 62, -7, -61, 38, 44, 58, -55, 70, -10, 58, -94, -95, 22, -93, 19, -86, 6, -67, 21, -46, -76, -95, -23, 16, 29, -63, -58, 93, 25, 88, -3, -62, 71, -17, 40, 93, -97, -48, 4, 51, 53, 41, 90, 68, -66, 3, -48, 69, -89, -92, -62, -63, 13, -17, 77, 73, 79, 0, 94, -71, 37, 63, -93, -96, 19, -51, -32, 87, -64, 0, 48, 59, 97, 18, 78, -20, -7, 77, -42, 33, -13, -19, -48, 81, 13, 29, 0, -56, 60, 16, -66, 17, -50, -30, 24, 82, -15, 17, 38, -45, -31, 46, -17, 5, 45, -93, -28, 38, 12, -4, -90, 77, 14, -15, 33, -20, -78, -74, -16, 92, -85, 81, 76, 25, -58, 49, -68, -43, -24, 57, 56, 72, -12, -55, -6, -74, -31, 57, 92, -2, -53, -60, 37, -29, -92, 40, 92, 74, 35, 30, 40, 14, 100, 18, -25, 59, 91, -34, -47, 49, 4, 60, -63, 88, -70, 26, -52, 48, -45, 27, -45, -44, -100, 38, -43, -53, -8, -73, 7, 8, 25, 52, -70, 79, 83, -77, 54, 36, -41, 23, 10, -85, 79, 14, -39, 0, 51, 30, -85, 31, 47, 42, 1, -28, 57, -35, 52, 63, -9, -52, 96, 43, 21, 89, -49, -93, 61, 2, 99, 36, 95, -57, 29, 0, -84, -58, 0, -98, 93, -77, -26, 79, -45, 46, -91, -54, 5, -60, -73, 38, -78, -94, 11, 35, 56, -27, -45, 17, -43, 70, -79, 100, 58, -24, 87, -37, 94, -8, 71, -37, 98, 90, -32, 55, -42, 81, -41, 69, 60, -70, 88, -74, -38, 65, -80, -73, 20, -72, 74, 17, -85, 98, 53, -32, 85, -54, 58, -37, 32, -87, 75, 87, 77, 96, -99, 11, -1, 97, 27, -39, 46, -80, -94, 62, -58, 25, 4, 75, -48, -91, 47, 24, 82, -76, 25, 80, 94, -21, 31, 92, -31, -40, -67, -49, -70, 1, 84, -57, -10, -35, -38, 36, 39, 27, -42, 7, 50, -69, -62, -26, 26, -3, 51, 92, -4, -82, -40, 66, -95, 4, 100, -77, 48, -54, 77, -65, -78, 29, 46, -24, -88, -6, -36, -98, 19, 98, 45, -89, -48, 66, 18, 24, -84, 46, 17, 44, -23, -2, 8, 80, -73, 2, -55, 20, 38, -80, 43, 61, -27, -80, 44, 37, 55, 4, 45, 59, -5, -17, -86, -93, 8, 79, 98, 77, 10, -85, -16, -30, 32, 73, -29, -28, 35, 72, -21, -4, -20, -79, -8, 63, 63, -42, 15, 48, -62, 15, -47, 9, -99, 3, 64, 99, -80, -50, 35, 32, -27, -89, 41, 36, -13, 13, -7, -57, -82, -37, 9, 93, 15, -92, 14, -18, -7, -36, 39, -64, 78, -33, -23, 63, 74, -97, -38, -6, -6, -59, -9, -63, -63, 45, -4, 33, 6, 60, 21, -25, 81, -93, -37, -1, 87, 46, -27, -83, 42, -77, -59, -14, 94, -87, 88, -65, -41, -54, -97, -16, 10, -19, -55, 89, 23, -11, -1, 89, -89, 74, 86, 92, 37, -28, -12, 6, 56, -76, 45, 92, -46, 25, -19, -51, 51, -81, -51, 65, 44, 14, 65, 69, -20, -95, -24, -62, -25, 9, -31, -26, 30, 77, -61, 23, -60, -25, -14, -33, 77, 88, 25, 37, 42, -100, -56, -49, -67, -6, 77, -34, 65, 29, -14, -63, -42, 17, -28, 98, 85, -3, -7, 50, -28, -33, -82, 44, 25, 74, -77, 94, -20, -60, 61, -27, -92, -59, 55, 34, 92, -46, -85, 1, 54, -33, -35, -59, 87, -71, -79, 89, 99, 15, -89, 58, -46, -100, -17, 42, 43, -56, 6, 3, 80, -80, 87, 70, 11, -12, 79, 86, -61, -30, -19, 34, 61, -29, -85, 56, 71, -63, 46, -56, 92, -97, 77, 27, 74, 81, 79, 14, 40, -90, 77, 89, 7, 72, -78, -17, -5, 22, 53, -39, 74, 19, -77, 93, 43, -2, 30, -13, 54, -86, -82, 83, -3, 60, 47, 62, 88, 96, -1, -93, -14, 87, 98, 94, -52, 81, 74, 93, -70, 27, 55, -39, -53, -4, 72, -79, -79, 97, 90, 67, -17, -20, -75, -58, 10, 85, 66, 27, -3, -88, -37, -77, 2, -24, 22, 99, 50, -60, -62, 41, -65, -86, -59, 43, -60, -31, -29, 32, 94, 58, -97, -84, -8, -38, -86, -96, -16, 11, -49, -87, 39, -9, -44, 85, -66, -24, -76, -24, -55, 23, 54, -82, -16, 23, 10, 24, 36, 65, -52, -52, -26, 77, -87, 84, -90, -75, 86, 49, -100, -99, -60, -94, -21, 80, -28, -79, -70, -65, 64, -99, 81, 49, 79, 73, 80, -25, 77, 67, 48, 1, 1, -27, 63, 63, -93, -27, 86, -61, -5, 21, -92, -96, -68, 91, -77, -88, 23, 46, 59, -34, 22, 53, 45, -2, 72, 47, 12, 65, 95, 17, -73, 86, -31, -69, -54, 40, 8, 100, -71, -36, 65, -31, 36, -47, 77, 75, -30, 71, 46, 14, 82, 20, 54, 73, 41, -4, -93, 11, -81, -88, -95, 35, -7, 2, -47, -18, 37, -35, 4, 49, 13, -29, 33, 34, 93, 27, -95, -65, 67, -42, 93, 78, 55, -33, -85, 18, -62, -74, -75, 15, -59, 2, -76, 81, -44, -26, 13, 40, 12, 45, 27, 59, 48, -77, 99, 36, -73, 92, -72, -54, 61, 18, -57, 45, 62, 11, -33, -26, -38, -22, 49, -94, 83, -72, -60, -32, -77, 10, -95, 37, 32, 57, 4, -34, -31, 24, 80, 11, 6, 54, -95, -82, 90, 4, -44, 50, -44, -42, -65, 66, 100, -16, 6, -7, -68, 71, -12, 76, -100, -65, 24, 32, -73, -14, 11, -18, 60, 76, 34, 4, -74, -53, 65, -70, 31, -15, 26, -5, -12, 52, 4, 73, -9, 93, 26, 77, 81, 40, 45, 27, 81, 42, -67, 40, -26, 75, -10, -36, 66, -90, 93, 5, -35, 54, -74, 72, 78, 78, 17, 79, -63, 57, -54, 66, 24, -68, 42, 29, 30, -58, -84, 60, 10, -89, -54, 64, 83, 26, -3, 92, -53, -7, -55, -48, 46, -60, -5, -14, 37, -48, 70, -61, -37, -28, -84, 41, 64, 11, -100, 5, 100, -29, -9, 54, -5, 49, 66, 27, 19, -86, -31, -29, 3, -25, -43, 74, 25, 82, 80, 32, 35, 81, -69, -38, 85, 86, 86, 41, -83, 64, 84, -89, -77, -63, -18, 10, 82, 99, 88, 80, -9, -44, -54, -72, -9, 4, -2, -99, 94, 17, 98, -41, -35, 44, -1, -83, -22, 73, 30, -72, 59, 86, 17, -20, -95, 97, -16, -29, 10, -64, -53, 68, -37, -2, -28, 14, 100, -19, -35, 30, 91, -57, -37, 90, -70, -74, -40, -44, -38, 94, 32, -7, 35, -9, 37, -17, 89, -21, 26, 61, -48, 85, 49, 10, 65, -17, 94, -43, 68, 36, 31, -86, 88, -35, 34, -41, -76, 17, -86, -27, 41, -86, 14, 32, -33, 37, 67, -1, -70, 1, -38, -28, -83, -14, 47, 55, -90, 86, -8, -48, 20, 80, 68, 66, -58, 65, -73, 95, 92, 15, -64, 34, -77, -22, -1, -98, 32, 67, -14, -7, 83, -88, 87, 26, -32, -72, -22, 66, -84, -73, -3, 17, -95, -17, -80, -34, 97, 62, 18, -3, 33, -91, -67, -16, -89, 64, -43, -3, -35, 14, 33, 14, 49, 5, 24, 60, 80, -21, -47, -55, -79, 5, -34, -63, -54, -80, 72, 73, -87, -62, 74, 86, 98, -19, 9, 88, 95, -28, 65, -86, -65, 21, -16, -78, -54, 91, 12, -58, 29, -95, 90, 24, -26, 75, -58, -42, -64, -71, 35, 59, -44, -6, -39, -46, -57, 78, -79, 62, 5, -85, 39, 97, 57, -97, 74, 25, -5, -29, 18, -20, 91, -12, -68, 49, 34, -58, -30, -51, 36, -57, -12, -48, 29, -55, 44, 46, -73, 53, 81, -50, 76, 57, 35, 77, 83, -35, 53, -91, -66, -3, 17, 68, 37, 3, -32, -25, -41, 54, 19, -64, 22, -68, -83, 27, 48, 68, 77, -96, 65, -33, 98, -50, 84, -44, 56, 98, -22, -61, 52, -22, -84, 7, 98, -84, 72, 59, 56, 42, -68, 29, -16, 71, -87, 42, 6, -48, 4, -71, -17, 40, 81, 39, -83, 67, -47, 81, -64, 76, -4, 78, -79, -54, -51, -48, 34, 20, -69, -25, 29, -18, 38, 50, 53, 94, 40, -68, -59, -7, 92, 30, -36, 36, -58, -100, 18, -68, 17, -86, 12, 24, -8, -21, 57, -79, -9, -45, 86, -29, 90, -6, 79, -63, -14, -8, 25, -55, -57, 73, -40, -62, 13, -30, 85, -76, 34, -72, -70, -10, 12, 64, -30, -61, 61, -45, 86, 40, 67, -62, 61, -80, 47, -5, -31, -11, -23, 44, -35, -98, -17, 16, -94, -53, -72, -50, 97, 49, -13, -59, -26, 32, 13, -7, 12, 90, 81, -11, 88, 6, 11, -16, 85, 87, -29, -31, 70, 51, 29, -26, 54, -49, -61, -99, 56, -92, -61, 50, 2, 0, -81, -73, 75, -33, -84, -12, -6, -29, 4, -29, 54, -27, 0, -44, 93, -74, -8, 6, -66, -56, 1, 73, -33, -38, 15, 87, -16, 32, -98, -54, -84, -88, -51, -72, -49, 56, -67, -86, 53, 32, -4, 53, -50, -13, 27, 56, -100, -36, 17, 75, 10, -73, 12, -80, 60, 80, -49, -60, 30, -89, -94, 91, -59, -79, -85, -73, 80, -28, -14, 89, 58, -7, -63, 62, -53, -98, -99, -20, 58, 99, 96, 53, 37, 68, -35, 38, -84, 44, 80, -83, 71, -46, 62, 10, -33, -80, -38, 97, 79, -65, 31, -85, 78, 99, 51, 91, -38, -59, -53, -4, -61, 83, -11, 60, 1, 0, -92, -85, -34, 42, -77, 49, -92, 60, 6, -75, 40, -28, -62, 17, 5, -64, -5, 24, -99, -26, 40, -8, -55, -45, 22, -97, 64, 7, -80, -9, -59, 84, 63, 59, 63, -82, -71, -96, -88, 62, -38, 99, 37, -81, 24, 36, -49, 84, 48, -87, -82, 66, 69, 28, 3, -100, -16, -34, 98, -37, 71, 35, -44, -100, 72, 50, 2, -25, 53, 32, -23, -88, 2, -25, -45, -14, 28, 64, 26, 53, 31, 65, -92, -27, 66, 7, 87, -10, -64, 83, 86, 15, -81, -70, -85, 22, -79, -71, -99, 65, -34, 3, 55, 79, 50, -14, -10, -14, -32, -37, 39, 87, -30, -43, -72, 47, 61, 22, 33, 35, 15, -54, 95, 19, 56, -63, -48, -55, -40, -78, -58, 73, -25, 45, -10, -80, 95, -76, -36, 94, 38, 66, -64, 31, 27, -55, 31, 77, 28, -99, -14, 23, 25, 60, 100, 91, -66, 64, 77, -35, 14, 97, -70, 40, -63, -65, -85, 59, -9, 99, -6, -65, -99, -73, 60, -10, 12, 88, -29, 1, -25, -14, -83, -61, 17, 95, 11, 40, -19, 33, 19, -57, -5, 82, 96, -55, -92, -56, 20, -6, -32, -32, 98, -3, -8, 29, -59, 59, 63, 96, 18, -60, 42, 22, 63, 76, -51, -83, 10, -52, -25, -77, -96, 11, -26, -42, -12, 97, -89, -18, -48, -67, 97, -89, -33, 47, 90, 72, 30, -2, 50, -24, -33, 2, 75, -3, 60, -62, 46, 60, -28, 31, -88, 93, -88, -10, -38, 65, 77, -40, 50, -64, 15, -51, 67, -9, 100, -85, -23, -14, 5, 50, -57, -27, 41, -62, 0, 33, 56, -21, 33, 39, -15, 45, -8, -49, 2, 45, 78, 89, 97, 58, -42, 97, 19, 50, 99, -50, -82, -92, 44, 89, -48, 2, 95, 96, 80, 39, 92, 77, 80, -52, 64, 89, -2, 98, 16, 84, -9, -59, 94, -29, -39, -97, 91, 15, 70, -23, 14, -63, -69, 26, -25, -19, 53, -41, 67, 72, 83, -17, -66, 100, -81, 71, -88, -12, 58, 59, -62, 98, -96, 6, -76, -54, -68, 88, -26, -24, -22, 93, 87, -72, 22, 6, 43, 99, 85, -90, 71, -40, 96, -56, -100, -16, -70, 24, 81, 51, 99, 95, -14, -31, 0, -6, -4, -34, -59, -12, 84, -21, 35, 32, 32, -72, -70, 95, 75, -56, -96, -86, -64, -50, 60, -20, -21, -94, 76, -96, -73, -77, 49, -50, 30, -81, 36, -21, -90, 74, -20, 73, -49, -19, -75, 26, 38, -82, -18, -4, 74, 79, -41, 92, 84, 53, -45, -39, -67, 31, 51, -29, 65, -66, -91, -55, -70, -82, 92, -5, 71, 36, -12, 89, -58, -51, 50, -24, 48, -16, -30, -5, 80, 28, -46, -71, 75, -25, -52, 78, -46, -96, -1, -60, 15, 56, -96, 22, 61, -37, -68, 8, 40, -23, 77, 97, -67, -68, -15, 39, 83, 43, -55, 11, -63, -85, 82, 79, -21, -3, 69, -61, 85, -2, -63, -49, 40, -64, -17, -71, -77, 55, -92, -90, -46, 48, 17, 68, 87, 43, 86, 10, -40, -37, 22, -35, -18, -48, -68, 9, 65, -81, -24, -73, -59, 13, -88, -83, 59, 20, 12, -55, -67, -70, 47, -87, 11, -78, 40, -81, -78, 8, 19, 2, 65, 25, -41, 92, 47, -76, -42, 27, 57, 12, 87, 82, -24, -61, 95, -45, -89, 26, 17, 98, 96, 66, 1, -3, 13, 99, -79, 63, 74, 43, 81, 96, 12, 37, 17, -4, 61, -32, 31, 18, -73, 10, -47, -71, 36, 43, 47, 11, 83, 40, -62, 70, 49, 11, -35, 62, 67, 53, -44, 64, 50, -60, -75, 18, 43, 31, -72, 82, -100, -9, -82, -19, 73, 5, 3, 83, -1, 17, -86, -55, -90, 43, 85, 50, -33, 70, -82, -51, -43, 26, -21, 63, 94, 27, 5, -65, 31, -32, -67, 90, -59, -63, 56, 70, -73, -7, -33, 17, 59, -60, -24, -27, -67, -67, -22, 37, 28, 44, -20, -5, -34, 12, 47, 84, -13, 92, 21, 59, -62, 63, -36, 10, -29, -98, -95, 64, -35, -51, -18, 52, -43, -25, -55, -36, 17, 48, 37, -42, -100, 6, -75, -44, 9, 86, -14, 5, -82, 92, -57, 81, -14, -56, -77, 44, 78, -7, 100, 61, 51, 19, -46, 34, 73, 70, -43, -69, 23, 62, 98, -28, -81, 58, 90, -56, -20, 16, -51, 76, 15, -13, 46, -41, -8, 37, 1, 5, 11, -75, 90, 9, 94, 54, -66, 85, -36, -16, -41, -16, 89, 7, -63, -9, -80, -46, -70, 65, -95, 15, -69, 34, -28, -81, 40, -19, 0, 43, -50, -64, -96, 30, 86, 79, -52, -8, -85, 35, -34, 5, 15, -92, 68, -42, -1, 96, -71, -43, 63, 73, -13, 38, -82, -55, 23, 73, 58, -27, 93, 48, -69, -87, -6, 76, -27, -29, -58, -65, 15, 75, 25, -13, 73, -86, -66, -24, 51, -34, -18, 5, -84, 63, -89, 91, 96, 24, -57, -77, 70, 58, -5, 19, 6, -89, 12, -23, 1, 8, 32, -72, -46, 59, -50, 13, -100, -43, -91, -72, -36, 15, -78, -84, -2, 2, 22, 87, 39, 28, -66, -4, -53, 31, -36, -58, -60, 40, -42, -36, -13, 31, -35, 20, -79, 67, 11, 82, 90, 44, 7, 18, 56, 4, -37, -27, -78, 57, -30, -33, 39, -23, 0, -94, 60, 65, 71, -93, -15, 16, -4, -22, 21, 45, -17, -36, -56, 26, -28, 46, 52, -87, 29, -70, 22, -19, 44, -30, 61, 24, -65, -10, 31, -49, 77, -44, 99, 66, -22, 76, 70, -8, 16, 51, -8, 41, 32, 98, 76, -57, -73, -91, 39, 34, -33, 13, -46, 84, -24, 33, 20, 89, 33, -25, -38, 36, 74, -26, -21, -2, 72, -4, -28, 53, 9, 13, 51, -74, 38, -37, -78, -65, -38, -68, -13, 74, 98, 49, 35, -14, 19, 92, 24, 71, 75, -98, 95, -61, -35, -7, -44, 76, 21, -2, -13, -56, -65, -39, 44, 15, -25, 53, 84, 15, 3, -61, -53, -14, 48, 12, 96, 36, -42, -48, 81, -9, 68, -82, -49, -76, -2, 7, 33, -13, 52, -44, -26, 15, -3, -80, 83, 68, 98, -57, -62, -84, -13, 6, 21, -23, 19, 7, 2, 23, -7, 60, 53, -55, 53, 41, 66, 64, 31, 99, 25, -82, -53, 76, -88, -59, -91, -17, 95, 87, -76, -75, -68, -83, 31, -87, 32, 3, -13, -6, 19, -41, -83, -18, 13, 2, -73, -56, 61, 86, 59, -9, 67, 50, 8, 12, -41, -45, 75, -36, 87, 69, -40, 29, 57, 46, 74, -2, -95, 6, 10, -21, 67, 33, -11, 64, 93, -20, 67, 7, 14, -2, 83, 45, -73, 34, 5, -43, 93, 32, 13, 57, -39, 17, 31, -27, 77, 16, 46, 67, -96, 0, -29, 30, -87, -58, 28, -93, -30, 42, 22, -60, -62, 24, -51, 22, -66, -7, 99, 37, -82, -30, 46, -15, 62, -40, -21, -14, 1, -36, 15, -53, -63, -36, 46, 11, -34, 98, 7, -39, -14, 71, 57, -89, 14, -8, 39, -14, -93, 11, 10, 72, 12, 30, -69, -27, 14, -54, 89, 66, 100, 58, 4, -62, 38, -13, 65, 14, -72, 81, -67, -84, -36, 85, -37, -47, -30, 94, 32, 59, -36, 72, -11, 82, 82, 62, -62, -29, 81, 12, -32, -2, 38, 38, -12, -24, 46, -78, -28, 62, -15, -3, 36, -58, -96, 19, 74, 30, 16, 0, 92, -6, 24, -11, -100, -98, -99, -6, 63, 2, -71, -85, -57, -94, 50, 96, 99, 12, -8, -73, 4, 5, 73, 23, -58, -77, 28, 52, 15, 57, 14, -61, -62, -72, -6, -38, -36, -19, 69, 88, 75, 71, -87, -12, 68, 8, -77, 20, -39, 61, 25, 30, -74, -66, 45, 24, 63, 80, 76, -29, -82, -37, -53, 92, -4, -15, -61, -6, 58, -86, -14, 18, 29, -6, 88, 55, 94, 14, 27, 30, -60, 91, -30, 4, -87, -41, -3, -17, -25, 43, -36, -96, -57, -73, 11, -61, 100, 56, 60, -29, -33, 79, -9, -83, -61, -60, 29, -38, 23, -35, 82, -9, -84, -42, -55, -77, -79, -76, 54, 73, 56, -49, 98, 44, 28, -24, 86, -92, -41, 83, 84, 72, -60, 39, -6, 18, 67, -70, -17, -40, 90, -23, 11, 18, -59, 62, 57, 72, -22, 69, 71, -34, -96, -7, -90, 21, -33, -81, -14, 55, 28, 11, 49, 11, -84, -57, -49, -25, -90, 91, -14, 85, 59, 21, -97, -34, -62, 22, -8, 42, 88, -71, -27, 56, -40, -50, -21, -21, -42, -98, 10, -57, -65, -52, -22, 69, -20, 82, -52, -97, -73, 59, -78, -27, -70, 43, -45, 43, 15, 84, -76, 6, -21, 60, 70, 49, 90, 11, -63, -89, -74, -79, 92, -14, -96, 98, 32, -34, 91, 81, 42, -41, -50, -39, 43, -25, 38, 81, -42, -93, 12, 66, 64, -65, 45, -16, 19, 19, 69, -79, 79, -11, -31, 54, -15, -93, -22, -89, 78, 73, 15, -83, -57, 47, 19, -57, 19, -76, 97, -46, -63, -60, -26, 11, 42, -83, 86, 89, 23, 3, 60, 98, -56, -47, -17, -25, -76, -34, -72, -64, -25, -28, 63, -99, -18, 78, -27, 78, 31, 27, -74, -55, -62, 97, -83, -38, -15, -87, 62, 64, 74, 65, -63, 30, 89, -60, 59, 86, 69, 10, 3, -66, -66, -28, 21, -9, 48, -58, 58, 14, -92, 64, 10, -36, -80, 14, -51, 66, 18, 53, 40, -73, -17, 69, -2, -38, -25, 46, -44, 1, -8, -50, 78, 50, -58, 30, -93, 58, -73, -76, 91, 68, -35, 68, 25, 32, 59, 49, -70, 70, -92, 46, 14, -60, -25, -26, -56, -21, -87, -79, -72, 28, 30, -32, 33, -9, -89, -61, -12, -44, -20, -29, -63, 49, 28, -53, 85, 4, -79, -28, -19, -82, 80, 40, 6, -53, -24, -3, 60, 12, -70, -72, 90, 34, -73, 17, 71, 29, 51, 41, 25, -52, -27, 86, 55, -55, -84, 75, -7, 50, 50, 92, 91, 88, 100, 75, 36, -77, 70, 82, 95, -28, -80, 91, -45, -99, 35, -34, -44, 90, 45, -46, 38, -94, 88, 55, -77, 53, 93, -31, 36, -5, -12, 72, 42, -77, 14, 54, -16, 36, 94, 73, -54, 20, 54, -79, 85, 32, -79, 78, -94, -41, -80, -96, -53, -77, -63, 57, -94, -10, -43, 40, -42, 96, 53, -38, 30, 56, -93, 44, 19, 43, -67, 48, 79, -25, -38, 58, -72, -38, -73, 56, -78, 89, -7, -80, -31, -51, -5, -82, -67, -67, 1, -93, -79, -8, 16, 99, -53, -93, -75, -37, -88, -63, 91, -87, 66, 98, -35, -62, 50, 89, 43, -69, 42, -87, 38, 22, -56, -2, 83, -89, -4, -62, 74, 38, -87, 37, -100, 10, -66, 83, -7, -73, 60, -40, 44, -27, 15, -13, -39, -52, -67, -44, -98, 22, -39, -94, 4, -11, -20, 54, 76, 80, 92, 88, -63, -31, -14, -97, 26, -7, 64, 31, 86, 87, 82, -75, 75, 46, -7, 97, 89, -81, 52, 99, -75, 78, -26, 66, -74, 59, -98, -7, -45, -73, 75, -33, -41, -91, 67, -96, -15, -58, 60, -85, 18, 76, 71, -72, -15, 35, 83, 23, -100, -99, 37, 37, -56, -66, -40, -63, 42, 100, -5, 94, 94, -27, 4, 3, 62, -60, 95, 53, 66, -55, 64, -97, -25, -99, -7, 4, 63, -82, -39, -30, -84, 12, 43, 35, -71, 74, -85, 47, 33, 38, 29, 81, -34, -79, 40, -91, 34, -27, -37, -79, -6, -72, -83, -100, 46, -45, 28, 91, 82, 81, 81, -6, -48, 25, -82, -21, -82, 54, 70, 20, -60, 64, -78, 75, -35, -99, -45, 48, 77, -83, -6, 34, 76, -56, -94, 36, 2, 2, -24, 19, -12, 5, 12, 68, -43, 68, -87, -52, -48, 4, -99, 34, 52, 94, -17, 98, 91, 34, 23, 25, -10, -12, 97, -2, 29, 68, 43, 20, -29, 91, -6, -59, -88, 43, 78, -24, -54, -44, 57, 90, 88, 29, -36, -28, 44, -79, -79, -99, -50, 95, 58, 20, -39, -18, 43, -6, 97, 74, -54, -28, -65, -7, -82, 15, 99, -64, -16, 22, -91, 89, -2, 57, 61, -98, -24, -36, 37, 47, -45, 51, -74, -90, 71, 27, 62, -60, 27, -3, -29, -48, 48, -70, 58, 69, -41, -65, -49, 13, -15, 54, -66, -79, -58, 88, -34, 84, 68, 18, 11, 93, 40, -38, -74, 80, 62, -16, 30, -45, -35, -91, -68, 84, 55, 69, -12, 89, 50, 31, -4, 66, -99, -49, -19, -70, 90, 41, 84, -68, -68, -48, -47, -83, 70, -10, 46, -11, 12, -99, 48, 14, -91, 5, 75, 50, -89, -55, 57, -97, 29, 78, -56, 1, -11, -64, -15, -16, -98, 85, -99, -32, 14, -14, -83, 20, -16, 74, -4, -39, 65, 25, -64, -81, -51, 8, -88, -13, 94, 93, 15, -26, -59, 23, -64, 82, -13, 59, -28, 34, -15, -28, -2, 73, -23, -77, 46, -63, 91, 49, 85, 16, -26, -25, 55, -45, 44, 2, 0, 8, -31, -53, 12, 28, -9, 2, -67, -2, -9, 39, -96, 27, -74, 35, 64, -45, -85, 32, -38, -87, -80, 38, -74, -20, -77, 50, -13, -82, -72, -15, 75, -99, -41, -48, -50, 9, -45, 52, -69, 42, -28, 36, -65, -7, -15, -25, -16, -28, 98, 58, 49, -79, 61, 13, -87, -98, -23, -70, 18, 28, -77, 66, 32, 90, 53, 90, 25, -22, -74, 65, 68, -73, 52, 65, 22, -43, -42, -37, 79, 36, 79, -25, 17, 5, 54, -6, 18, 62, -100, 71, -10, -99, 81, -19, 31, 55, 69, -4, -73, 76, 9, 6, -47, -31, -22, -1, -53, 47, 68, 47, -63, 14, 41, -29, -62, 88, -32, -90, -93, -72, 87, 97, 75, 68, 67, 13, -45, -54, -62, -50, 50, 6, -45, 91, 75, 69, 74, 36, -29, -12, 47, -81, -84, 8, 14, -84, -30, -53, 85, -36, -3, 2, -26, -71, -100, 24, -21, 9, -55, -49, -52, -99, 5, 9, -84, 6, -94, 60, 23, 6, 11, -72, -45, -45, 54, -58, -73, -42, 94, -45, -63, -14, -76, 78, 28, -86, -64, 4, -62, -56, -52, 5, 100, -36, -55, -11, 40, 59, 86, -18, 31, -5, -52, -53, 53, 84, 71, 56, 74, -80, 22, 5, -33, -71, -99, 54, -14, -74, -44, -39, -18, -43, 63, -64, 0, -43, -81, -91, -53, 28, 3, -64, -18, -1, 76, 80, 56, -54, 87, 36, -25, 74, -72, -60, -28, -61, 66, -47, -38, 70, -74, -40, -49, -22, -48, -7, 3, 1, -93, -32, 65, -90, 17, 91, 97, -68, 98, -76, 26, -75, -70, 73, 99, -14, 38, 71, -25, -63, -7, 3, -84, -98, -69, -85, 49, 66, -69, 4, -83, -96, 63, 55, -53, 16, 53, 64, 80, 79, -36, -14, -65, 11, 57, 70, 45, -54, 49, -56, -18, -52, -17, -19, -56, 69, 51, -48, 42, 68, -48, -43, -95, 99, -81, 11, 81, -55, -9, -58, -66, 77, -99, -47, 25, 39, -68, 100, -18, -8, -95, -39, -52, -23, -39, -97, -11, 37, -96, -69, 40, 10, 16, -82, 56, -1, 98, 79, -55, 69, -39, 70, 83, 75, 92, -81, 22, 61, -60, 9, -78, 73, 43, -34, -2, -74, 5, 64, 52, -60, -53, 36, -29, 16, -29, -27, 60, 7, -56, -93, -16, -39, -10, -85, -68, -52, -80, -26, -62, 72, -76, 51, 39, -43, -36, -29, 58, 31, -9, 20, 77, -81, 73, -54, 93, 82, 38, 11, -3, 33, -75, -68, 96, -46, 94, -75, 26, 25, -57, -33, 78, 95, -39, -64, -12, 66, 70, -20, -57, -73, -63, -58, 77, -87, -82, -92, 74, 14, 9, 16, -90, -94, 61, -76, 77, -44, -67, 70, -96, -38, -77, 3, -96, 91, -2, 90, 82, -35, -2, -63, 26, -35, -12, 83, 56, -10, 26, -57, 34, -89, -57, -83, 1, -35, -51, -3, -97, 89, -94, 82, -90, 51, 63, -87, -72, -19, -74, 79, 23, -37, -62, 75, -45, -23, -68, 26, -85, 73, 31, 94, 81, 64, -40, -53, 56, -44, 28, -49, 39, -95, 0, -32, -22, 42, 7, 29, -18, -53, -58, -20, 47, 92, 61, 82, 58, 21, -65, -88, 4, 86, 42, 26, -85, -35, 25, 43, 50, -89, 70, -61, -69, -55, 9, 97, 54, 26, -88, -5, 60, 9, 41, 46, 38, -91, -18, -67, -84, -82, 12, 17, -11, -52, -65, -5, 2, -66, 61, 89, 93, 62, -28, 30, 85, 19, -6, 95, 81, -53, 90, -55, 92, 13, 41, 97, 86, -66, -22, -97, -99, -41, 43, -4, 61, -15, 78, 98, -76, 60, 26, -83, 47, -73, -3, -6, -88, 51, 99, 6, -26, 45, -72, -21, -47, -77, 17, -70, 28, -28, -47, 47, -58, -47, -4, -47, -37, -24, 73, 26, -57, 90, 0, -13, 72, 58, 46, -1, 27, -67, 11, 43, -51, -26, -41, -71, -25, 62, -66, -40, 15, 59, -77, 73, -61, 42, -78, -67, 83, 15, -61, 81, 44, 65, -17, 77, -44, 86, 63, -81, 94, 17, -99, 66, 55, -69, 83, -91, 38, -62, 39, 80, 69, 95, 21, -34, -90, 16, 83, -37, 38, -52, 70, -53, -88, 55, -66, -61, -18, -79, 0, -33, -42, 1, 37, -22, 8, 100, 78, -23, 31, 11, 21, 52, -94, -51, -84, 86, -8, 47, -90, -21, -2, 70, -100, -75, -26, -18, 22, 96, -19, -43, -16, 48, 54, -55, -16, 97, -11, 65, 42, 80, -86, 95, -11, -38, -83, 63, -84, 83, -90, -35, -92, -73, 37, 55, -22, 22, -79, -23, 87, -86, 53, 38, 66, -15, 87, 58, -75, -80, 98, 43, -5, 13, 10, -15, 34, -62, 66, 60, -51, -79, -56, -79, 3, 53, -25, 18, -91, 13, 63, -80, 9, -27, 29, -10, 22, 19, 20, 23, -64, -48, 10, 36, -82, -5, 95, 55, -61, 78, 33, 84, 58, 81, -14, -7, -82, 48, -60, -31, -49, 94, -85, -31, -1, 21, 41, -58, -92, -53, 96, 42, 19, 3, -20, 58, -91, -97, 54, -66, -4, -42, 48, -71, -83, 4, -11, 30, -40, -70, -29, -72, -57, 49, 80, -22, 65, 84, 62, 17, 63, -60, 21, 76, -46, 73, 59, 92, 47, 47, 59, 97, -43, -72, 78, -58, 98, -46, -35, 28, -17, 92, 24, -37, 67, 57, -97, -73, -29, -8, 43, -87, -67, -78, -15, -48, -97, -22, -89, -29, -6, -52, -98, -74, 26, -25, 7, -39, 46, 67, -7, -5, -78, -71, -2, 87, 37, -42, 35, -86, -32, 85, 67, -95, 70, -37, -83, 1, -12, 46, 68, -95, -93, 13, 90, -20, 35, 68, 63, 84, -23, 15, -93, 59, -13, -61, -43, 76, 88, -6, -43, 89, -18, 4, 24, -59, -33, 1, 31, 95, 9, -74, 71, -41, 58, 12, -75, -10, 69, -31, 36, 24, 76, 54, -4, 8, -26, 19, 36, -29, 53, 16, -27, 68, 37, -74, -51, -92, 0, 98, -4, 84, -98, 19, -29, 91, 27, 26, -48, -84, 30, 35, 46, 57, -33, -6, 15, -45, 9, 40, 49, -32, -46, 100, -54, 51, -25, -44, -89, 78, 10, 94, -32, -32, 33, -53, 76, -9, -5, 1, 11, 65, -82, -88, -96, 9, -81, 76, -5, 49, -68, 28, -16, -49, -83, 61, 8, 19, -16, -47, 10, 45, 85, 35, -13, -11, -64, 75, 17, 54, -30, 29, -90, 95, -4, -21, -86, -23, -47, 18, -74, 42, 28, -58, 25, -41, 2, 46, -79, 59, -22, 11, -38, -44, 42, -67, 35, 75, 55, 45, 77, 51, -40, 17, -56, -60, -2, 6, 42, -93, -26, 14, 27, 78, 43, -8, 26, -77, 15, 29, 52, -41, 39, 54, -51, 60, 29, -86, -20, 44, 96, -44, 12, 46, -5, 11, -82, -1, -90, -83, -78, 6, -5, -2, 80, -20, -77, 78, 6, 19, 87, 28, 70, -72, 81, -30, 45, -17, -14, -48, 6, 4, 5, -16, 27, 86, 99, 7, 74, 13, 21, -37, -77, -90, -21, -56, -41, 91, -70, 65, -100, 62, -6, -24, 34, 4, -92, 62, -89, -64, -47, 37, 69, 95, 12, -14, -15, -75, 92, 89, 68, 13, 89, -11, 73, 78, 67, 14, 54, -39, -11, 24, -82, 98, 99, 63, 83, 9, 99, -34, 60, -64, -49, -3, 45, -16, -90, -86, 66, 36, 35, -28, -24, -82, -19, 96, 22, 75, -70, 75, -86, 77, 8, 61, 81, -16, 38, 68, 32, -19, -82, -34, -61, 50, 53, 65, 31, 95, 13, 31, 8, 74, -45, 84, -48, -76, 93, -94, 49, 81, -74, 83, -96, -25, 41, 65, -17, 28, 86, -30, 17, -98, 25, 1, 82, 16, -66, -23, 47, 60, -36, 58, -34, -25, 42, 15, 66, -20, -9, 85, -62, 73, 43, 4, 99, 6, -23, -83, 34, -16, -6, 23, -69, -65, 46, 37, -76, -78, -36, -24, -37, 18, 19, 93, -48, -93, 64, -45, 5, 0, -49, -38, 80, -45, -72, -29, 50, -47, 82, -86, -88, -32, -52, -25, -49, 79, 11, -91, 71, 78, -30, 36, 89, -10, -10, 64, -80, -28, -2, 31, -20, 10, 69, -5, 33, 83, 38, -54, 60, -90, 2, 99, 36, -30, -85, 70, -20, 88, -74, 54, -16, 54, -79, -66, 89, -10, -1, 92, 34, -93, -96, 59, -25, -49, 43, 29, -95, -65, 93, -80, 32, 73, -76, 13, 10, -93, -48, 61, -62, 77, -41, 49, -48, -29, 8, -49, -96, 86, -25, 43, -95, 98, 17, -77, -94, 0, -24, 73, 36, -2, 90, -66, 47, -30, 53, 55, 92, -95, -34, 78, -60, 40, -71, 83, -31, -50, 96, 47, -56, 66, -43, 37, 36, -74, -92, 1, 79, 57, 46, 56, -76, -48, 10, 38, 75, 57, 44, -5, -9, 6, 59, 38, -49, -54, -84, -40, 22, 61, 84, 85, -88, -25, -17, 7, 7, -83, -4, 56, -1, -68, -62, 85, 15, -98, -64, 74, 0, 20, -12, -78, 44, -75, -86, 82, 77, -96, -55, -52, 95, 62, 73, 22, -85, -15, 57, -36, -49, 1, -97, 55, 88, 49, -8, 78, -26, 58, 73, 26, 42, 82, 50, 23, -18, 20, 59, 16, -58, 98, 17, -81, -73, 38, -36, -27, -98, -99, 42, 19, 42, 74, -100, -88, -10, 6, -60, -39, 36, -31, 27, -51, 41, 88, -21, -38, -23, -68, -34, -75, 3, -64, -11, -98, 88, 61, 43, -21, -24, 79, 41, -5, -79, 30, -52, 4, -100, -6, 56, 16, 35, -16, 55, -13, -80, -53, 17, -76, -37, -87, -71, -64, 72, -25, -48, 42, 54, -83, 68, 22, -18, 95, 88, 74, -47, 34, 93, 75, 88, -66, 57, 37, -5, 41, -89, -4, 12, -8, 46, 5, 34, -63, -9, 17, 16, 80, -55, 39, -13, 31, 47, -75, -20, 7, 12, 26, 86, -6, -65, 100, -87, 22, 64, -16, 66, 76, 32, 75, -53, -91, -20, -73, 2, 28, -33, 59, 27, 12, -27, -32, 56, -1, -64, -70, -75, -5, -76, 4, 35, -55, -96, -29, 62, 20, -91, -19, -72, -56, -29, -30, 84, 100, -18, -31, -74, -56, 11, 76, -5, -100, -44, 89, 42, -31, -17, 55, -20, -28, -3, 67, 20, 73, 95, 54, -45, 56, 5, -62, 61, 89, 35, 13, -96, -2, -22, -63, 31, 59, -26, 0, 17, 38, -90, -42, 87, 26, -34, 86, -11, -10, -100, 49, -67, -64, 74, 85, -39, 58, -68, -70, -15, 24, -7, -24, 55, -40, -99, 40, 24, -51, 68, -13, -36, -2, -3, 93, 41, -23, -24, -72, -39, -18, -33, 2, -55, -30, 62, -6, -34, -26, 18, -8, -25, 4, 60, -59, -15, -31, -22, 31, -51, -57, -55, -9, 84, 33, 100, -1, 75, 31, -83, -85, 100, 53, 50, -13, -76, 82, -37, -93, 49, 89, 91, -25, 50, 39, -89, 4, 31, 17, 44, 62, -27, 30, -69, -86, 32, -2, 53, 79, -78, 91, -51, -23, -68, 32, -72, -29, -37, 3, 69, -61, 28, -87, -86, 84, -31, -80, -97, -7, -53, -86, 13, 72, 41, 31, -8, -78, -49, 71, -92, 36, -57, 43, 72, -60, 75, -98, -43, 51, 55, 65, 2, 78, 13, -79, -27, 4, -57, 51, 14, 75, 48, -13, -41, 60, -18, 97, 47, -37, -17, 30, -21, -72, 25, 49, 67, 77, -46, -24, 67, -23, 66, -7, -87, 85, 87, -86, -1, -9, -85, 98, 49, -20, -13, -86, 26, 46, -85, -98, 14, -17, -31, 39, 31, 31, 49, 16, 23, 31, 96, 7, 63, 91, 69, 78, 93, 38, 16, 63, 55, 33, 96, 21, -67, 98, 1, -69, -74, -1, -85, 49, -63, 1, 29, 82, 38, -53, 39, -33, 45, 91, 5, 82, 0, -52, 96, 20, -47, 61, -20, -8, -50, 43, 32, 49, 74, 17, 36, -44, 24, -77, 17, -50, -32, 79, -99, 4, -69, -59, 78, -36, 56, -90, 59, -65, -29, -29, 27, 77, 48, 52, -50, 53, -85, 20, 18, 4, 15, 64, 96, -12, 86, 51, 58, 14, 40, -87, -87, -25, -93, -35, -6, -77, -22, -99, 72, 94, -98, -5, 7, 15, -20, -96, 56, -61, -72, -31, 90, -36, -89, 51, -92, -78, -68, 58, 3, -70, 90, -88, 41, -9, -43, -44, -6, 58, -100, -33, 52, -83, 15, 40, -13, -39, -17, -34, 13, -45, 92, 74, -76, 22, 21, 85, 12, -44, -2, 13, 10, 69, -69, -59, 86, 33, -39, -80, -19, -4, 96, 11, -56, -29, 33, 37, 8, 57, 4, -24, 78, -30, -49, -59, 32, 79, 25, 45, -10, 83, 51, 70, -47, -71, 10, 92, -64, -62, -12, -13, 87, -84, 52, -80, 38, 97, 96, -22, -93, 40, -26, 80, -67, -11, 65, 93, 34, -82, 68, -11, -91, -13, -87, -17, 17, -23, 85, 33, -62, -82, 26, 81, -1, 95, 0, 66, 34, -75, -42, -29, -77, 62, 99, 32, 23, -18, -90, 6, -93, -28, 86, 80, 27, 33, 48, 63, 67, 52, 100, 64, -16, -28, -9, 8, -23, 38, 3, -95, -57, 62, 97, -81, -48, -21, -77, -30, -6, 55, 6, -35, -73, 0, -14, -69, 88, -16, 52, 2, -85, -92, -53, -88, -77, -51, -48, 64, 61, 41, -67, 67, -10, -57, 19, -98, 87, 62, -39, 67, 28, -53, -49, 33, 95, -26, -68, 19, -8, 100, 42, 21, 100, 95, 42, -82, 80, -30, -57, 31, -23, -35, -82, -60, 50, 67, -62, -49, -88, -67, 98, 4, -52, -18, 68, 3, 86, -33, 44, 15, -22, 23, 31, 85, 87, -74, 89, 20, -56, 21, 27, -34, 13, -74, -47, 15, -88, -77, 93, -1, 14, 96, 29, -10, 1, 61, 13, -26, 29, -69, 25, 17, 8, 76, 78, 60, -43, 15, 22, -32, 6, 79, -89, 3, -64, -63, 81, 43, -93, 11, -44, -44, -22, -27, 64, -34, -15, 44, -75, -17, -56, -70, -64, 100, -34, 30, 20, 3, -57, 8, 18, 77, 100, 81, 29, 19, -80, -99, -74, 23, 57, 11, 12, 68, -65, 87, -41, -91, 30, -98, 99, 61, 26, 40, 47, 91, 18, 3, 43, -9, -8, -13, -20, 91, 8, 5, -99, 14, -50, 51, 17, 100, 35, 48, -85, -57, -95, -20, 47, -55, -15, -74, -49, 73, 32, -34, -11, 99, 0, -6, 53, 44, 21, 17, 35, 31, -48, -54, 38, -14, 81, -35, -51, -55, 51, 65, 95, 64, -68, -8, 72, -93, 52, 17, -7, 75, 70, 32, 52, -57, 85, 31, -77, 82, -63, -78, 58, 48, -51, -58, -53, 42, -55, 94, -85, -87, -5, -92, -43, 82, -89, 62, 23, -61, 2, 14, -34, -54, -50, 36, -74, -35, 78, -71, 49, -3, -77, 63, -54, -22, -82, -20, 22, -92, 17, -67, -14, -5, 18, 57, -50, -98, -59, -10, -35, -89, 99, -69, 52, 46, 99, -72, 15, -89, -49, -19, 41, -8, -21, 89, -43, -48, -66, 72, -24, -74, 68, 63, -81, -75, 38, 93, -47, -12, -28, -11, 82, 27, 88, 89, -96, 54, -33, -19, 68, -42, 0, 81, -1, 34, 94, -60, 25, -86, 44, 81, -70, -58, 75, 71, -79, 53, 22, -100, -21, -87, 25, 59, -69, 56, -79, 2, 10, 23, -61, -4, 68, -23, -36, 31, -95, -89, 56, 13, 95, -44, -58, 21, -92, 100, -65, 30, -27, -46, -93, -39, 99, -95, -9, 26, -5, -72, 39, -36, 21, 76, 5, -77, 54, -59, -85, -73, 60, -32, 88, 79, 21, -38, -72, 35, 99, 33, -23, 84, 79, -34, 74, 43, -56, 88, -62, 28, 89, -25, -81, 16, 4, 14, -66, -93, -55, 83, 73, -84, 76, -91, -66, -85, -38, -99, 11, -55, 68, -1, 64, -57, 56, -26, 40, 84, -33, 64, 30, -77, -76, 91, 56, 44, -17, 16, 44, 30, -31, 73, 55, 41, -15, 79, 44, 33, -17, 92, -55, 28, 45, 76, -5, 73, -30, 49, 38, -90, 12, -26, 42, -73, 84, 52, -5, -36, -45, 75, -100, -52, -50, 0, 95, -71, -49, 35, -75, -52, 46, -39, -70, 18, -38, -44, 12, -91, -100, 71, 95, 67, 13, -14, -76, 49, 33, 17, 40, 71, -27, 77, -8, 11, 23, -84, 72, -67, -70, -56, 80, 8, -9, 99, -74, -59, 25, 46, 99, -52, -34, 32, 81, -37, 11, 43, 65, 19, 34, 77, 61, 22, -1, -77, -48, 89, -84, 37, -99, 88, 40, -24, -85, -69, -88, -58, 93, 29, 59, 6, 58, 54, 18, 15, 84, -44, -23, 99, -27, -95, -55, 20, 8, 5, 72, -19, 59, 72, -29, 60, 81, 56, -68, 20, 3, -55, -77, -16, -94, -23, -66, -97, 41, 14, 70, 10, 100, -42, 78, 5, -17, -54, -93, -49, -61, -92, -77, 52, 85, -19, 54, 22, -24, 57, -71, -84, -54, -77, 48, -5, 91, -59, 12, 12, 38, -54, 49, -41, -70, 68, 33, -24, 39, 39, 45, 83, -59, 72, -25, -97, -33, 45, -85, -4, -74, -62, 45, 67, -89, 53, -92, 56, 28, 13, 92, -29, 31, 90, -96, -74, -6, 9, 30, 42, 33, 71, 56, 16, 49, -39, 71, 6, -88, -46, -63, -17, -88, 5, -57, -1, -29, -36, 21, 95, 55, 16, 58, 20, -4, -28, -50, -17, 77, -62, 59, 39, 11, 34, -81, 16, -57, 18, -90, -76, 93, -89, -79, 49, -64, -50, 36, -74, -98, 62, -99, -21, 80, -57, 34, -61, 74, -70, 57, -92, -48, -2, -96, -73, -11, -100, 26, 56, -30, -7, 16, 98, -31, -43, 1, 16, 66, 30, -96, 57, -86, 5, -96, -44, 80, -90, 81, 80, -49, 88, -65, 47, 9, 55, -56, -70, -16, -36, -39, 45, 28, 72, -7, 43, -2, 44, -15, -47, -55, 53, -79, 3, -30, 75, 49, -75, 62, -71, 13, -11, 42, -55, -97, -84, -94, 100, -25, -22, 48, -30, -12, -71, 86, -21, -75, 46, 57, 48, -16, 39, 87, -35, 59, 20, -10, -13, 50, -95, 70, -2, -51, 75, 11, 36, -25, 69, -11, -20, -95, -41, -6, 10, -28, -14, -4, -87, 67, -19, 93, 12, 44, 3, -24, 13, 2, 41, -81, 68, 43, -64, 8, 38, -15, -42, 75, 54, -74, -38, -97, 62, -44, -89, 80, 45, -69, -23, -19, -20, -72, -94, -64, -6, 96, -41, -11, 19, 54, 62, -43, -91, -25, 36, 38, -3, -4, -71, 42, 61, 48, 92, 40, -4, 12, -42, 20, -67, 12, 28, -68, 69, 97, 14, -37, 15, 7, -51, 6, -52, -48, -38, 75, -17, -63, -28, 63, -43, 76, 91, -45, -49, 63, 67, -23, -38, -55, 87, 33, -20, 1, -71, 30, -90, -79, -65, -56, 14, 37, 43, 45, 61, 45, 91, 5, -74, -92, -53, -39, -22, 37, -78, 63, 4, 98, 26, 22, 30, -19, 51, -18, 28, 62, 56, 66, -35, 97, -69, -23, 57, -72, 75, -50, 30, -15, 38, -51, 86, -80, 82, -82, 24, 51, -85, 80, 64, 76, 21, 72, 33, -6, 100, 64, -68, -1, -17, -80, -83, 9, -65, 71, 5, -12, -89, 53, 16, 22, -52, -68, 91, -80, 54, -9, 22, 94, -29, -45, -73, 72, 22, 37, -61, 47, -42, 75, 92, -92, 36, -82, 34, -99, 12, -22, -82, 10, 5, 72, 72, -2, 76, -57, 34, 2, -77, 67, 33, -13, 6, 73, -61, 58, 46, 33, 29, 78, 29, 54, 91, -42, 9, 12, 5, -34, 98, 49, -14, -40, 14, 61, 79, -96, -22, 47, 29, -31, 55, -19, 94, 63, -4, -90, -17, 92, -42, -35, 88, 14, -34, 9, -24, 10, 5, 93, 78, 13, -38, 42, -82, 77, 88, -30, -81, -28, 71, 13, -61, 89, -37, -13, -82, -41, -58, 19, -24, 33, -100, 44, 57, -58, -2, 26, 35, -72, 72, 23, -55, 46, 10, -84, 49, 2, -78, -88, 43, 97, -20, 39, 27, 83, -46, 25, 70, 21, 39, 69, -68, -54, -36, -100, -62, 72, -76, 62, -90, -69, 49, -93, -47, 64, 49, -7, -100, 18, 59, -46, -81, -41, 91, 46, -98, 52, 66, -44, -87, -78, -24, 6, 87, -51, -52, -56, 72, -77, 35, -92, -76, -58, -6, -18, -97, 24, -44, -56, 2, -37, 17, 25, -78, 17, 97, -90, 73, 75, 27, -71, 98, -6, 76, -77, -57, -64, 42, -85, -75, 12, 78, 4, -25, -44, -86, 84, -31, -96, 39, -45, 52, -44, 34, -65, 6, 27, -50, 23, 100, -98, -52, -63, -59, 57, -17, 66, -31, -26, 19, 80, -33, -87, -70, 87, 52, -25, -12, -84, -16, 100, -25, 11, 35, -76, 17, 70, -24, 93, -79, 33, 10, -90, -53, -2, 5, -94, 91, -55, -8, 64, 85, 65, 59, 73, -67, 24, -69, 35, -22, -26, -10, -78, 94, -24, 24, -29, -30, -67, -42, 34, -27, -9, 12, 28, 86, 39, 70, -79, 0, -85, -97, 68, -63, 6, 7, 56, -94, -43, -74, -85, -61, -34, 91, 57, 87, 6, 32, -17, -11, 25, -69, -22, -57, 26, -16, 55, -25, 75, 22, 20, -61, 75, 7, 35, 34, 37, -70, 34, -69, -74, -81, 27, 61, 71, -50, 14, -74, 26, -24, -60, 77, 85, 49, -37, 27, -21, -32, -100, -77, -24, -23, -28, 19, 4, 35, 69, 87, 30, 98, 47, -9, 2, -100, 15, -42, 60, -8, -56, 70, 13, -66, 23, 49, -31, -46, -8, -89, 89, -21, -62, -35, -8, -82, 32, 17, -10, -85, -18, -100, -40, 62, -67, 43, 25, 68, -79, -66, -96, -95, -61, 90, -90, -46, -91, 76, 43, -41, 76, 0, 19, 73, 7, -72, -2, -4, -56, -68, -90, 69, 38, 9, -95, -51, 85, 45, 37, 69, 54, 57, 0, 21, 58, -26, -20, -37, 82, 61, 35, 94, 8, 39, 91, 4, -57, -20, 36, -17, -86, 55, 9, 52, 25, -66, 19, -89, -5, -66, -5, 9, -69, -79, -31, 3, 25, -73, -48, -55, -53, 99, 9, -13, -37, 14, -39, 23, -50, 62, 23, -36, -89, -29, -48, 85, -23, 55, 21, 91, -64, -81, -15, -10, 47, 95, -20, 41, -68, -59, -56, 37, -55, -46, 91, -29, -58, -75, -33, -32, -64, -42, 11, -52, -94, -71, 37, -63, -4, 16, -54, -42, 44, 26, 15, 95, 53, -19, -5, -14, -54, -5, 45, 55, 88, 89, 95, -50, 91, 51, 84, -4, -29, 23, -47, -32, -51, -84, 49, 7, 23, 74, 70, -13, 13, -30, 5, 15, 81, 99, -64, -14, -16, 30, 34, -18, -36, 99, 81, -55, -80, 35, 2, -64, -35, 64, 88, 55, 5, -54, 89, 100, -69, 22, 60, -79, -93, -52, -76, -2, -71, 99, 41, 66, 1, -20, 49, 83, 73, 54, 100, -77, -82, -24, 62, 89, 15, -68, 30, -3, 6, 7, 78, -58, 29, -48, -15, 92, -35, -90, 17, -55, -6, 17, -98, -51, 40, 34, 68, -55, 79, 13, 47, -28, 39, 62, -76, 71, 47, 46, 52, -68, -18, 22, -38, 27, -90, 53, -12, 80, -1, 6, 31, -41, -34, 86, -63, 97, 91, -96, 96, 65, 88, -30, 76, 47, 20, 69, -6, -43, 96, -1, 24, -20, 0, 100, -60, 23, -32, 69, 29, 41, 14, 27, 15, -92, -77, 20, 99, 89, -88, 57, 52, 42, -47, 42, -57, -20, -23, -39, 61, -14, 96, -59, 48, 66, 92, 18, -46, -38, -79, 58, -69, -6, 57, -82, -26, 53, 69, -16, 4, -13, -67, -31, 27, -12, 87, -52, 36, 42, -20, 55, -40, 47, 27, 10, 33, -1, 53, 32, -52, 94, 53, 10, -9, 73, -33, 43, 1, 89, 91, 15, -57, 64, -11, -92, -23, -43, 17, -23, 73, 49, 48, -80, 94, 29, 74, -48, 61, 79, 39, -24, 97, -56, -62, 48, -98, -10, -53, 50, 80, 52, 18, 5, -66, -50, 75, 0, -23, 28, 40, 3, -62, -68, -66, -88, 3, 25, 84, -27, 82, 52, 64, 7, -77, -72, -57, -37, 40, -1, 19, 28, 21, -75, -79, 22, -49, 16, -44, -34, 5, -83, -15, 62, 19, 32, -11, -57, 70, 53, 75, 16, -73, 60, -33, 56, 45, -64, -38, -54, -46, 74, 8, 59, -95, -87, -86, 39, 70, 75, -23, -94, 28, 84, 67, 8, 13, -24, -55, 32, 6, 38, 93, 62, -54, 81, 92, 34, 1, 31, -55, -61, 5, 70, -17, 54, 31, -90, -85, -61, -45, -81, 66, -18, -82, 98, 16, 74, 93, 57, 47, 33, 53, -68, -71, 93, -89, -24, 63, 19, -14, 75, 84, -73, -45, -64, 15, 15, -1, -18, -62, 96, 9, -85, 85, 97, 37, -27, -47, -87, 39, -76, 56, 53, -35, -30, 66, -35, -19, -43, 45, -9, -87, 87, -23, -5, 65, -61, 44, 29, 48, -12, -20, -93, -62, -25, -64, 31, 7, 19, -74, 19, 27, -39, 93, -45, 99, 17, -44, 100, 36, -94, 39, -79, 0, 74, 11, -53, 29, -66, 28, 40, 77, -71, -94, 78, -45, 30, -75, -82, -75, 93, 64, 68, 40, 92, -27, 55, 9, 37, -1, -92, -64, 77, -10, -4, -14, -3, 57, 72, 85, -11, 37, 100, 83, -15, -37, 89, -43, 23, 82, -92, -38, -5, 81, 62, -47, -14, -17, -22, 13, -40, 8, 89, 71, -57, -87, 24, 78, -35, 81, -41, 55, -50, -82, -41, 41, 96, 57, -55, 57, -14, 52, -13, -97, 72, 32, 29, 16, 62, 73, 65, 17, 80, -4, -66, 86, -60, 8, -71, -68, -25, -18, 87, 52, 36, -48, -97, -65, 42, 35, 17, 80, 18, -44, -55, 45, 29, -54, -58, 84, 24, -8, 41, -42, -93, -18, -9, -8, 79, 8, -1, -31, -21, 4, 63, -40, -75, -90, 51, -20, 26, -99, 28, -35, 87, 56, -100, -20, -17, -28, -65, 45, -14, 75, 63, 6, -25, -13, -86, -76, -3, 75, 59, -93, -89, -10, 54, 74, -69, 20, -27, -27, 24, 7, -8, -26, 60, -23, 24, -34, 15, 83, -26, -14, 15, 25, -62, 7, 33, -25, -96, -99, 93, -21, 25, -79, -98, -75, -34, 84, 36, -35, -64, 4, 95, 78, 36, -26, -74, 70, -52, -28, 68, 96, -93, -93, -94, 37, -92, -29, 1, -61, 100, 3, 28, 26, 26, 59, -5, -43, 79, 73, -72, 90, -38, 85, 11, -58, -38, 80, 44, -44, -3, -13, 66, 80, -77, 90, 76, 35, 28, -46, -73, 93, -1, 8, -39, -79, 2, -50, -51, -72, -80, 24, 40, -23, -35, -63, 81, 84, -52, 69, -82, -31, 48, 48, 82, 10, 92, -3, -14, 12, -73, 69, 21, 16, 46, 92, -51, 47, -42, 67, -1, 91, -99, 55, -89, -91, -71, 68, -48, 46, 96, 85, -90, 57, 24, -63, 0, -88, 5, -42, -87, 66, 28, 100, 36, -35, -51, -13, 94, 36, -87, -47, -70, 45, -84, 42, 27, 95, -75, 74, -20, -88, 7, -38, -27, -13, -21, 30, 86, -68, 94, -70, 48, -72, 39, 73, -35, 94, 26, -37, -90, -49, -68, -13, -42, 56, -56, -68, -3, 41, 92, -2, 4, 6, 86, 53, -44, -94, 31, -87, 83, -15, -22, -40, -16, 26, -57, 29, 67, 22, 70, 53, 3, 30, -8, -11, -26, 57, -49, -81, -8, -48, 18, 58, 21, 2, -75, 20, 9, -54, -71, -51, -9, -30, -28, 65, 54, -84, 67, -51, 69, -82, -82, 94, -76, -91, -78, -100, -60, 25, 86, 74, 76, -46, 42, 37, -20, 4, -40, 70, -47, -92, -96, -77, -100, 45, 68, -66, 44, 18, -6, 97, 51, 68, -55, -7, 30, 28, 40, -56, -98, -93, 31, -73, 3, 7, 56, -12, 12, -16, -64, -56, -7, -23, 9, -22, -33, -76, -68, -62, -33, 21, -93, 37, 29, 90, -60, 12, -43, 94, 64, -52, -42, 15, -21, -61, -61, 11, -91, -65, -97, 26, -59, -10, -50, 92, -63, -39, -29, -47, -6, 34, 24, 10, -48, -12, 68, 84, -21, -46, 4, 48, 56, 80, 18, -21, -97, -5, 23, -47, 1, -58, -90, 38, 71, -47, 96, 68, -95, -59, 20, -9, 0, -84, -96, -60, -58, -49, 41, -57, -38, -82, 72, 36, -54, 72, 62, 5, -67, -78, -70, -8, -79, -40, 14, -36, 53, 69, 21, 7, 35, -5, -51, 58, 31, 26, 98, 23, 64, -67, 59, -31, 32, -95, -26, -61, -59, 77, -98, 30, 36, -4, -53, 62, -11, -85, -9, -44, -65, 35, -87, 27, -55, 72, -44, -34, -67, -90, 36, 37, 36, -92, 32, 66, -56, 73, 56, -17, 52, -51, 87, 56, 51, -74, 81, -25, -39, -79, -48, -85, -95, 67, -28, 74, 25, 55, 80, 69, -90, -18, 88, 49, -90, -44, 7, 8, -99, 48, -29, -80, 17, -74, 46, 2, 7, 20, -86, -29, 89, -14, 64, 1, 15, -90, -54, -65, 42, 75, 58, 84, -76, 96, 54, -22, 27, 61, 94, -35, 59, 71, -9, 32, -70, 80, 86, -61, 24, -29, 42, -17, -32, -71, -87, -34, -32, -11, 61, -41, -33, -65, 18, 33, 51, -1, 38, -23, 96, -66, 25, 3, 89, 100, 0, 2, 28, 80, 19, -85, -48, 27, 96, -59, 73, -37, 3, 30, -53, 100, 88, 54, 55, 10, 80, 94, 93, -60, -69, 53, -62, -35, 48, -73, 68, -45, 12, -40, -91, 58, -26, -53, -1, -11, -39, -11, 9, 71, 81, 29, 83, -88, 25, 56, 24, 51, -57, 66, -67, -1, -7, 69, 80, -14, 44, -30, -39, -22, -1, -3, 71, 68, 35, -82, 77, 21, -99, 55, -13, -37, 6, -52, -99, 17, 98, -43, 10, 52, -36, -62, -82, 93, 66, 42, 99, -2, -24, 44, 2, -17, 62, 67, -40, 77, 54, -59, -86, -3, 15, 40, -22, 69, -80, 18, 53, 37, -32, 89, -78, 31, -11, -16, 62, 73, 60, -18, -74, -43, 14, 6, -44, 44, -32, -68, 39, -94, -10, -26, -54, 0, -83, -2, 92, 88, -6, -17, 52, -13, -95, -47, 2, -73, 82, 21, -77, 100, 36, 73, -5, 8, 21, 68, -7, -2, 87, 36, 84, -64, -74, -85, -87, -55, -51, -5, -59, -61, -22, -91, 0, 11, 7, 71, -75, 0, 64, 10, 8, 4, 79, -58, 55, -38, 47, -59, -2, 87, 45, 83, -51, 99, 42, -84, -93, 54, -87, 48, -69, 31, 99, -32, -11, -12, -23, -3, -47, -49, 23, -96, -70, 49, 42, -39, -81, 61, -85, 6, 16, -78, -43, 43, -92, 28, 46, 54, -78, 83, 23, -78, -83, -54, -38, -53, 77, 15, -70, 7, 74, -81, 55, -65, 43, -94, -43, 99, 86, -94, 59, 0, -17, 55, -91, 16, -37, 36, 17, 70, 93, 78, 68, -60, 90, -77, 83, 78, 24, 19, -68, -57, -75, 13, -76, 93, 16, -18, -54, 52, 83, -62, 42, -75, -43, -59, -30, 100, -6, 41, 29, -36, -71, 89, -97, 24, -27, -100, 96, -87, 95, 56, 40, 13, -22, -3, -51, 36, -59, -26, 76, 24, 45, -93, 81, -17, -61, 75, 78, 85, -88, 9, -10, 19, -7, 9, -94, 85, 22, -44, 92, -31, -27, -74, 87, -33, -51, 64, -94, -48, -51, -29, 74, -31, -1, -66, 37, 35, -98, 85, 72, -42, -46, 66, -78, -77, -49, 27, -5, -93, -26, -63, 26, -4, -66, 41, -12, -10, 35, -57, -82, 82, -85, 96, -12, 74, 33, -20, 0, -99, 6, -99, -40, -84, 39, 11, -61, 89, -90, -24, 88, -95, 0, -93, 48, -64, -17, -58, 35, 74, -60, 16, -55, 24, 63, 77, -78, 62, -62, -28, -42, 32, -90, -10, -42, 45, -32, 38, -6, 55, 86, -95, -27, 16, 66, -99, -12, -98, 83, 91, -50, -35, -74, 13, 57, 76, -32, -75, -62, -22, -6, 4, 92, -70, -67, -12, -41, -26, -21, 26, -71, -31, -16, 42, 15, 13, 25, 97, -92, -97, -14, -44, 56, -67, 80, 39, 0, 33, -67, 19, 18, -33, 5, 15, 74, 67, 92, 58, 12, 74, 29, -72, 11, 93, 84, -48, -27, 57, -11, 30, 39, 72, -26, 78, 2, -20, -52, 94, -33, -55, -12, -11, 51, -24, 46, 80, 99, 26, -59, 95, 38, -46, 32, 41, -86, 16, 51, 67, -29, -97, 76, 2, 7, -78, -87, 46, -91, 56, 42, -100, 2, 66, 30, 8, 90, 19, 59, 40, -3, 10, 31, 5, 50, 51, -48, -17, -42, 66, -62, 35, 73, 80, -40, 71, 21, -10, -96, -37, 25, 44, 59, -100, 74, 90, 11, -58, 16, -87, -85, 10, 78, -49, -51, 72, 60, -57, -82, -17, 9, 26, 26, -57, 28, 27, 84, -17, -70, 74, -18, -88, -37, 97, 42, 32, 63, -83, -28, 23, -76, -43, -23, -61, -76, 25, -2, 56, -75, 8, -27, 51, 24, -52, 78, 77, 52, -19, -81, 24, 66, -78, -18, 93, 28, 98, 93, -6, -10, -7, 54, 52, -72, 44, 99, 100, 29, -12, -14, 95, 35, -68, 81, -70, -57, 79, 35, -53, 85, 52, 49, -43, 30, -50, 4, -24, -76, 46, -60, -2, -65, 85, -87, 99, 58, 59, 67, -59, -40, -91, -76, -1, 78, 10, 60, -65, 89, 62, 73, 19, -24, -81, 30, -70, -99, 75, 8, 72, -89, 78, -42, 65, 62, 68, 7, -70, 60, 10, 18, 100, -25, -67, -35, 91, 6, -83, -74, -96, 51, -27, 27, 24, 61, -51, 88, 95, 11, -94, -52, -28, -51, -96, 55, 37, -82, -37, -50, 9, 58, -10, 93, -66, 27, 98, -96, -27, 75, 64, -86, -72, 31, 21, -24, -29, -53, -12, 46, -97, 29, 40, 78, 29, 19, 75, 29, 15, 61, 67, 22, 86, 18, 23, 29, -28, 13, -19, 8, 46, 23, 84, -82, 93, 84, 59, 87, -19, -18, 32, -6, -3, 74, -16, -95, -49, 8, 62, 17, -79, 28, 24, -64, -62, -11, 82, 54, 59, -8, 21, -60, -62, -25, 29, -33, -55, -72, -25, 32, -72, 52, -2, 97, 56, -58, -62, 0, -58, -39, -88, -25, -16, -69, -92, -86, -36, 93, 97, -13, 88, 54, 10, 38, -95, -75, -49, -93, 39, -36, -73, 5, -19, 4, -80, -43, 25, -53, -10, -92, -1, 29, -69, -42, 75, -52, -97, 83, -95, 50, -70, -65, 61, -79, 5, 31, -68, 27, -59, -56, 1, 79, 77, -55, 88, 49, 28, -9, 76, -15, 11, -90, 6, 78, 15, -83, -11, -74, -80, 87, -59, -83, -85, -86, 5, 29, 41, -6, 66, -93, -61, -100, 34, 1, 58, 4, -9, 82, 75, 91, -40, -67, 1, -62, 21, 56, 88, -14, -54, 68, 10, -88, -60, -16, -35, -37, -16, 79, -22, -79, -83, 79, -2, 11, -75, 49, -29, -72, 8, -99, 59, -29, 28, 4, -17, -80, 88, -5, -28, -93, 79, -91, 92, -50, 25, 27, 61, -54, -25, 100, -32, 9, 85, 41, 28, -67, 20, 12, -69, 22, 16, 49, 47, 50, -65, -51, 38, 86, 57, 86, 20, 86, -70, 62, 91, -53, -45, -13, 19, -21, 69, 33, 49, 71, 15, 76, -33, 4, -23, -55, -4, -6, 93, -39, -78, -15, 65, 26, -33, 33, 57, 19, 72, -29, 100, -56, 15, 3, 30, 9, 28, -93, 1, 36, 16, 38, -98, -42, -89, -15, 40, 31, 62, -75, -51, 41, 72, 53, 26, -89, -68, -2, -71, 80, 19, -95, 55, 97, 59, 91, 29, -25, -39, 97, 68, -83, 43, -98, 95, -19, -4, -76, -95, 8, -64, 40, -30, -33, -72, 12, -82, -99, 92, -60, -52, 18, 12, 31, 9, 98, 64, -20, 92, 18, -70, -4, -67, 62, -48, -54, 39, 87, -16, -2, -87, 32, 51, 64, 81, 65, -14, -29, -39, 24, -1, -81, -94, -75, 82, -34, 2, 69, -44, -18, -43, -5, -9, -36, 56, -81, -3, 100, 60, -53, -72, 40, -63, 45, -9, 11, 37, -8, -42, 51, -36, 85, 22, 81, -25, 29, -59, -58, 16, -73, -42, -41, -45, -93, 8, -53, 48, -46, 35, 13, -34, -23, 90, -13, 59, 62, 61, 14, 27, -46, -63, -87, 72, -63, -45, 31, 27, -100, 41, -100, -8, 96, -74, 96, -80, 24, 86, 26, 32, -55, -70, 30, 9, -32, -88, 7, -51, 53, -2, -96, -49, 7, 94, -88, -27, -46, -61, -48, 23, 36, -21, -70, -87, -33, -2, 6, -72, -91, 53, -28, -77, 11, -62, -49, 90, -82, -18, 7, -24, 23, 57, 95, -94, -77, -34, -55, 71, -24, 1, 39, 54, 90, -99, 71, -35, -3, 35, 6, -39, -73, 86, -89, -19, -18, 38, -22, 77, 29, -60, 98, -81, 46, -87, 20, -30, 77, 22, 51, -43, -26, -92, 19, 4, -15, 1, -23, 4, 100, -28, 53, -42, 100, -82, 86, -63, 40, -57, 23, 16, 6, 9, 80, -94, -28, -76, 32, -10, 35, 97, 8, 19, 77, 66, 2, -31, 71, -56, 25, 31, 21, 73, 47, -55, 0, -93, -82, 79, -95, 70, 15, -7, -40, -42, -54, -45, -20, 75, 6, 36, 62, 22, -86, -66, -87, 60, 28, 36, -14, 3, 6, -34, -29, -36, 97, -53, 2, -32, 6, 40, 77, 64, -16, 94, -61, 0, 43, 92, -71, -88, 42, 58, -49, -79, -4, -98, 33, -65, -69, 35, -3, -89, 32, -37, 15, -50, -98, 10, 96, 23, -95, 47, 49, -58, -85, 57, 94, 72, 71, 24, -11, -15, -33, 35, -18, 93, -66, 93, 19, -39, 97, 64, -97, 58, 39, -59, 34, 8, -82, -64, -11, 51, -79, -99, 50, 7, -50, -57, 12, -6, 95, 24, 38, -41, 20, 99, -36, 33, -15, 69, 26, -9, -68, -36, -15, -7, -12, 43, 8, 96, 71, 9, 32, 87, 31, -58, -71, 91, 55, -44, -28, 77, 97, -6, -15, 51, 38, 66, -36, 68, -13, -51, 24, -11, -76, -30, 54, 6, 2, -86, 26, 86, 74, -73, 32, -80, 92, 15, 17, 81, -58, -52, -12, 44, 51, -50, -80, -54, -13, 96, -97, -36, 5, -50, -10, 29, -93, 58, 34, -44, 90, 65, 57, 18, 38, -100, -32, 18, 46, -14, -17, -57, -44, -61, 77, -22, -27, 79, -44, -83, 64, -65, -97, -38, -74, 63, -35, -84, 100, -52, 70, -57, -10, -79, 61, 20, -63, 42, -73, 5, 64, -63, -74, 54, -42, -11, -69, -70, 59, -92, 84, -15, -80, -97, -8, 58, 61, 44, -62, -34, -29, -94, -97, -80, -1, 28, 84, -64, 19, 39, 34, 62, -62, 11, 99, 82, -46, 81, -42, 70, -72, -10, -11, -91, 77, -73, -55, -23, 35, -16, -80, 6, -67, -44, -66, -58, -89, 75, 72, -30, 70, -68, 36, -5, -8, -88, -69, 31, 78, 83, -79, -50, 47, 80, 16, -92, 3, 3, -71, -9, 64, 57, 14, -7, 24, 69, -55, 61, 58, 58, 94, -53, 28, -8, -27, -67, 88, -6, -99, -9, -34, 94, -50, 82, -4, -71, 26, 94, 93, 65, -16, -60, -40, 43, 96, -25, 34, 74, -38, 60, -39, 5, 87, 11, -45, -79, -74, 74, -23, 29, -59, 26, -49, 92, -86, -16, 52, 62, 54, 46, -56, 22, -30, 1, -42, -97, -12, 82, 1, -67, -88, -82, -58, -32, -49, -25, -34, -6, -3, 66, 33, -9, 45, -21, 9, 86, 94, 49, 13, 77, -27, -80, 31, -13, 47, -71, -55, -93, 79, 10, 73, -50, -98, -64, -74, -50, 24, 58, 37, -30, -59, 64, -73, 19, 47, 3, -35, 53, -36, -77, -63, 48, 27, -90, 53, -7, -83, 89, 74, -36, 82, -63, -55, 56, 64, 31, -59, 73, -41, 17, -37, 84, 89, 78, -90, 76, -48, -86, 32, -27, -72, -36, 90, -72, -65, 37, -95, -55, 37, 24, 94, -49, 36, -9, -26, 88, -34, -79, -6, 35, 29, -38, 42, -83, 34, 10, 95, 84, -34, -28, 4, -8, 57, -1, -17, -99, -70, 89, -18, 7, -15, 90, 95, -33, 12, 59, 62, -41, 97, -72, 9, 15, -45, 3, 10, 93, -8, -18, -1, -20, 82, 84, -96, -86, -79, 2, 4, -2, -45, -19, 81, 42, -37, -65, -6, -5, 88, -19, 52, -81, -92, 4, -64, 30, -67, 63, -92, 33, 35, -17, -21, -22, 73, -41, -1, 57, 23, -98, 56, 34, -76, 60, 54, 29, 43, 38, -60, -84, 47, 91, -16, 28, 8, 92, 9, -9, -66, 59, 57, -67, 52, 31, 29, -10, 0, -91, -72, -74, -25, -63, -24, 33, 8, -26, 23, -89, -65, -40, 70, -12, 0, 63, 53, -88, 18, 85, 26, -19, 3, 96, 20, 62, 27, -40, -12, -97, -77, 24, 85, 81, -51, -99, -32, -34, -98, -31, -7, 52, -65, 56, -4, 42, 57, 34, -14, 25, 7, 11, 52, -85, -82, -6, -25, -17, -46, 5, -55, -56, 48, 44, -89, -21, -32, -79, -91, 35, -30, 50, -59, -66, 27, -21, 83, -75, 78, -63, -35, -7, 46, 40, -2, 97, -63, -2, -20, 29, -71, 99, 54, 1, 71, 15, 52, -69, -68, 5, 91, 24, -56, 6, 41, -54, -6, -19, 91, -30, -31, -92, -21, -91, -42, 66, 81, -9, 44, 91, 85, -42, -76, 65, 16, -59, -81, -28, -64, -32, 82, 91, 79, 87, 63, 11, 70, -11, -66, -82, 74, 88, 37, -97, -76, 26, -31, 82, -54, 33, 17, -47, -88, 58, 63, 5, 34, 6, 87, 23, -91, 70, -88, -20, -85, 95, -5, 21, 40, -18, 16, 62, 48, -3, -59, 32, 29, -62, -34, -92, -55, -88, -23, -88, -76, 62, 78, 22, -78, -61, 56, 78, -99, -67, 99, 40, -51, -25, -81, -74, 22, 62, 19, 96, -27, 62, -7, 28, 11, 92, 82, 44, 49, 53, 85, 47, -74, -100, 28, 67, -36, 81, -2, -47, 94, -51, -59, -65, -45, -49, -34, 73, 0, 66, -21, 34, 19, -63, -3, -63, 33, -79, -80, 40, -8, 87, -48, -37, 83, -41, -10, 82, 83, -97, 56, 92, -56, 96, -93, 59, 15, 84, 50, 15, -83, -75, 42, -64, -17, 19, 63, -40, 30, 18, -100, 53, 75, 80, 70, -35, -7, 30, -50, -71, 16, 91, -64, 86, -72, -100, -20, -90, -73, 82, -34, 85, -7, -11, -19, 60, -64, -75, 50, 80, 67, 26, 24, 37, -65, 6, -33, -34, 4, -16, 11, -46, -29, 32, -55, -81, -24, 30, -90, 16, -49, 45, 72, 50, 74, 76, 11, 72, -22, 61, -35, 96, -47, -88, -85, -30, -4, -76, -77, -8, 43, -6, -89, 94, 49, -94, -10, -90, 98, -80, 67, 29, -83, -28, 42, -34, 97, -10, -41, -100, -68, -41, 81, -71, -28, 84, -44, -58, -94, -53, 42, -12, -89, -28, -12, -64, -1, -84, -97, -74, 45, -65, 24, 84, 44, 67, 19, 15, 91, -45, -100, -70, 9, -15, -99, -25, 96, 49, -34, 84, 80, -28, 19, 94, 44, -42, -96, 27, 82, -79, -18, 36, 95, 85, -4, -93, 99, -55, -82, -91, 25, 42, -92, -20, -47, -20, -59, -98, -92, 73, -36, -30, -89, 46, -74, 2, -40, 46, 76, -31, 75, -69, 0, 5, -9, 57, -18, 74, -28, -91, -46, -34, 21, -80, 25, 1, 82, 92, -100, 94, 38, 80, 73, -69, 89, -53, 67, 44, -26, -99, 7, 35, -15, 95, -34, -14, -63, -98, 16, 47, -73, -4, 88, -92, 63, -16, -33, 44, 62, 37, -61, 100, 46, -39, -44, 100, -11, 28, 15, -1, -32, -11, -47, 76, -43, 51, -81, 24, -12, -21, -28, 47, 93, -91, -36, 16, -11, 2, -11, 5, 68, 100, -44, 70, 29, -99, -86, 33, -99, -10, 25, -34, 19, 92, 60, -66, 53, 44, -42, -37, -33, 94, -94, -4, -27, 83, -15, 28, 97, 26, -11, 46, 89, 75, 9, -6, 98, -41, -8, -49, 61, -59, -37, -35, -66, -97, -50, 23, 74, -7, 65, 62, -91, -19, 73, 93, 27, -74, -44, 96, -53, -92, -93, 40, -50, 62, -65, -72, 84, -65, -29, 79, -37, -41, 24, -48, -92, 84, 31, 57, 72, 52, 10, 99, 18, 99, 61, -25, 75, -27, 39, -40, -28, 11, 76, 14, 93, 55, 97, -39, -5, -49, -22, -66, 66, 72, 18, -23, 82, 98, 39, -4, -51, 40, 25, 20, -66, -36, 62, 63, -88, -92, 25, 15, -53, -61, 68, 89, 98, 31, -6, -64, -93, -39, 65, 34, 21, -21, -90, -80, 66, -89, 95, -92, -19, 63, -79, -19, 23, -24, -19, -88, 78, 36, 96, 28, 13, 41, -84, -89, -11, 46, 68, 3, 87, -92, 30, -68, -89, -63, -50, -52, -88, -22, -66, -56, 85, 88, -79, 74, -70, 26, 85, -7, 93, -30, -69, 70, 95, -18, -19, -6, 23, 5, -99, 52, 72, -99, 47, 76, -2, 6, 34, -41, 33, -24, -48, 79, -71, 40, 32, 50, 0, -51, -100, 93, -51, -11, 4, -60, -79, 18, -79, 46, 39, -90, 12, -55, -80, -58, 40, 70, -82, 35, -51, -29, -78, 55, -85, 49, 28, 95, -100, -16, 11, 85, 27, -96, 74, 10, 100, -78, 1, -47, 99, 37, 51, 31, -71, 12, 5, -85, -47, 86, -75, 5, -91, -38, 82, 67, 60, 23, 81, -65, -29, 18, -81, -82, 95, -74, 52, -64, -14, 89, 26, 80, -82, 8, 78, 67, 84, -54, 65, -78, 35, 3, 75, 84, -73, 31, -61, -89, -42, 9, -48, -41, 73, -78, 63, -94, 38, 44, 81, -50, 28, 54, 39, 11, -79, 7, -85, -92, -17, -75, -1, -22, -44, 65, -77, -2, -3, -84, 12, -84, -45, -12, -32, 80, -100, -24, 46, 28, -27, -41, 20, -45, -44, -89, -23, 47, 52, -31, -86, 61, -56, 95, 7, 86, 84, -9, 1, 7, -73, -6, -88, -66, 53, 38, -78, 84, -79, -41, -14, -36, 41, 8, 42, 97, -32, 44, 65, 86, 22, 56, -71, -4, 92, 39, 10, 4, 87, 19, 68, -13, 15, 88, -64, 38, -23, -23, 61, -83, -81, 63, 58, 44, -51, 57, 51, 79, -52, -10, -93, 77, -83, -5, -20, -9, -32, 82, -89, 38, 59, 40, 76, -2, 28, -47, 53, -77, 94, 49, 3, 92, -89, -15, 21, -29, -41, -79, 27, 47, 89, 63, -56, 0, 53, -41, -89, 51, -52, 83, 83, 37, -3, 43, -61, 60, 63, -29, -62, -81, -7, 30, -50, -38, 53, 67, 49, -87, -38, -21, -46, -26, -98, -25, 24, -9, 20, -83, 62, 1, 32, -28, -19, 30, 46, -91, -96, 55, 40, -45, 60, 47, 48, -4, 1, 3, 44, -80, 74, -36, 53, -100, 52, 3, -70, 3, 12, -23, -14, -53, -78, 43, -14, 68, -86, 22, -78, -12, 58, 23, -7, -5, -98, 35, -85, 100, -12, -12, -32, -41, -74, 7, 3, -9, 27, 70, 44, 82, -77, -92, -19, -98, -23, 15, -48, -58, 23, 50, 14, -73, -36, 48, -84, 53, -31, -72, -65, 57, -9, 28, 44, 40, -79, -96, -80, -9, -69, -79, -63, 63, 63, 72, 39, 100, 91, 0, -45, 11, 28, -92, -89, -75, -13, 93, -46, 57, -77, -71, 50, -41, -65, 95, -95, -88, 66, -52, -63, 27, 47, -55, -14, -54, -23, -4, -2, -26, -15, 17, 25, 52, -51, -9, 49, 48, -100, -85, 68, 41, -68, -42, -87, -4, -67, 13, 67, 95, 24, 94, -91, 23, 48, 62, 63, -41, -39, 5, 55, -11, -64, 78, 62, -70, 26, 47, -33, -12, -78, -65, 42, -11, -49, -14, 69, 61, -80, 11, 32, -78, 22, 25, -5, 27, 23, -24, 45, 26, 21, 82, -43, 5, 13, -32, 81, 8, 99, -78, 47, 43, 93, 66, 94, 81, -71, 16, 95, 77, 27, 36, 24, -18, -88, -43, -95, 75, -46, -14, -100, 69, 66, 50, 76, -58, -8, 70, -16, -33, -26, -60, -85, 66, 50, -9, -91, -16, -6, 81, 6, -25, 0, 43, -92, 97, 72, -22, 79, 64, 91, 34, -60, 92, -66, -42, -2, -88, -8, 65, 67, 94, -83, -78, -9, -54, 29, 14, 27, -33, -73, -45, 26, -97, -1, 35, -28, 15, 66, -36, 3, 52, -78, -35, -89, 29, 73, 41, 62, -73, 77, -69, 36, -64, 64, -42, -41, 86, -1, 49, -83, -80, 29, 36, 17, 82, 97, 29, 28, 34, -1, -72, 33, -61, -76, -31, -33, 66, -8, 7, 24, -19, 4, -44, 39, 76, 79, 34, -4, 50, -1, 38, -38, 49, 3, -95, 73, 4, 95, -17, 48, -25, 1, 49, 40, -71, 92, 33, 33, 60, 46, -22, -90, 10, 7, 43, -14, -79, 61, 45, 52, -18, 7, -5, 84, -24, -57, 75, 44, 46, -74, -93, -7, -88, 92, -20, 82, -16, 82, 22, 58, 25, -50, -21, -79, 5, -63, 1, 51, -33, 33, -82, 45, -35, 15, 63, -70, -77, -98, 56, 76, -69, 45, -4, 39, 21, -24, -18, -55, 39, -18, -93, -64, -15, 62, 54, -60, -44, -63, -54, 5, -36, -21, 31, -45, -41, -16, -16, -2, 12, 19, -42, 94, -45, 87, -78, -95, -43, 93, 2, -70, -53, 30, -21, 83, 100, 86, 28, -86, -16, 84, 73, -50, 19, 35, -42, -72, -32, -44, 53, 81, -72, 80, -49, 31, 26, 26, -90, 37, -22, 35, 56, 75, -65, -98, 56, -33, 39, -76, 14, 25, 32, -34, -53, -61, -42, -93, 23, -15, -78, 80, -46, 0, -7, -62, 12, 74, 25, 16, 87, 48, 9, -89, -68, 98, 20, 74, -13, 48, -90, -30, -86, 37, -58, 68, -81, -16, -70, 3, -29, 38, -10, 18, 93, 43, 69, -60, 7, -4, -14, -78, -60, -96, -30, -11, 79, -93, 42, 92, -43, 26, 20, 69, 31, -63, -85, -3, 4, -47, -49, -68, -91, 73, -41, -49, -39, -30, 51, 43, -50, -14, -12, 33, -89, -14, -26, 53, -59, 86, -28, 39, 65, 9, -24, -29, 62, 47, -41, 7, 96, 2, 86, -91, 87, -80, -57, -5, 0, -46, -32, 3, 94, -54, 85, 28, 27, 87, 58, -49, 23, -99, 80, -98, -37, -58, -8, 95, -55, -9, 33, -81, -23, 92, -94, -2, 31, -15, -64, 67, -45, -24, 83, -91, -11, 34, 21, -55, 55, 73, -5, 97, -23, 79, -98, 25, -91, 76, 11, 95, -51, -76, 66, 47, 3, -6, -8, -88, -26, -9, 32, 18, 84, -94, 47, 66, 61, 5, 56, 81, -16, -27, -47, -87, 70, 39, -87, -44, 88, -28, 30, 84, -74, -31, -21, -53, -3, -64, -53, 81, -95, -33, 66, -87, -38, -10, -68, 30, -51, -13, -8, -57, -84, -17, -91, -27, -83, -24, 80, -28, 55, 8, -52, -5, -68, -34, -92, -38, 65, 0, 15, -34, -21, 60, -65, -76, 97, -86, -86, 76, -41, -50, 91, 2, -64, 94, -28, -62, -13, 25, 8, 50, 7, 4, -82, 79, -20, 63, 6, -72, -100, 98, 68, 26, -81, -67, -62, 42, 38, -64, -12, -3, -94, -12, 57, 81, -74, -18, -83, -64, 20, 0, 1, -58, 43, 70, -57, 64, -70, 69, -82, 22, -49, -5, -72, 36, -68, -38, -13, -6, -43, 42, 68, -2, -76, 26, -5, -25, -54, -84, 31, -45, 28, -93, 43, -70, -55, 7, -62, 65, -48, 1, -52, 45, 22, -4, -62, 84, -36, -1, -96, -55, -31, 13, 9, -53, -41, 31, 36, 52, -36, -52, -19, 67, -38, 35, 70, 63, -32, 72, 94, -84, 23, 0, 77, 44, -92, -78, -12, -81, 73, 46, -69, -30, 78, -40, -27, -55, 84, -99, -43, -49, 28, 71, 78, 95, 30, 97, -98, -100, 65, 87, 86, 80, -69, -24, 17, 81, -84, 94, -71, 56, 56, -24, 6, 74, 94, 31, -22, 12, 31, -79, -40, -57, -99, 66, 60, 37, -60, -70, -54, -31, -34, 90, -20, -100, 78, 100, 9, 44, 44, -38, 62, -18, 70, 44, 69, -41, -12, 86, -89, -95, 46, -48, 82, -84, 4, -28, -100, 47, 53, -13, -92, -53, 66, 18, 67, -8, -15, -56, -12, -14, -63, 67, -93, -39, -53, 70, 41, 41, -7, 6, 53, -82, 94, -92, 40, 63, -88, -18, -53, -21, -17, -89, 54, 22, -43, 50, -18, -92, -57, -16, -29, 34, -60, -76, -56, -89, 89, 11, -70, -63, -58, 27, 74, 13, 65, 29, 30, -44, -36, 38, 62, 50, 88, -37, 10, 72, 31, 85, -42, -65, -14, -82, -82, 67, -97, -6, 85, 65, 84, 24, 20, -42, -55, 75, -95, 67, 38, -94, 30, 87, 52, 99, -8, -25, -96, -16, -73, -6, -52, -1, -2, -51, 85, -78, 34, 71, 39, 34, 41, 37, 66, -76, 39, 93, -62, 38, 89, 81, 73, 63, -32, 64, 46, -25, 93, -99, -57, -93, 49, 66, 95, -59, 49, -44, 39, 17, 93, 17, -8, 12, -13, -8, 21, 97, 20, -32, 23, -71, 100, 14, 14, 3, 99, -14, -35, 83, 30, -6, -71, 14, -84, 58, -96, -33, 44, 65, -16, -96, -90, -52, 36, -63, 91, -76, -57, -21, -62, -42, -83, 72, -29, -10, 9, -29, 85, 74, -44, -96, -90, -51, 20, 57, -65, -43, 14, 54, 47, -65, -88, -70, 98, -28, 46, 39, 38, -91, 48, 50, 60, -87, 92, 95, 57, -22, 3, 41, -66, -39, -66, -10, -47, 95, -66, 68, -16, 52, -43, -84, 73, 43, -90, -79, -42, 55, 1, 58, -46, 2, -41, 83, -99, 79, -65, -3, 37, 66, -75, -5, 38, 78, -26, 67, -66, 43, 19, -95, 93, -17, 42, -31, -77, -2, 60, 48, -66, 3, -14, 7, 76, -50, 74, 8, 78, -21, 59, 94, 44, 98, 82, 36, 100, -48, 48, -4, -38, -67, -9, 18, 46, -32, 89, -97, -17, -74, -16, 49, -75, -64, -21, 34, -27, -96, 65, -96, -15, -71, 81, 86, 9, -70, -71, -66, -8, -27, -62, -6, 17, -7, -53, 12, -37, 82, -57, -8, 7, 74, 68, 5, 11, 84, 9, 35, 32, -9, -1, 69, 23, -91, -74, -28, 48, -12, 40, -98, -46, 31, -98, -57, -5, 95, -81, -97, -87, 58, 47, -74, -11, 74, 93, 51, -59, 44, -13, 98, 38, -22, 85, 5, 99, 81, -96, 8, 11, -8, -90, 68, -71, 51, 46, -1, -54, -88, -57, -54, 92, 88, 65, -22, 96, -41, 10, 94, -72, 35, -66, 14, 40, 65, 43, -78, -71, -83, 87, -51, -37, 49, 14, -83, -10, 48, 77, -89, -80, 18, 29, 82, 36, -88, -32, 100, -56, 41, -60, 3, 19, 78, 78, -95, 54, -31, -1, 93, -62, 53, 42, 87, 29, 90, 33, -58, -54, -77, 16, 24, 99, -74, 30, 59, 54, 13, -8, 73, 90, 74, -51, -31, 18, 32, 30, 31, -17, -9, -56, 72, -34, 36, 24, -49, -23, -60, -92, 96, -50, 93, -37, 57, -1, 66, 34, 7, 75, -54, 4, -40, -29, -10, 7, 83, 27, 56, -40, -86, -33, 18, 66, -69, -95, -62, -42, -35, 12, -81, -42, 10, -12, 58, 96, -21, 42, 50, -99, 20, 58, -29, -34, 75, -23, -47, -80, -1, 29, 61, 0, 80, -14, -23, 52, 24, 99, 63, 86, -28, -35, -61, -3, -66, 45, -33, 47, -93, 69, -45, -53, -26, -22, -97, -89, -63, -85, -8, 48, 86, 71, -23, 5, 89, -83, -64, -27, -76, -86, -28, -11, -44, -11, -10, -1, -100, -49, -49, -73, 8, 0, -89, -29, 81, -42, -23, 48, -55, 81, 35, -52, -11, 37, 85, 80, -17, 17, -8, -100, -83, -42, 64, 41, 35, -2, 35, 38, 90, -14, 2, -80, 48, 69, -93, 23, -59, 83, -74, -57, 65, 74, 18, -99, -59, -6, -39, 88, -12, 21, 96, -39, -48, -78, -52, -86, -41, -14, 20, -10, 65, -79, -95, -28, -56, 22, 29, 27, 15, 63, -27, 56, 15, 0, 28, -22, -37, 2, 73, -76, 32, 81, 67, 91, -68, 42, -2, 31, 93, -89, -44, -55, 86, -54, 65, 25, 30, 61, -82, -33, -75, 10, -23, -82, -25, -61, 31, -99, -43, 18, -9, 32, 52, 44, -34, 16, -22, 99, 17, 49, 81, -61, -76, 22, -53, -43, 71, 26, -43, -47, 68, 42, 47, 7, 12, -39, 23, -10, -25, 95, -68, -76, 30, 13, -57, -84, 85, -7, -42, -63, -13, -72, -76, -37, 53, 13, -28, -41, 48, 9, 21, -90, -91, 53, 80, 50, -30, -83, 3, 56, -63, -57, -36, -67, -63, 70, 4, 12, -67, -46, -26, -52, -25, 89, 25, 66, -29, -70, -17, 12, 4, -75, 12, 61, -16, 3, 46, 11, -32, 89, 40, 39, 85, 44, 72, 96, 57, 65, -25, 93, 1, -35, -99, -85, 48, 3, 21, -59, -53, 20, -15, -1, -7, 25, -46, -3, 48, 55, 35, 5, 74, 46, 39, 14, 9, -72, -70, -68, -28, -85, 44, -6, 45, -79, -19, 77, 91, 40, 19, 51, 28, 96, -37, -24, 72, -14, 80, -94, -36, 1, 61, 7, -94, -77, -49, -58, 99, 55, 3, -53, -76, 89, 83, 44, -31, -55, -85, 67, -8, 17, -78, -55, 25, -49, 37, 92, 41, -9, -70, 4, -24, -74, -82, 71, 17, 59, -29, 98, -33, 30, 81, 18, 46, -32, 94, -56, 29, -19, 90, -99, 72, -69, -44, 9, 50, -94, 52, 57, -45, 13, 57, -56, 98, -61, 22, 91, 1, -11, 46, -10, 7, -78, 79, -4, -31, -90, 9, -39, 14, -74, -99, -27, -97, -36, -99, 11, 42, 45, -78, 34, -14, -71, -21, 6, 14, 82, -29, 94, 35, 58, 69, 83, -13, 49, -65, 8, 77, -76, -94, -9, -39, -41, 58, -19, 28, 91, -81, -86, 55, -32, 74, -66, 83, 76, 54, 18, 85, 29, -8, 27, -11, -72, 43, 90, -4, 91, 82, -97, 91, 66, -26, 100, 84, 61, 14, 64, 37, -74, -76, 14, -95, 59, -50, -77, 91, 87, -97, -57, 93, -76, 82, 84, 0, -15, 87, 71, -89, -13, -41, 50, -31, 63, -37, 28, -41, 97, -7, -77, -79, 8, 92, -51, 44, 58, -1, 3, -15, 64, -61, 38, -43, -25, -99, 6, -99, -55, 41, -97, -68, 33, -89, 93, -81, 33, -40, -11, -100, -78, 70, -73, -61, 94, -13, -64, -34, -32, -28, 5, -32, 98, 27, -57, 36, -99, -3, -35, -93, 61, -22, 79, -92, -84, 88, -50, -55, 32, 67, -90, 67, -100, -57, -40, 95, -90, -76, 100, 26, -17, -41, 5, -62, -4, 2, -39, -85, 17, -37, -26, 0, 51, 74, 87, 58, -36, -44, -77, 79, 61, 11, -12, 91, 25, -48, 5, -34, 54, -89, 62, -31, 84, 80, 88, 2, -78, 72, -37, -35, 100, -99, 91, -12, 40, -91, -47, -96, 1, -44, -76, -68, 83, -82, 70, 98, -98, 48, -1, -14, 30, -15, 21, -28, 35, -48, -31, -76, 94, 51, 51, -96, 84, -47, 96, -57, 85, 35, 37, 42, -50, 40, -60, 72, 70, 99, 76, 35, 4, -89, -8, -30, 79, 89, -77, 70, -31, -57, -64, 49, 11, -57, 18, -21, 56, 20, -82, 95, -81, 2, -1, 33, -33, -1, -36, -90, 48, -10, 82, -82, -69, 99, -27, 42, -61, 97, -18, -15, -99, 98, 82, 36, 72, -90, 40, 51, -96, 81, -89, -27, 66, -93, 72, 32, 57, -74]
Subarray found: [97, 58, -53, -24, 59, 21, 15, -72, -18, -80, 1, 100, 12, -48, 66, 18, 22, -47, -38, -24, 32, 29, -50, 15, 9, 77, 61, 6, -23, 37, 52, -86, 89, -80, 32, -69, -39, -78, 46, 83, 67, 30, 66, -23, 72, 72, 0, 19, -58, 86, -43, 16, 95, 86, -28, -28, -12, -25, -96, -81, 19, 0, 97, -36, -23, 71, 34, 6, 72, -94, -7, 32, -48, -36, -53, 5, 39, -79, 32, -62, -59, 40, 90, 66, -53, 6, -61, 29, 71, -42, -31, 49, 14, -96, 49, -49, 38, -20, -80, -51, 100, 80, -57, 18, -36, 63, 52, 27, -25, 81, 92, -19, 24, -61, 38, -73, 64, 98, 68, -87, 89, 63, -71, -13, -96, 32, 26, 19, -86, 13, -73, 37, 75, -18, 84, 95, 24, 88, -99, 24, 55, 21, -83, 84, -47, 53, -18, -74, -30, 100, -65, -69, 64, 92, 51, 99, -84, 81, 8, 51, 71, 22, -20, -47, -64, 18, -98, -5, 31, 44, 4, 19, -42, -66, -71, -89, -93, 4, 4, 45, 7, 23, -69, -37, 14, 96, 59, 63, 80, -81, 73, 2, -33, -44, -52, -1, 4, -76, 2, 57, 58, -55, 26, 7, 83, -25, 45, -12, 13, 24, -12, 43, 10, 92, -47, -93, -74, 74, -49, -39, 62, 73, -30, -12, 92, 22, 50, -100, -12, 35, -29, -31, -1, 55, 45, -65, 8, 29, 35, -39, 48, 62, -57, -29, 15, -22, -46, -16, 47, 49, -41, -70, 11, -7, -83, -1, 2, 51, 89, -17, 61, -17, 73, 48, 48, 37, -93, 46, 41, -90, 56, 38, 89, 70, -98, 49, -19, -1, 95, -63, 10, -9, -60, 53, 16, -57, 90, 97, 15, -65, 41, 25, -73, 96, 95, -71, 63, 67, 53, 11, 97, -73, 58, -82, 11, -31, 16, 82, -89, 30, -74, -66, -4, -4, 82, -5, -26, 86, 39, -87, -52, 93, -40, 59, -20, -25, 34, 45, 57, -49, 62, 37, -10, -31, 69, 70, -49, 24, -19, 48, 11, -2, -96, 53, -10, 80, -94, -15, 81, -38, 57, -73, -30, -49, 91, 61, -14, 38, -51, 49, 71, -89, -52, -70, -80, 41, -16, 14, 11, -27, -98, 22, 70, 77, -23, 30, -53, 16, 10, -8, -49, 88, -5, -15, -65, -2, 20, 36, 12, 58, -52, -33, -66, -32, -99, 16, 92, 64, -29, -21, -81, 43, -20, -35, -96, -24, -95, -10, 81, -1, -11, -58, -75, 21, -93, 44, -39, -45, -1, -26, -32, 36, -1, 30, 79, 40, -61, -68, 80, 63, 67, 79, -17, -94, -1, 14, 58, 23, -66, 55, 16, 75, 57, 38, 16, 4, -94, 69, 75, 42, -15, -52, -55, 6, 29, 42, -58, -23, 43, -57, -70, -100, -57, 100, 57, 43, 21, 5, 3, 8, -74, -5, 92, -42, 15, -57, 89, -64, -91, -21, 77, 60, 81, -23, -25, -18, -27, -46, 100, -91, 13, 5, 37, -24, -69, 14, -33, 38, -8, 59, -34, -27, 81, -35, 98, -31, 98, -84, 2, 35, 54, 46, -45, -37, 95, 29, 73, -94, -71, 94, -48, 70, 87, 32, 32, -41, 53, -69, -3, -74, -7, 97, -37, -35, 59, 82, 26, -67, -84, 36, -77, 33, 96, 90, -22, -86, 33, 93, -29, 8, 35, -56, -83, -87, 31, 20, -66, 58, 48, 77, 78, 14, 22, 62, 32, -61, -41, -74, -42, 12, 90, 42, -86, 97, 77, -22, -12, 70, 90, 80, 65, -17, 70, 94, 36, -79, -8, -62, 13, 33, -5, 33, 0, 3, -74, 31, -32, 68, 33, 32, -4, 19, -64, 11, 57, -17, 98, 65, -93, 63, 34, -13, -4, 4, -11, -32, 77, -5, 2, -11, -47, 23, -69, -32, 43, -43, -57, -86, 46, 36, -9, -84, -13, 75, 87, -48, -57, -99, -1, -78, -99, 58, -42, 78, -88, 27, 39, -86, 72, -66, 56, 54, 2, 55, -34, -3, 44, 24, 23, -33, -59, 72, 53, -14, 20, 94, -69, 100, 58, -55, -34, -12, -80, 91, -3, 99, -73, -29, -72, 7, 41, 41, 42, 80, 45, 66, -79, 76, -61, 92, 33, 12, 65, -35, -50, -47, 4, 96, -5, 77, 66, 49, -73, -1, -1, 22, -44, 15, 62, 43, 52, 12, 19, 68, -92, -55, -26, -9, -4, -3, 13, -92, -98, 32, 97, -34, -8, 44, -86, 30, 19, 95, -69, -45, -30, 32, -13, 71, 27, -13, -35, -99, -8, 6, -19, 70, 49, -72, 25, -40, 44, -17, -3, -68, -46, 49, -10, -24, -33, 12, -59, -16, 7, -63, -80, -24, -73, 69, -77, 71, 81, -69, 16, 56, 8, 62, -81, -90, 2, 96, -65, 3, 68, 58, 4, 57, -43, 76, 100, 44, -32, -49, 15, 33, -56, -29, -21, -54, -69, 6, 52, 95, 11, -27, -94, -47, -9, -10, -54, -4, 83, 63, 35, -38, 31, -15, -68, -74, -95, 93, -11, -40, -15, 81, 44, 32, -27, -25, -26, -39, -72, 69, -7, 84, 18, 33, -100, 66, 47, -49, -16, 69, 31, 54, 98, -15, 54, 7, 63, 14, -38, 97, 54, -22, 21, 17, 80, -17, 38, 23, 99, -37, 87, -73, 55, 78, 47, -61, 64, -71, -58, -52, -12, 54, -38, 16, 99, 54, 13, -43, 96, -89, -77, -4, -78, 7, 64, -86, -3, -75, 100, 57, 30, -16, 86, -4, 96, -40, -18, 50, 80, -88, -96, -41, -64, 92, 95, -30, -67, 72, 78, 44, 17, 86, -69, -96, 14, 44, 77, 97, 90, 23, -90, 93, 77, -11, 89, -91, -41, -22, 76, 49, -56, 66, -74, -48, 27, -42, -3, 57, -35, -32, 70, -100, 86, 81, 26, -36, 90, 94, -80, 43, -31, -96, 46, 38, -27, -89, 49, -81, 94, 81, 18, -7, -85, 85, 42, -4, -92, 48, 79, 36, 57, -75, -39, 63, -35, -11, 52, 60, -53, 86, 6, -6, -58, -39, -11, 95, 100, 94, 52, -13, 82, -80, -19, -29, 91, -94, 30, 63, -58, -53, 50, 85, 77, 87, 45, -56, 72, -74, 32, 96, -95, 9, -85, 99, -14, 78, 65, 80, -6, 68, 6, 22, -85, 0, 29, 24, -90, -19, -11, 19, -84, -15, -31, 18, 64, 80, -80, 42, -14, -65, -23, -37, 74, -56, -44, 28, 91, 42, -23, -6, 10, -20, -33, 23, -55, -58, -89, 49, -100, 71, -65, -77, 97, 13, -14, -46, 9, 37, 58, -74, 6, -68, -97, -26, 51, 19, -50, -78, -3, -96, -91, 50, -88, -6, 60, 86, -72, -79, -83, 41, 93, -68, -78, -9, 85, -76, -67, 14, 62, 86, -91, 97, 67, 48, 13, 64, -67, 94, 51, 98, 81, 90, -33, 88, -98, -96, 100, 95, 95, -58, 56, 92, -15, 42, -45, -31, 2, 35, -12, 33, 72, -78, -62, -97, -57, -78, -74, 44, 31, -18, -54, -82, 94, 70, 0, 45, 38, -61, 58, -11, -39, -25, 79, 93, 63, -10, 82, 5, 62, -68, 95, 32, 45, 28, 93, 8, 20, 1, -23, -97, 75, -74, 69, -52, 30, 82, -21, 65, -71, -67, 92, -66, -41, -53, 70, -10, -23, 94, -25, -49, 45, 57, -12, 66, -66, -97, 9, 16, 95, -27, 38, 35, 35, -43, -38, 69, -65, 44, 77, -37, -53, -29, 16, -85, -80, 17, -63, 36, -37, 32, -19, -76, 48, 71, -70, -9, -15, 85, -98, 27, -67, -54, -98, -53, 65, 30, -22, -17, -4, 13, -94, 50, -43, -67, -53, 72, -45, 41, 40, -57, 4, 34, -69, -66, -20, -5, 16, 24, -51, 83, -95, -94, 72, 34, -74, -6, 70, 7, 68, -2, -46, -59, -58, 87, -11, 30, 27, 30, -64, -20, 63, -24, -28, 14, 53, 30, -7, -55, -64, 18, 62, -93, 3, 73, -9, 89, -30, -82, 63, -57, -53, 9, -43, -18, -96, -25, 62, 74, -43, -19, 15, 90, 16, 26, -47, -20, 41, -66, -27, -43, 57, 9, 69, -19, -34, -3, -100, -90, 100, 29, 94, -15, -43, -15, 16, 89, 6, -19, 14, -66, -83, 79, 49, 56, -16, 19, 28, -91, -85, 31, -76, 75, 42, -85, 49, 32, 23, 24, -52, 12, -65, -53, 42, 62, 14, -12, 30, -15, 98, -27, 89, -20, -57, -60, -78, -99, -67, -57, 54, -87, -14, 23, 83, 75, 16, 98, 59, 52, 62, -51, -58, -81, 28, -91, -14, 3, -32, 19, 70, -83, 29, 94, 38, -18, 63, -18, 49, -100, -25, 13, 19, 19, 8, 33, -45, -72, -84, 87, 19, -44, 23, 79, -61, -58, 71, -25, -83, -99, -95, -82, 76, 78, -92, -13, -51, 94, -95, -2, 24, -79, 38, 63, 73, -39, -7, 44, -22, 64, 16, 70, -70, -62, 85, 11, -33, 57, -84, 42, 69, -32, -95, 40, 74, -43, -62, 29, -42, -73, 56, 51, 35, -6, 24, 53, -87, 45, -9, -51, -14, 80, 39, -65, -83, 97, 39, -37, 70, -18, 93, -57, 69, 28, 19, -47, 69, -84, -39, 27, -14, 100, 3, -31, -95, 89, 54, -74, 3, -64, -12, 40, 89, 95, -73, -54, 68, 33, 67, 59, 93, 72, 38, -45, 65, 27, -74, 5, -69, -89, -44, 69, 1, 18, -68, -97, 99, 78, -95, -5, 44, 93, 43, -60, -48, 36, -65, -100, 39, -74, -51, 78, -63, -13, -43, 1, -57, -88, 21, -20, -14, 2, 39, -52, 45, -76, 17, -58, 54, -12, 32, 47, -31, -87, -12, -53, -25, 50, -2, -97, -78, -34, 57, 81, 50, 40, 34, -77, 24, -58, -27, -18, -76, -81, 100, 95, 96, -12, 19, -26, -82, -62, -8, -50, 26, -91, 38, -91, 15, 31, -99, -68, 40, -18, 84, -8, -72, -49, 7, 55, -59, -15, -47, 41, -28, 28, -8, 1, 27, 71, 14, -87, -68, -51, -22, -95, 60, -67, -26, -86, 6, -36, 98, -69, -33, -13, 13, 6, 2, -30, -72, 75, -81, 66, 83, 64, 64, 74, -68, 44, 55, 20, -59, 2, -86, 95, 54, 28, -2, -77, -80, -22, -22, 13, -59, -28, 36, -45, 47, 15, -80, 9, -100, -39, -20, -80, -66, -22, 26, -95, 50, -84, 49, 12, -6, -84, -51, -60, -20, 46, 3, -89, -2, -99, -79, 38, -40, -10, 79, 56, 17, -71, 66, 89, 70, 88, -43, 15, -2, 19, 24, -73, 56, 10, 94, -64, 91, 23, -75, -48, 95, -84, -30, 39, -45, -88, 66, 83, -1, -100, -58, -4, -99, 98, -7, 77, -91, 75, 83, 73, -77, -81, 48, -68, -51, 29, 43, 18, -81, 98, -93, 8, 87, 16, 88, 80, -8, 66, -39, -25, -7, -52, 34, -100, 13, 82, -26, -8, 53, -28, 76, -47, -81, 85, 55, 52, -21, 1, 80, 100, -97, 85, -64, 60, 13, 46, 54, 55, -81, -80, 96, -22, -61, 89, -96, -24, 56, -77, 13, -56, -70, 28, 20, -96, 33, -45, -92, -81, -9, 50, 22, -16, -34, -83, -16, -60, -67, 80, 93, -5, -37, 62, 53, 98, -61, -49, 82, 2, 8, -44, -77, -9, -64, 3, 42, 88, -20, 12, -17, 11, 84, -48, -17, -17, 82, -33, -9, 66, 0, 38, -57, -81, 99, -95, 3, 29, -60, 19, -24, -6, -84, 9, -30, 16, -38, 18, 92, -97, -60, -58, 100, -98, 11, 57, -78, 87, 67, -95, 94, -57, 11, 0, 0, 59, 29, -84, 73, -96, -17, 80, -100, -21, -6, -2, 84, -74, 4, 23, -29, 61, -61, -52, -32, -43, 34, 95, -67, -37, 21, -100, 35, 12, 34, -77, -84, 39, -77, -48, 57, 1, -58, -17, -95, 28, 81, -19, -19, 53, -78, -80, -74, 69, -85, -15, -43, -94, 20, 1, -59, 42, -61, -48, 84, 19, -6, 64, -18, 6, 11, 22, 83, 76, 20, -16, 25, 47, -54, 7, -94, -91, -89, 54, 1, -70, -96, -66, -99, 98, -15, 49, 5, 64, 74, 49, 14, 54, 48, 66, -89, 22, 84, -10, 34, 33, 85, -31, -80, -43, 58, 91, -61, 76, -64, -29, -83, 25, -67, -58, -4, 86, 37, -93, -19, 61, 81, -45, 56, 52, -71, 39, 53, -20, -73, 29, -30, 59, -68, 70, -68, -96, -91, 42, -41, 42, 49, 36, 42, -26, -42, 0, -20, -33, -28, -37, 0, -60, 13, 34, -54, 98, -21, -19, 34, -84, 34, -63, -52, -2, 36, 70, -57, -1, 51, -77, 50, -34, 41, -47, -1, 65, -75, 70, -25, -87, -54, 85, -16, 78, -44, 99, 55, -28, 33, -25, 50, 40, -53, -81, -59, 97, 97, -85, -8, -47, 57, -46, -74, 41, 45, -90, -29, -68, 57, -81, 22, -97, 61, -99, 12, 2, 7, 12, 30, -78, 20, 59, -74, -70, 52, -27, -52, 64, 95, 60, 86, -25, -87, 22, -12, -13, -23, -9, 44, -93, -99, -36, -33, 89, -40, 93, -32, 77, 23, 81, -34, -41, 61, -31, 62, 89, -90, 37, -77, -97, 89, -55, 26, -98, 47, 15, -25, 83, 82, 28, 88, 55, 77, -88, 12, -42, -40, -71, 96, 60, -92, 1, 97, 21, 68, -9, 76, 38, 56, -98, -75, -94, -22, 73, 72, 16, 69, -89, -35, -12, -55, -56, 72, 59, 32, 16, -33, 72, -95, 96, -57, 4, 78, 5, -25, 78, 69, 31, -47, 49, 8, -37, -91, 73, 2, -56, -12, -22, 91, -16, 48, 36, -44, 68, 74, -89, 55, 94, -81, 61, 38, -45, 18, -74, -12, -41, 47, -87, 32, -87, 52, 100, 23, 16, 83, 48, -91, -34, -68, 28, -55, -21, -58, 54, 10, -39, -14, 36, 58, 58, -34, -2, 11, -11, 74, 47, -41, -87, -62, 84, 45, 0, -36, 53, -96, -70, -20, 1, -98, -29, 9, 12, -66, 51, -5, 14, -12, 72, -10, 86, -29, -39, -39, -32, 42, 73, -43, -48, -96, -48, 31, -6, -97, 17, 3, -77, -82, -59, -44, -97, 61, 57, 56, -37, 46, 93, -26, -48, 55, 6, 73, -11, -67, -21, 58, 88, -9, -60, 89, -57, -97, -22, -17, 32, 29, 31, 5, 22, -62, -25, 18, -75, 85, -94, -86, 49, 9, -80, -71, 31, -34, 34, 23, -97, -11, -81, -98, -100, 83, 26, 83, -76, 89, 3, -29, 17, 61, 3, 21, 52, -92, -25, -7, 22, 47, 74, -23, 40, 30, 45, 97, -29, 90, 85, -4, -29, 41, 19, -8, -74, 18, -73, -41, -78, 8, 26, 94, 42, -1, -36, 4, 18, 31, 69, -84, -53, -83, 2, 42, -52, -90, -10, -15, 68, 77, -88, -74, 100, -33, 95, 75, 50, -92, -25, 40, 21, 26, 74, 50, 86, 73, 94, 17, 16, 64, 27, -82, 46, 86, 18, 26, 70, -57, 14, 98, -8, 8, 93, 3, -4, 67, -64, 94, 63, 30, -57, 62, -74, 32, -24, -82, -39, -28, 38, -16, 44, -52, 49, 87, 5, -90, -95, -16, 14, 78, 12, -29, 66, 66, -54, 35, -41, 15, 47, 97, -30, 65, 19, 36, 59, 81, 85, -57, 61, -14, -91, -50, -5, 15, -66, -38, 81, -35, -37, 79, 54, 6, -74, 50, -6, -61, -68, -10, 46, 42, 34, 40, 100, 25, 98, 89, -44, 81, -90, 19, 1, -5, -43, -12, 80, -36, -12, -5, 57, 23, -38, -32, 91, -12, 38, 71, 26, 10, 34, -67, -35, -19, -45, 49, -40, 61, -14, -15, 83, 79, -80, 38, 19, -1, 94, -85, -18, -32, -5, -5, -57, -29, -32, -62, 48, 19, 55, -61, 82, -97, 54, -44, -67, 91, 3, 45, 71, 46, 97, 78, -19, -53, 31, -36, -13, -19, -86, 70, -98, 1, -16, 42, -58, -9, 87, 85, -50, 99, 17, -32, -74, -51, -23, 30, 54, 59, 75, -72, -64, 72, 53, -60, -42, 53, -87, 78, 74, -44, -7, -28, 99, -60, 46, 63, -99, -44, 39, -60, 73, 16, 86, -89, 67, -48, -72, 21, -17, 7, -27, 76, 41, -85, -82, 44, 66, 17, 38, 79, -56, -50, -47, -81, -66, 85, 67, -84, 77, -33, 56, -68, 6, -60, 71, 84, -70, 24, 98, 53, -88, 75, -27, 77, -81, 79, -39, -70, -3, -64, 99, -88, -31, -30, -54, -82, -7, -98, -21, 90, 12, 61, 89, 4, 31, -89, -66, 47, -75, -2, -92, -50, 94, 26, 86, -34, 72, -42, 45, -37, 24, -82, 25, -45, 38, -51, -44, 14, 20, 46, 15, 67, 85, -77, 92, 72, 97, 17, 15, 51, -16, 13, -50, -2, 68, 51, 48, -13, -12, 90, 28, -50, -70, 15, 94, 70, -93, 71, 60, 12, -75, -59, -12, 68, -64, -50, 27, 51, 86, -86, 90, -94, 16, -18, 44, 49, 99, 39, 100, 68, 35, 84, 37, 27, 49, 89, -45, 86, -76, 31, 75, 55, 68, 85, 84, 45, 94, 96, 85, 16, -100, 90, 59, -74, -90, -69, -81, 26, 36, 69, 81, 30, -75, 62, -80, 47, -56, -53, 80, 78, 60, 59, 21, 33, 27, -98, 62, -68, 29, -37, -63, -56, -5, -39, 75, 57, 94, 60, 92, -96, 78, 43, -25, 37, 86, 43, -1, -35, -85, 57, 61, -51, -80, -51, 73, 28, 25, -3, -75, 56, 97, -29, -6, -30, 66, -17, -78, 18, 54, 57, -7, 14, -59, -75, 4, 60, -98, -65, 28, -70, -21, 21, 7, 36, -54, -10, 33, 0, -52, -95, -42, -79, 44, 60, 22, -77, -34, 0, 9, -78, 83, -73, -96, -95, 21, 8, -56, 70, -98, 62, 64, 2, -79, -74, 1, 45, 37, -84, 60, -71, -89, 12, -96, 53, 50, -78, -86, 55, 28, 76, -82, -85, 60, 83, -25, 71, 94, -4, -61, -3, 23, -60, -39, 87, 22, 0, -20, 48, 54, 9, 51, 61, 91, 63, 45, -99, -37, 82, -42, -31, -89, 46, -91, -60, 53, 4, 10, -99, 90, 51, -71, -64, -63, 59, 25, 72, -11, 58, -7, 26, -48, 43, 55, -4, 27, 27, -49, -99, 58, -84, 35, 83, -24, 44, 24, 57, 78, 10, 34, -60, 25, 11, -55, -97, -62, 5, 68, 78, 5, 71, 22, -43, 76, -100, 96, 9, -39, 85, 64, 83, 56, -19, -90, -49, 49, 88, 37, 9, 21, -26, 44, 45, 20, -85, 8, -63, 82, -5, -59, -42, -56, -67, 31, -32, -37, -62, -85, 12, 48, -6, 83, -31, -71, -85, -43, -23, 94, -83, 58, -19, 16, -48, -18, -84, 4, -94, -17, 41, 93, -95, 6, -81, -4, 77, 76, 31, -41, 25, 56, 44, 26, 81, -40, -35, 93, -67, -44, 89, -72, -67, -8, -36, -39, -64, -90, 60, 86, 47, -18, -63, -45, 72, -71, 8, -42, -10, 16, 64, 31, 31, 30, 74, -79, -34, 45, -63, 47, 28, 79, -41, -3, -83, 65, 8, -83, -17, -63, -3, 20, 8, -34, -77, 48, -76, 40, -69, -22, 82, 57, -57, -54, -36, -87, 47, 94, 89, -25, -29, -16, 93, -64, -8, -76, 84, -41, 22, -81, -24, -38, 14, -81, 26, -54, -55, -48, 53, -52, 13, 26, 83, -15, -20, 76, 32, -71, 15, -35, 39, -96, 32, 17, -68, -53, -65, -31, 67, -93, -9, -4, 73, 77, -27, -94, -6, 68, -95, 81, 80, -82, -18, -32, -8, 60, 31, 52, -50, -30, 13, 97, 67, -55, -93, 86, 13, 2, -85, -87, 17, -30, -86, 65, -26, 25, 66, 83, -26, -98, -93, 38, 55, -60, -14, 85, 30, -73, -75, 66, -10, 16, 68, 26, 98, -93, 69, -81, -99, -40, -26, 25, -86, 93, -62, 29, 86, 23, -32, 61, -50, 75, 81, 82, -40, -8, 73, 16, -86, -34, -46, -6, 59, 59, 6, 65, -82, -66, -85, -74, -46, -17, 72, 14, 75, -83, 96, 36, -81, 86, 68, 27, -34, 42, 58, 78, 46, -65, 19, -88, 2, -11, -32, -88, 84, -97, 35, 31, -64, -93, -78, 58, -2, 35, 74, 73, 90, 71, -12, -83, -42, -30, 76, 12, 33, -41, 10, -43, -95, 17, 51, -14, -50, -36, -88, -46, -64, 0, -90, -46, 62, 64, 37, 51, -81, 68, 10, -43, 56, 78, 24, -34, 94, -62, 100, 81, -51, 52, 32, -58, -76, -58, -57, 53, -22, -40, -90, -84, 39, 44, 90, 85, 97, -99, 100, -1, 17, 78, 52, 77, 43, 70, 60, 71, -45, -28, 76, 18, 37, 48, -46, 78, 31, 15, 67, -66, -43, -81, -95, 20, -65, -93, 83, 48, 77, -61, 62, 54, 8, 59, 46, -24, -85, 26, -94, 53, -3, 51, 70, -46, 43, -60, -32, 75, 88, -37, -88, 55, -20, 8, 74, -64, -76, -71, 65, 88, -74, -39, 25, -79, 39, -60, -14, -38, 33, -90, -30, 45, -61, 54, 9, -98, 96, -62, -79, -32, 39, 10, 53, 26, -76, 40, -64, -91, -19, 17, -61, -79, 85, 98, -70, 56, -34, 46, -7, 0, -56, 71, -6, -40, -75, 17, -6, 50, 94, 22, -40, 66, 42, -34, -44, -64, 100, -50, -31, 80, -47, 0, -88, -4, -67, -77, 76, -76, -43, -62, 77, 11, 68, 16, 75, -35, 12, 73, 90, 98, -29, 39, 44, -30, -77, -72, -59, -74, 59, -3, -84, 86, 100, 81, 85, 5, 54, 75, -64, 69, -68, -93, 7, 5, -97, -31, 22, 38, -31, 76, 5, -65, -62, 3, -11, -24, -8, -57, -37, -80, 66, 30, -72, -18, 10, 41, -63, -98, 82, -5, -6, -99, 72, -50, 36, -19, 38, -69, -86, 47, 83, 84, -87, -76, 96, -6, -5, -67, 31, -99, -94, 33, 5, -21, -89, 67, -14, 50, 23, 88, 91, -25, -20, 61, -99, 96, 89, -88, 62, 7, 77, -4, -98, 13, 4, 99, 63, -94, 30, -94, -77, -96, 55, 77, -71, 83, 100, 43, 64, -10, -73, 79, 11, -97, 51, 98, 83, -4, -87, 32, 94, 8, 37, -15, -86, 64, -91, -52, 25, -60, -14, -78, 33, -3, 6, -52, 51, 62, -53, 90, 87, 32, 21, 97, -27, -51, -52, -32, -76, 7, 93, 0, 40, -2, -46, 84, 6, -85, 34, -53, 33, -39, 56, -20, 52, 78, -93, 41, 75, -15, 44, 77, -42, -4, 90, -89, 65, -90, 17, -32, -55, -40, -18, -79, 3, 6, 19, 7, -91, 4, -37, 52, 64, 79, -81, -76, -18, -87, -98, -40, -2, 9, 73, -80, 96, 43, -87, -10, -50, 59, 33, 49, 69, 85, 32, -1, -14, 61, 96, 89, 19, 93, 38, 7, 83, -81, -25, 76, 61, -79, 67, 86, -25, 32, -13, -75, -70, -33, 38, -81, -34, 79, 28, 91, 53, 16, 77, 72, -67, -73, -41, -56, 92, 26, 18, -91, -47, 5, -86, 30, 23, 48, -82, -36, 37, 7, 8, -41, 58, 74, -94, -90, -88, 87, 89, -42, 64, 35, -70, 87, 13, 52, 94, 13, 1, -58, 10, 9, -8, -87, 31, 71, 75, 30, 54, -73, -74, -37, 6, -28, -52, -55, -44, 40, 97, 54, -85, -22, 28, -70, -89, 57, 100, 19, 46, 20, -8, 76, -36, -68, 83, 76, 37, 84, -8, 75, 3, -94, -48, 99, -49, 60, -33, -27, -90, -51, -63, 69, 46, -97, -13, -87, -67, -21, -100, -15, -19, -78, -33, 99, -13, 60, -71, 36, -15, -100, 70, -2, -42, -97, 8, -36, -11, 54, -45, -25, -86, 3, -60, 55, 74, 85, 97, -80, 33, -33, -70, -96, -89, 71, 79, -79, -95, 4, 67, 90, 72, 60, 9, -28, 9, -47, 55, -84, -7, -71, -59, 69, -47, -66, -93, 84, -59, -41, -65, -75, 28, 94, 79, -30, -80, 99, -6, -1, -2, -70, 79, 17, 82, 26, -64, -54, 62, 100, -84, -95, 73, 64, 61, -49, 0, -19, -92, -65, -50, 68, -52, 99, -51, 80, 53, -6, 93, -50, 51, -97, -46, -13, 40, -37, 72, 43, 16, 4, 53, -27, -52, -51, -32, 33, 43, 93, -12, 80, 48, 11, -99, 19, 77, 0, 0, 4, -90, 13, -88, 72, -8, 81, 16, -28, -3, 8, -2, 40, -73, -57, -19, -36, 69, 100, -84, 57, -65, -56, -46, -28, -45, -35, -87, 3, -44, 43, 32, 9, -12, 58, 71, 56, 46, 82, 46, -72, -72, 38, 66, 63, -63, 54, -26, 24, -99, 35, -24, 79, -1, 40, -26, 5, 90, -3, -43, -2, 54, 98, 23, 69, -44, -87, -70, 50, 14, -24, 6, 1, -21, -92, 18, -33, 52, -51, 33, -45, -40, -39, -22, 65, 67, 7, -15, -73, 49, 42, 78, -90, -31, 57, 82, -43, -84, -47, -39, -56, -67, -62, 14, 76, 5, -2, 97, 8, -94, -95, -14, 43, 57, 74, -25, 24, 62, -39, 78, 35, 10, -78, -27, 80, -67, -48, -6, -84, -70, -77, 27, 93, 40, 59, -51, 51, 0, 41, 76, -20, -87, -41, -99, 31, -17, -14, -9, -84, 21, 36, -95, 38, -54, 51, 64, 14, -28, -34, -4, -45, -55, -97, 50, -56, -57, 34, -29, 85, -69, -41, -57, 89, 1, -15, 98, 100, 74, 55, -80, -90, 41, 85, 23, -72, -36, 46, 96, 1, -33, 42, 19, 59, 81, 93, 58, 59, 70, 84, -19, -92, 90, -30, 89, -29, -69, -41, 6, -17, 30, 79, -50, -32, 28, -5, -81, 91, -31, -3, -28, -89, 16, 56, -44, -81, -5, -99, 3, 67, -62, -98, -17, -50, -97, -81, -46, -60, 96, -10, -23, 32, -89, -5, -39, 20, -29, 31, 47, 84, -89, 70, -83, -19, -34, -37, 93, 40, -70, 63, -41, -82, 54, 54, 65, -57, -33, -37, 59, 89, -60, 65, -16, -84, -24, 76, -34, 6, -17, 20, -3, 65, -81, 78, -46, 14, -73, 27, 46, 23, -3, -15, -51, -62, -88, -86, 7, 60, -29, -53, -73, 44, -100, 15, -39, -74, 5, 51, -25, -91, -60, -23, 4, 2, -68, -61, -58, 58, -96, -29, 76, -73, -29, -7, -5, -84, 30, 18, -20, -67, 69, -10, 77, -98, -20, -74, 11, 31, 2, -100, 19, -1, 6, -81, 40, -40, 29, -63, 23, 98, 31, 78, 50, 6, -58, 49, 60, -71, -35, 38, 54, 39, -69, -83, 21, -15, 64, -52, 61, 70, 76, -56, 22, 85, -46, -69, 52, 75, -12, 40, -25, 40, 48, 87, 77, -44, 1, -33, 32, -31, -27, 15, 11, 9, -86, -75, -37, -57, 36, -85, -30, -3, 28, -49, -86, 41, 22, 60, 3, -24, 70, -3, 8, 2, -32, -54, 13, 67, 61, 58, -2, 40, 44, 36, -26, 88, -23, 19, 66, 45, -38, -41, 66, 15, -45, 59, 10, -42, 47, 34, -31, -25, -36, 45, -76, -83, -50, 59, 92, -53, -33, 17, -52, 25, -74, 39, 74, -34, -24, 24, -5, -5, -2, 66, 76, 89, 18, -80, -24, -49, -73, -16, 37, 80, -7, -68, 52, -50, -24, -74, -1, 68, -17, -10, -12, 91, -61, 83, 36, 44, 77, -40, -4, -64, 49, -22, 89, 17, -50, -21, 33, -72, 8, -27, 49, -78, -91, 31, -42, 28, -85, 91, 64, -11, 37, -55, -63, -87, 93, 8, -40, -13, 80, 18, -66, -52, -20, 63, -26, -74, -12, -24, 59, -63, -89, 38, 85, 42, 28, 77, 7, 50, 8, -9, 25, -17, 82, -97, -69, -4, -8, -13, 13, -26, 11, -1, -62, -82, -12, 56, 38, -3, 56, 60, 64, -93, 85, -66, 75, -6, -18, -90, 26, -22, 74, -21, -92, 63, -93, 33, -20, 5, -31, -47, -5, -18, 73, 28, -67, 79, -28, 8, 29, -91, -30, -14, -96, -38, 70, 38, 31, -95, 75, -22, -68, -8, -22, -37, -12, 68, 83, 57, 36, -63, 86, -61, 21, 47, -48, -100, -67, -8, 21, -4, -55, 22, -40, -11, 94, -34, -71, 79, 94, 98, 27, -45, 60, -66, 38, -91, -49, 56, 55, 72, 7, -56, -7, 74, -50, -32, -17, 58, -18, -100, -70, 77, -12, 24, -90, -93, 25, 35, 38, 39, -98, 78, -43, -95, 38, 39, 39, -13, 53, 51, -72, -40, -17, -28, -88, -44, -5, 47, -20, 64, 36, 42, -52, -36, -24, 1, -15, -24, 75, 31, -62, -52, -87, 45, -42, 51, -33, -95, -34, -86, 41, -92, -28, 87, 19, 24, 63, 100, -40, 100, -84, -56, -9, -85, 92, -75, -74, 5, -58, -56, 53, 74, -96, 26, 31, -40, -97, -85, 60, -14, 70, 60, 30, -85, -54, -56, 85, 10, -7, 40, -54, 27, 93, 26, 35, -13, 67, 1, -11, -84, -95, -16, 66, 93, 71, 60, 57, 61, -77, 63, -59, -7, -35, 6, 54, -52, -49, -20, 29, -49, 15, -98, -19, -2, -82, 84, 78, 100, -42, 24, -2, 63, 44, 47, -88, 51, -35, -16, -51, 66, -22, -57, 88, -89, -89, -38, -7, -21, 38, -84, 94, 57, -42, -52, 67, -18, 97, -71, 99, -88, -76, -12, -22, -72, -9, 52, -33, 89, 9, -95, -9, 26, -99, 83, 87, -56, 89, -36, 97, 75, -97, 29, -87, -20, -69, -25, -5, 10, -13, -20, 16, 58, 98, 70, 77, -82, -14, -30, -80, 21, -31, 28, -16, 83, 90, -61, 17, -5, 67, -79, -64, -40, 39, -100, 70, 90, -53, -24, 72, -5, -76, -43, -46, -85, 17, -91, -19, 43, 56, -52, 28, 81, 70, 67, 15, -87, -44, 30, 4, 85, -74, 59, -92, -2, -58, 61, 8, 50, -55, 58, 97, 64, -6, 49, 60, -91, -33, -13, 42, 94, 48, 4, 37, -78, 94, 79, -27, -78, 88, 30, -58, -56, 60, -79, -55, 12, -37, 96, 93, 9, 93, -66, -9, 91, 37, 60, -54, -87, -93, -67, -42, 52, -99, -20, 67, 82, 66, -40, 41, 30, 35, -34, -93, -83, 34, 99, -73, 60, 74, 60, -68, -38, 80, -10, -52, -36, -61, 71, -76, 86, 75, 85, 53, 18, 40, -62, 98, -64, 52, -20, -45, 81, 73, -75, 38, 43, -70, -8, -16, 0, -70, -15, 63, -74, -18, -44, -1, 85, 67, 52, -12, 98, -26, -77, -1, 42, 80, 41, 88, -8, 40, 33, -94, -8, 3, -6, -26, 56, 32, -93, -9, 30, 36, -35, -88, -94, 57, 27, -47, 23, -9, -75, -7, 64, 94, 43, -31, -2, 79, 65, -40, -53, -84, -44, 77, -77, -42, 91, 12, -89, 52, 91, 10, -62, 90, 11, -99, 92, 88, -37, 82, 17, 82, 76, 4, -11, 49, 46, -62, -19, 36, 57, 98, -30, -35, -68, -81, -9, 98, 49, -57, -60, 46, 0, -24, -11, -66, -68, -27, 74, -61, -67, 41, -91, -85, 92, 83, -7, 55, -96, 37, 87, -84, 9, -55, -87, 54, 91, 99, 58, 97, 60, 42, -1, 71, 31, 21, 86, 40, -83, -84, 26, -9, -3, -72, -27, 45, -80, -39, -77, 60, 67, -77, 0, -71, -61, -49, -35, 10, 92, -36, -76, -41, 21, 53, 42, 0, -21, -89, 24, 23, 54, 51, -2, 13, -98, -64, -75, 3, 1, -50, 32, -18, -24, -95, -65, -11, -65, -92, 89, 43, 79, -67, 19, -77, 30, 2, -26, 13, -12, 98, -72, 83, -7, -73, -78, -53, 83, 58, 89, -50, -62, 9, -26, 9, -17, 64, 55, 91, -56, -69, 73, -48, -85, 58, -6, -39, -10, 44, 96, -52, 75, 51, -65, 74, -32, 25, -9, 76, 83, 15, -22, -35, 41, -34, 50, 98, -24, -75, -40, 29, -81, 66, -63, 93, -52, -53, -90, 87, -37, 41, -65, -49, 39, 74, -81, -55, -64, 85, -85, -79, 42, -51, 83, 12, -97, 3, 62, 56, 92, -18, -85, 66, -72, -75, 81, 96, 62, 75, 86, -7, -11, 44, -33, -20, -26, -81, 66, -8, 91, 85, -90, -22, 50, 0, -38, -30, 10, -98, -96, -83, -29, 82, 72, -51, -8, -78, -84, -94, -75, 94, 6, -26, 22, 80, 13, 67, -53, -87, 95, -9, -22, 51, -19, 50, -14, 22, 60, 62, -7, -61, 38, 44, 58, -55, 70, -10, 58, -94, -95, 22, -93, 19, -86, 6, -67, 21, -46, -76, -95, -23, 16, 29, -63, -58, 93, 25, 88, -3, -62, 71, -17, 40, 93, -97, -48, 4, 51, 53, 41, 90, 68, -66, 3, -48, 69, -89, -92, -62, -63, 13, -17, 77, 73, 79, 0, 94, -71, 37, 63, -93, -96, 19, -51, -32, 87, -64, 0, 48, 59, 97, 18, 78, -20, -7, 77, -42, 33, -13, -19, -48, 81, 13, 29, 0, -56, 60, 16, -66, 17, -50, -30, 24, 82, -15, 17, 38, -45, -31, 46, -17, 5, 45, -93, -28, 38, 12, -4, -90, 77, 14, -15, 33, -20, -78, -74, -16, 92, -85, 81, 76, 25, -58, 49, -68, -43, -24, 57, 56, 72, -12, -55, -6, -74, -31, 57, 92, -2, -53, -60, 37, -29, -92, 40, 92, 74, 35, 30, 40, 14, 100, 18, -25, 59, 91, -34, -47, 49, 4, 60, -63, 88, -70, 26, -52, 48, -45, 27, -45, -44, -100, 38, -43, -53, -8, -73, 7, 8, 25, 52, -70, 79, 83, -77, 54, 36, -41, 23, 10, -85, 79, 14, -39, 0, 51, 30, -85, 31, 47, 42, 1, -28, 57, -35, 52, 63, -9, -52, 96, 43, 21, 89, -49, -93, 61, 2, 99, 36, 95, -57, 29, 0, -84, -58, 0, -98, 93, -77, -26, 79, -45, 46, -91, -54, 5, -60, -73, 38, -78, -94, 11, 35, 56, -27, -45, 17, -43, 70, -79, 100, 58, -24, 87, -37, 94, -8, 71, -37, 98, 90, -32, 55, -42, 81, -41, 69, 60, -70, 88, -74, -38, 65, -80, -73, 20, -72, 74, 17, -85, 98, 53, -32, 85, -54, 58, -37, 32, -87, 75, 87, 77, 96, -99, 11, -1, 97, 27, -39, 46, -80, -94, 62, -58, 25, 4, 75, -48, -91, 47, 24, 82, -76, 25, 80, 94, -21, 31, 92, -31, -40, -67, -49, -70, 1, 84, -57, -10, -35, -38, 36, 39, 27, -42, 7, 50, -69, -62, -26, 26, -3, 51, 92, -4, -82, -40, 66, -95, 4, 100, -77, 48, -54, 77, -65, -78, 29, 46, -24, -88, -6, -36, -98, 19, 98, 45, -89, -48, 66, 18, 24, -84, 46, 17, 44, -23, -2, 8, 80, -73, 2, -55, 20, 38, -80, 43, 61, -27, -80, 44, 37, 55, 4, 45, 59, -5, -17, -86, -93, 8, 79, 98, 77, 10, -85, -16, -30, 32, 73, -29, -28, 35, 72, -21, -4, -20, -79, -8, 63, 63, -42, 15, 48, -62, 15, -47, 9, -99, 3, 64, 99, -80, -50, 35, 32, -27, -89, 41, 36, -13, 13, -7, -57, -82, -37, 9, 93, 15, -92, 14, -18, -7, -36, 39, -64, 78, -33, -23, 63, 74, -97, -38, -6, -6, -59, -9, -63, -63, 45, -4, 33, 6, 60, 21, -25, 81, -93, -37, -1, 87, 46, -27, -83, 42, -77, -59, -14, 94, -87, 88, -65, -41, -54, -97, -16, 10, -19, -55, 89, 23, -11, -1, 89, -89, 74, 86, 92, 37, -28, -12, 6, 56, -76, 45, 92, -46, 25, -19, -51, 51, -81, -51, 65, 44, 14, 65, 69, -20, -95, -24, -62, -25, 9, -31, -26, 30, 77, -61, 23, -60, -25, -14, -33, 77, 88, 25, 37, 42, -100, -56, -49, -67, -6, 77, -34, 65, 29, -14, -63, -42, 17, -28, 98, 85, -3, -7, 50, -28, -33, -82, 44, 25, 74, -77, 94, -20, -60, 61, -27, -92, -59, 55, 34, 92, -46, -85, 1, 54, -33, -35, -59, 87, -71, -79, 89, 99, 15, -89, 58, -46, -100, -17, 42, 43, -56, 6, 3, 80, -80, 87, 70, 11, -12, 79, 86, -61, -30, -19, 34, 61, -29, -85, 56, 71, -63, 46, -56, 92, -97, 77, 27, 74, 81, 79, 14, 40, -90, 77, 89, 7, 72, -78, -17, -5, 22, 53, -39, 74, 19, -77, 93, 43, -2, 30, -13, 54, -86, -82, 83, -3, 60, 47, 62, 88, 96, -1, -93, -14, 87, 98, 94, -52, 81, 74, 93, -70, 27, 55, -39, -53, -4, 72, -79, -79, 97, 90, 67, -17, -20, -75, -58, 10, 85, 66, 27, -3, -88, -37, -77, 2, -24, 22, 99, 50, -60, -62, 41, -65, -86, -59, 43, -60, -31, -29, 32, 94, 58, -97, -84, -8, -38, -86, -96, -16, 11, -49, -87, 39, -9, -44, 85, -66, -24, -76, -24, -55, 23, 54, -82, -16, 23, 10, 24, 36, 65, -52, -52, -26, 77, -87, 84, -90, -75, 86, 49, -100, -99, -60, -94, -21, 80, -28, -79, -70, -65, 64, -99, 81, 49, 79, 73, 80, -25, 77, 67, 48, 1, 1, -27, 63, 63, -93, -27, 86, -61, -5, 21, -92, -96, -68, 91, -77, -88, 23, 46, 59, -34, 22, 53, 45, -2, 72, 47, 12, 65, 95, 17, -73, 86, -31, -69, -54, 40, 8, 100, -71, -36, 65, -31, 36, -47, 77, 75, -30, 71, 46, 14, 82, 20, 54, 73, 41, -4, -93, 11, -81, -88, -95, 35, -7, 2, -47, -18, 37, -35, 4, 49, 13, -29, 33, 34, 93, 27, -95, -65, 67, -42, 93, 78, 55, -33, -85, 18, -62, -74, -75, 15, -59, 2, -76, 81, -44, -26, 13, 40, 12, 45, 27, 59, 48, -77, 99, 36, -73, 92, -72, -54, 61, 18, -57, 45, 62, 11, -33, -26, -38, -22, 49, -94, 83, -72, -60, -32, -77, 10, -95, 37, 32, 57, 4, -34, -31, 24, 80, 11, 6, 54, -95, -82, 90, 4, -44, 50, -44, -42, -65, 66, 100, -16, 6, -7, -68, 71, -12, 76, -100, -65, 24, 32, -73, -14, 11, -18, 60, 76, 34, 4, -74, -53, 65, -70, 31, -15, 26, -5, -12, 52, 4, 73, -9, 93, 26, 77, 81, 40, 45, 27, 81, 42, -67, 40, -26, 75, -10, -36, 66, -90, 93, 5, -35, 54, -74, 72, 78, 78, 17, 79, -63, 57, -54, 66, 24, -68, 42, 29, 30, -58, -84, 60, 10, -89, -54, 64, 83, 26, -3, 92, -53, -7, -55, -48, 46, -60, -5, -14, 37, -48, 70, -61, -37, -28, -84, 41, 64, 11, -100, 5, 100, -29, -9, 54, -5, 49, 66, 27, 19, -86, -31, -29, 3, -25, -43, 74, 25, 82, 80, 32, 35, 81, -69, -38, 85, 86, 86, 41, -83, 64, 84, -89, -77, -63, -18, 10, 82, 99, 88, 80, -9, -44, -54, -72, -9, 4, -2, -99, 94, 17, 98, -41, -35, 44, -1, -83, -22, 73, 30, -72, 59, 86, 17, -20, -95, 97, -16, -29, 10, -64, -53, 68, -37, -2, -28, 14, 100, -19, -35, 30, 91, -57, -37, 90, -70, -74, -40, -44, -38, 94, 32, -7, 35, -9, 37, -17, 89, -21, 26, 61, -48, 85, 49, 10, 65, -17, 94, -43, 68, 36, 31, -86, 88, -35, 34, -41, -76, 17, -86, -27, 41, -86, 14, 32, -33, 37, 67, -1, -70, 1, -38, -28, -83, -14, 47, 55, -90, 86, -8, -48, 20, 80, 68, 66, -58, 65, -73, 95, 92, 15, -64, 34, -77, -22, -1, -98, 32, 67, -14, -7, 83, -88, 87, 26, -32, -72, -22, 66, -84, -73, -3, 17, -95, -17, -80, -34, 97, 62, 18, -3, 33, -91, -67, -16, -89, 64, -43, -3, -35, 14, 33, 14, 49, 5, 24, 60, 80, -21, -47, -55, -79, 5, -34, -63, -54, -80, 72, 73, -87, -62, 74, 86, 98, -19, 9, 88, 95, -28, 65, -86, -65, 21, -16, -78, -54, 91, 12, -58, 29, -95, 90, 24, -26, 75, -58, -42, -64, -71, 35, 59, -44, -6, -39, -46, -57, 78, -79, 62, 5, -85, 39, 97, 57, -97, 74, 25, -5, -29, 18, -20, 91, -12, -68, 49, 34, -58, -30, -51, 36, -57, -12, -48, 29, -55, 44, 46, -73, 53, 81, -50, 76, 57, 35, 77, 83, -35, 53, -91, -66, -3, 17, 68, 37, 3, -32, -25, -41, 54, 19, -64, 22, -68, -83, 27, 48, 68, 77, -96, 65, -33, 98, -50, 84, -44, 56, 98, -22, -61, 52, -22, -84, 7, 98, -84, 72, 59, 56, 42, -68, 29, -16, 71, -87, 42, 6, -48, 4, -71, -17, 40, 81, 39, -83, 67, -47, 81, -64, 76, -4, 78, -79, -54, -51, -48, 34, 20, -69, -25, 29, -18, 38, 50, 53, 94, 40, -68, -59, -7, 92, 30, -36, 36, -58, -100, 18, -68, 17, -86, 12, 24, -8, -21, 57, -79, -9, -45, 86, -29, 90, -6, 79, -63, -14, -8, 25, -55, -57, 73, -40, -62, 13, -30, 85, -76, 34, -72, -70, -10, 12, 64, -30, -61, 61, -45, 86, 40, 67, -62, 61, -80, 47, -5, -31, -11, -23, 44, -35, -98, -17, 16, -94, -53, -72, -50, 97, 49, -13, -59, -26, 32, 13, -7, 12, 90, 81, -11, 88, 6, 11, -16, 85, 87, -29, -31, 70, 51, 29, -26, 54, -49, -61, -99, 56, -92, -61, 50, 2, 0, -81, -73, 75, -33, -84, -12, -6, -29, 4, -29, 54, -27, 0, -44, 93, -74, -8, 6, -66, -56, 1, 73, -33, -38, 15, 87, -16, 32, -98, -54, -84, -88, -51, -72, -49, 56, -67, -86, 53, 32, -4, 53, -50, -13, 27, 56, -100, -36, 17, 75, 10, -73, 12, -80, 60, 80, -49, -60, 30, -89, -94, 91, -59, -79, -85, -73, 80, -28, -14, 89, 58, -7, -63, 62, -53, -98, -99, -20, 58, 99, 96, 53, 37, 68, -35, 38, -84, 44, 80, -83, 71, -46, 62, 10, -33, -80, -38, 97, 79, -65, 31, -85, 78, 99, 51, 91, -38, -59, -53, -4, -61, 83, -11, 60, 1, 0, -92, -85, -34, 42, -77, 49, -92, 60, 6, -75, 40, -28, -62, 17, 5, -64, -5, 24, -99, -26, 40, -8, -55, -45, 22, -97, 64, 7, -80, -9, -59, 84, 63, 59, 63, -82, -71, -96, -88, 62, -38, 99, 37, -81, 24, 36, -49, 84, 48, -87, -82, 66, 69, 28, 3, -100, -16, -34, 98, -37, 71, 35, -44, -100, 72, 50, 2, -25, 53, 32, -23, -88, 2, -25, -45, -14, 28, 64, 26, 53, 31, 65, -92, -27, 66, 7, 87, -10, -64, 83, 86, 15, -81, -70, -85, 22, -79, -71, -99, 65, -34, 3, 55, 79, 50, -14, -10, -14, -32, -37, 39, 87, -30, -43, -72, 47, 61, 22, 33, 35, 15, -54, 95, 19, 56, -63, -48, -55, -40, -78, -58, 73, -25, 45, -10, -80, 95, -76, -36, 94, 38, 66, -64, 31, 27, -55, 31, 77, 28, -99, -14, 23, 25, 60, 100, 91, -66, 64, 77, -35, 14, 97, -70, 40, -63, -65, -85, 59, -9, 99, -6, -65, -99, -73, 60, -10, 12, 88, -29, 1, -25, -14, -83, -61, 17, 95, 11, 40, -19, 33, 19, -57, -5, 82, 96, -55, -92, -56, 20, -6, -32, -32, 98, -3, -8, 29, -59, 59, 63, 96, 18, -60, 42, 22, 63, 76, -51, -83, 10, -52, -25, -77, -96, 11, -26, -42, -12, 97, -89, -18, -48, -67, 97, -89, -33, 47, 90, 72, 30, -2, 50, -24, -33, 2, 75, -3, 60, -62, 46, 60, -28, 31, -88, 93, -88, -10, -38, 65, 77, -40, 50, -64, 15, -51, 67, -9, 100, -85, -23, -14, 5, 50, -57, -27, 41, -62, 0, 33, 56, -21, 33, 39, -15, 45, -8, -49, 2, 45, 78, 89, 97, 58, -42, 97, 19, 50, 99, -50, -82, -92, 44, 89, -48, 2, 95, 96, 80, 39, 92, 77, 80, -52, 64, 89, -2, 98, 16, 84, -9, -59, 94, -29, -39, -97, 91, 15, 70, -23, 14, -63, -69, 26, -25, -19, 53, -41, 67, 72, 83, -17, -66, 100, -81, 71, -88, -12, 58, 59, -62, 98, -96, 6, -76, -54, -68, 88, -26, -24, -22, 93, 87, -72, 22, 6, 43, 99, 85, -90, 71, -40, 96, -56, -100, -16, -70, 24, 81, 51, 99, 95, -14, -31, 0, -6, -4, -34, -59, -12, 84, -21, 35, 32, 32, -72, -70, 95, 75, -56, -96, -86, -64, -50, 60, -20, -21, -94, 76, -96, -73, -77, 49, -50, 30, -81, 36, -21, -90, 74, -20, 73, -49, -19, -75, 26, 38, -82, -18, -4, 74, 79, -41, 92, 84, 53, -45, -39, -67, 31, 51, -29, 65, -66, -91, -55, -70, -82, 92, -5, 71, 36, -12, 89, -58, -51, 50, -24, 48, -16, -30, -5, 80, 28, -46, -71, 75, -25, -52, 78, -46, -96, -1, -60, 15, 56, -96, 22, 61, -37, -68, 8, 40, -23, 77, 97, -67, -68, -15, 39, 83, 43, -55, 11, -63, -85, 82, 79, -21, -3, 69, -61, 85, -2, -63, -49, 40, -64, -17, -71, -77, 55, -92, -90, -46, 48, 17, 68, 87, 43, 86, 10, -40, -37, 22, -35, -18, -48, -68, 9, 65, -81, -24, -73, -59, 13, -88, -83, 59, 20, 12, -55, -67, -70, 47, -87, 11, -78, 40, -81, -78, 8, 19, 2, 65, 25, -41, 92, 47, -76, -42, 27, 57, 12, 87, 82, -24, -61, 95, -45, -89, 26, 17, 98, 96, 66, 1, -3, 13, 99, -79, 63, 74, 43, 81, 96, 12, 37, 17, -4, 61, -32, 31, 18, -73, 10, -47, -71, 36, 43, 47, 11, 83, 40, -62, 70, 49, 11, -35, 62, 67, 53, -44, 64, 50, -60, -75, 18, 43, 31, -72, 82, -100, -9, -82, -19, 73, 5, 3, 83, -1, 17, -86, -55, -90, 43, 85, 50, -33, 70, -82, -51, -43, 26, -21, 63, 94, 27, 5, -65, 31, -32, -67, 90, -59, -63, 56, 70, -73, -7, -33, 17, 59, -60, -24, -27, -67, -67, -22, 37, 28, 44, -20, -5, -34, 12, 47, 84, -13, 92, 21, 59, -62, 63, -36, 10, -29, -98, -95, 64, -35, -51, -18, 52, -43, -25, -55, -36, 17, 48, 37, -42, -100, 6, -75, -44, 9, 86, -14, 5, -82, 92, -57, 81, -14, -56, -77, 44, 78, -7, 100, 61, 51, 19, -46, 34, 73, 70, -43, -69, 23, 62, 98, -28, -81, 58, 90, -56, -20, 16, -51, 76, 15, -13, 46, -41, -8, 37, 1, 5, 11, -75, 90, 9, 94, 54, -66, 85, -36, -16, -41, -16, 89, 7, -63, -9, -80, -46, -70, 65, -95, 15, -69, 34, -28, -81, 40, -19, 0, 43, -50, -64, -96, 30, 86, 79, -52, -8, -85, 35, -34, 5, 15, -92, 68, -42, -1, 96, -71, -43, 63, 73, -13, 38, -82, -55, 23, 73, 58, -27, 93, 48, -69, -87, -6, 76, -27, -29, -58, -65, 15, 75, 25, -13, 73, -86, -66, -24, 51, -34, -18, 5, -84, 63, -89, 91, 96, 24, -57, -77, 70, 58, -5, 19, 6, -89, 12, -23, 1, 8, 32, -72, -46, 59, -50, 13, -100, -43, -91, -72, -36, 15, -78, -84, -2, 2, 22, 87, 39, 28, -66, -4, -53, 31, -36, -58, -60, 40, -42, -36, -13, 31, -35, 20, -79, 67, 11, 82, 90, 44, 7, 18, 56, 4, -37, -27, -78, 57, -30, -33, 39, -23, 0, -94, 60, 65, 71, -93, -15, 16, -4, -22, 21, 45, -17, -36, -56, 26, -28, 46, 52, -87, 29, -70, 22, -19, 44, -30, 61, 24, -65, -10, 31, -49, 77, -44, 99, 66, -22, 76, 70, -8, 16, 51, -8, 41, 32, 98, 76, -57, -73, -91, 39, 34, -33, 13, -46, 84, -24, 33, 20, 89, 33, -25, -38, 36, 74, -26, -21, -2, 72, -4, -28, 53, 9, 13, 51, -74, 38, -37, -78, -65, -38, -68, -13, 74, 98, 49, 35, -14, 19, 92, 24, 71, 75, -98, 95, -61, -35, -7, -44, 76, 21, -2, -13, -56, -65, -39, 44, 15, -25, 53, 84, 15, 3, -61, -53, -14, 48, 12, 96, 36, -42, -48, 81, -9, 68, -82, -49, -76, -2, 7, 33, -13, 52, -44, -26, 15, -3, -80, 83, 68, 98, -57, -62, -84, -13, 6, 21, -23, 19, 7, 2, 23, -7, 60, 53, -55, 53, 41, 66, 64, 31, 99, 25, -82, -53, 76, -88, -59, -91, -17, 95, 87, -76, -75, -68, -83, 31, -87, 32, 3, -13, -6, 19, -41, -83, -18, 13, 2, -73, -56, 61, 86, 59, -9, 67, 50, 8, 12, -41, -45, 75, -36, 87, 69, -40, 29, 57, 46, 74, -2, -95, 6, 10, -21, 67, 33, -11, 64, 93, -20, 67, 7, 14, -2, 83, 45, -73, 34, 5, -43, 93, 32, 13, 57, -39, 17, 31, -27, 77, 16, 46, 67, -96, 0, -29, 30, -87, -58, 28, -93, -30, 42, 22, -60, -62, 24, -51, 22, -66, -7, 99, 37, -82, -30, 46, -15, 62, -40, -21, -14, 1, -36, 15, -53, -63, -36, 46, 11, -34, 98, 7, -39, -14, 71, 57, -89, 14, -8, 39, -14, -93, 11, 10, 72, 12, 30, -69, -27, 14, -54, 89, 66, 100, 58, 4, -62, 38, -13, 65, 14, -72, 81, -67, -84, -36, 85, -37, -47, -30, 94, 32, 59, -36, 72, -11, 82, 82, 62, -62, -29, 81, 12, -32, -2, 38, 38, -12, -24, 46, -78, -28, 62, -15, -3, 36, -58, -96, 19, 74, 30, 16, 0, 92, -6, 24, -11, -100, -98, -99, -6, 63, 2, -71, -85, -57, -94, 50, 96, 99, 12, -8, -73, 4, 5, 73, 23, -58, -77, 28, 52, 15, 57, 14, -61, -62, -72, -6, -38, -36, -19, 69, 88, 75, 71, -87, -12, 68, 8, -77, 20, -39, 61, 25, 30, -74, -66, 45, 24, 63, 80, 76, -29, -82, -37, -53, 92, -4, -15, -61, -6, 58, -86, -14, 18, 29, -6, 88, 55, 94, 14, 27, 30, -60, 91, -30, 4, -87, -41, -3, -17, -25, 43, -36, -96, -57, -73, 11, -61, 100, 56, 60, -29, -33, 79, -9, -83, -61, -60, 29, -38, 23, -35, 82, -9, -84, -42, -55, -77, -79, -76, 54, 73, 56, -49, 98, 44, 28, -24, 86, -92, -41, 83, 84, 72, -60, 39, -6, 18, 67, -70, -17, -40, 90, -23, 11, 18, -59, 62, 57, 72, -22, 69, 71, -34, -96, -7, -90, 21, -33, -81, -14, 55, 28, 11, 49, 11, -84, -57, -49, -25, -90, 91, -14, 85, 59, 21, -97, -34, -62, 22, -8, 42, 88, -71, -27, 56, -40, -50, -21, -21, -42, -98, 10, -57, -65, -52, -22, 69, -20, 82, -52, -97, -73, 59, -78, -27, -70, 43, -45, 43, 15, 84, -76, 6, -21, 60, 70, 49, 90, 11, -63, -89, -74, -79, 92, -14, -96, 98, 32, -34, 91, 81, 42, -41, -50, -39, 43, -25, 38, 81, -42, -93, 12, 66, 64, -65, 45, -16, 19, 19, 69, -79, 79, -11, -31, 54, -15, -93, -22, -89, 78, 73, 15, -83, -57, 47, 19, -57, 19, -76, 97, -46, -63, -60, -26, 11, 42, -83, 86, 89, 23, 3, 60, 98, -56, -47, -17, -25, -76, -34, -72, -64, -25, -28, 63, -99, -18, 78, -27, 78, 31, 27, -74, -55, -62, 97, -83, -38, -15, -87, 62, 64, 74, 65, -63, 30, 89, -60, 59, 86, 69, 10, 3, -66, -66, -28, 21, -9, 48, -58, 58, 14, -92, 64, 10, -36, -80, 14, -51, 66, 18, 53, 40, -73, -17, 69, -2, -38, -25, 46, -44, 1, -8, -50, 78, 50, -58, 30, -93, 58, -73, -76, 91, 68, -35, 68, 25, 32, 59, 49, -70, 70, -92, 46, 14, -60, -25, -26, -56, -21, -87, -79, -72, 28, 30, -32, 33, -9, -89, -61, -12, -44, -20, -29, -63, 49, 28, -53, 85, 4, -79, -28, -19, -82, 80, 40, 6, -53, -24, -3, 60, 12, -70, -72, 90, 34, -73, 17, 71, 29, 51, 41, 25, -52, -27, 86, 55, -55, -84, 75, -7, 50, 50, 92, 91, 88, 100, 75, 36, -77, 70, 82, 95, -28, -80, 91, -45, -99, 35, -34, -44, 90, 45, -46, 38, -94, 88, 55, -77, 53, 93, -31, 36, -5, -12, 72, 42, -77, 14, 54, -16, 36, 94, 73, -54, 20, 54, -79, 85, 32, -79, 78, -94, -41, -80, -96, -53, -77, -63, 57, -94, -10, -43, 40, -42, 96, 53, -38, 30, 56, -93, 44, 19, 43, -67, 48, 79, -25, -38, 58, -72, -38, -73, 56, -78, 89, -7, -80, -31, -51, -5, -82, -67, -67, 1, -93, -79, -8, 16, 99, -53, -93, -75, -37, -88, -63, 91, -87, 66, 98, -35, -62, 50, 89, 43, -69, 42, -87, 38, 22, -56, -2, 83, -89, -4, -62, 74, 38, -87, 37, -100, 10, -66, 83, -7, -73, 60, -40, 44, -27, 15, -13, -39, -52, -67, -44, -98, 22, -39, -94, 4, -11, -20, 54, 76, 80, 92, 88, -63, -31, -14, -97, 26, -7, 64, 31, 86, 87, 82, -75, 75, 46, -7, 97, 89, -81, 52, 99, -75, 78, -26, 66, -74, 59, -98, -7, -45, -73, 75, -33, -41, -91, 67, -96, -15, -58, 60, -85, 18, 76, 71, -72, -15, 35, 83, 23, -100, -99, 37, 37, -56, -66, -40, -63, 42, 100, -5, 94, 94, -27, 4, 3, 62, -60, 95, 53, 66, -55, 64, -97, -25, -99, -7, 4, 63, -82, -39, -30, -84, 12, 43, 35, -71, 74, -85, 47, 33, 38, 29, 81, -34, -79, 40, -91, 34, -27, -37, -79, -6, -72, -83, -100, 46, -45, 28, 91, 82, 81, 81, -6, -48, 25, -82, -21, -82, 54, 70, 20, -60, 64, -78, 75, -35, -99, -45, 48, 77, -83, -6, 34, 76, -56, -94, 36, 2, 2, -24, 19, -12, 5, 12, 68, -43, 68, -87, -52, -48, 4, -99, 34, 52, 94, -17, 98, 91, 34, 23, 25, -10, -12, 97, -2, 29, 68, 43, 20, -29, 91, -6, -59, -88, 43, 78, -24, -54, -44, 57, 90, 88, 29, -36, -28, 44, -79, -79, -99, -50, 95, 58, 20, -39, -18, 43, -6, 97, 74, -54, -28, -65, -7, -82, 15, 99, -64, -16, 22, -91, 89, -2, 57, 61, -98, -24, -36, 37, 47, -45, 51, -74, -90, 71, 27, 62, -60, 27, -3, -29, -48, 48, -70, 58, 69, -41, -65, -49, 13, -15, 54, -66, -79, -58, 88, -34, 84, 68, 18, 11, 93, 40, -38, -74, 80, 62, -16, 30, -45, -35, -91, -68, 84, 55, 69, -12, 89, 50, 31, -4, 66, -99, -49, -19, -70, 90, 41, 84, -68, -68, -48, -47, -83, 70, -10, 46, -11, 12, -99, 48, 14, -91, 5, 75, 50, -89, -55, 57, -97, 29, 78, -56, 1, -11, -64, -15, -16, -98, 85, -99, -32, 14, -14, -83, 20, -16, 74, -4, -39, 65, 25, -64, -81, -51, 8, -88, -13, 94, 93, 15, -26, -59, 23, -64, 82, -13, 59, -28, 34, -15, -28, -2, 73, -23, -77, 46, -63, 91, 49, 85, 16, -26, -25, 55, -45, 44, 2, 0, 8, -31, -53, 12, 28, -9, 2, -67, -2, -9, 39, -96, 27, -74, 35, 64, -45, -85, 32, -38, -87, -80, 38, -74, -20, -77, 50, -13, -82, -72, -15, 75, -99, -41, -48, -50, 9, -45, 52, -69, 42, -28, 36, -65, -7, -15, -25, -16, -28, 98, 58, 49, -79, 61, 13, -87, -98, -23, -70, 18, 28, -77, 66, 32, 90, 53, 90, 25, -22, -74, 65, 68, -73, 52, 65, 22, -43, -42, -37, 79, 36, 79, -25, 17, 5, 54, -6, 18, 62, -100, 71, -10, -99, 81, -19, 31, 55, 69, -4, -73, 76, 9, 6, -47, -31, -22, -1, -53, 47, 68, 47, -63, 14, 41, -29, -62, 88, -32, -90, -93, -72, 87, 97, 75, 68, 67, 13, -45, -54, -62, -50, 50, 6, -45, 91, 75, 69, 74, 36, -29, -12, 47, -81, -84, 8, 14, -84, -30, -53, 85, -36, -3, 2, -26, -71, -100, 24, -21, 9, -55, -49, -52, -99, 5, 9, -84, 6, -94, 60, 23, 6, 11, -72, -45, -45, 54, -58, -73, -42, 94, -45, -63, -14, -76, 78, 28, -86, -64, 4, -62, -56, -52, 5, 100, -36, -55, -11, 40, 59, 86, -18, 31, -5, -52, -53, 53, 84, 71, 56, 74, -80, 22, 5, -33, -71, -99, 54, -14, -74, -44, -39, -18, -43, 63, -64, 0, -43, -81, -91, -53, 28, 3, -64, -18, -1, 76, 80, 56, -54, 87, 36, -25, 74, -72, -60, -28, -61, 66, -47, -38, 70, -74, -40, -49, -22, -48, -7, 3, 1, -93, -32, 65, -90, 17, 91, 97, -68, 98, -76, 26, -75, -70, 73, 99, -14, 38, 71, -25, -63, -7, 3, -84, -98, -69, -85, 49, 66, -69, 4, -83, -96, 63, 55, -53, 16, 53, 64, 80, 79, -36, -14, -65, 11, 57, 70, 45, -54, 49, -56, -18, -52, -17, -19, -56, 69, 51, -48, 42, 68, -48, -43, -95, 99, -81, 11, 81, -55, -9, -58, -66, 77, -99, -47, 25, 39, -68, 100, -18, -8, -95, -39, -52, -23, -39, -97, -11, 37, -96, -69, 40, 10, 16, -82, 56, -1, 98, 79, -55, 69, -39, 70, 83, 75, 92, -81, 22, 61, -60, 9, -78, 73, 43, -34, -2, -74, 5, 64, 52, -60, -53, 36, -29, 16, -29, -27, 60, 7, -56, -93, -16, -39, -10, -85, -68, -52, -80, -26, -62, 72, -76, 51, 39, -43, -36, -29, 58, 31, -9, 20, 77, -81, 73, -54, 93, 82, 38, 11, -3, 33, -75, -68, 96, -46, 94, -75, 26, 25, -57, -33, 78, 95, -39, -64, -12, 66, 70, -20, -57, -73, -63, -58, 77, -87, -82, -92, 74, 14, 9, 16, -90, -94, 61, -76, 77, -44, -67, 70, -96, -38, -77, 3, -96, 91, -2, 90, 82, -35, -2, -63, 26, -35, -12, 83, 56, -10, 26, -57, 34, -89, -57, -83, 1, -35, -51, -3, -97, 89, -94, 82, -90, 51, 63, -87, -72, -19, -74, 79, 23, -37, -62, 75, -45, -23, -68, 26, -85, 73, 31, 94, 81, 64, -40, -53, 56, -44, 28, -49, 39, -95, 0, -32, -22, 42, 7, 29, -18, -53, -58, -20, 47, 92, 61, 82, 58, 21, -65, -88, 4, 86, 42, 26, -85, -35, 25, 43, 50, -89, 70, -61, -69, -55, 9, 97, 54, 26, -88, -5, 60, 9, 41, 46, 38, -91, -18, -67, -84, -82, 12, 17, -11, -52, -65, -5, 2, -66, 61, 89, 93, 62, -28, 30, 85, 19, -6, 95, 81, -53, 90, -55, 92, 13, 41, 97, 86, -66, -22, -97, -99, -41, 43, -4, 61, -15, 78, 98, -76, 60, 26, -83, 47, -73, -3, -6, -88, 51, 99, 6, -26, 45, -72, -21, -47, -77, 17, -70, 28, -28, -47, 47, -58, -47, -4, -47, -37, -24, 73, 26, -57, 90, 0, -13, 72, 58, 46, -1, 27, -67, 11, 43, -51, -26, -41, -71, -25, 62, -66, -40, 15, 59, -77, 73, -61, 42, -78, -67, 83, 15, -61, 81, 44, 65, -17, 77, -44, 86, 63, -81, 94, 17, -99, 66, 55, -69, 83, -91, 38, -62, 39, 80, 69, 95, 21, -34, -90, 16, 83, -37, 38, -52, 70, -53, -88, 55, -66, -61, -18, -79, 0, -33, -42, 1, 37, -22, 8, 100, 78, -23, 31, 11, 21, 52, -94, -51, -84, 86, -8, 47, -90, -21, -2, 70, -100, -75, -26, -18, 22, 96, -19, -43, -16, 48, 54, -55, -16, 97, -11, 65, 42, 80, -86, 95, -11, -38, -83, 63, -84, 83, -90, -35, -92, -73, 37, 55, -22, 22, -79, -23, 87, -86, 53, 38, 66, -15, 87, 58, -75, -80, 98, 43, -5, 13, 10, -15, 34, -62, 66, 60, -51, -79, -56, -79, 3, 53, -25, 18, -91, 13, 63, -80, 9, -27, 29, -10, 22, 19, 20, 23, -64, -48, 10, 36, -82, -5, 95, 55, -61, 78, 33, 84, 58, 81, -14, -7, -82, 48, -60, -31, -49, 94, -85, -31, -1, 21, 41, -58, -92, -53, 96, 42, 19, 3, -20, 58, -91, -97, 54, -66, -4, -42, 48, -71, -83, 4, -11, 30, -40, -70, -29, -72, -57, 49, 80, -22, 65, 84, 62, 17, 63, -60, 21, 76, -46, 73, 59, 92, 47, 47, 59, 97, -43, -72, 78, -58, 98, -46, -35, 28, -17, 92, 24, -37, 67, 57, -97, -73, -29, -8, 43, -87, -67, -78, -15, -48, -97, -22, -89, -29, -6, -52, -98, -74, 26, -25, 7, -39, 46, 67, -7, -5, -78, -71, -2, 87, 37, -42, 35, -86, -32, 85, 67, -95, 70, -37, -83, 1, -12, 46, 68, -95, -93, 13, 90, -20, 35, 68, 63, 84, -23, 15, -93, 59, -13, -61, -43, 76, 88, -6, -43, 89, -18, 4, 24, -59, -33, 1, 31, 95, 9, -74, 71, -41, 58, 12, -75, -10, 69, -31, 36, 24, 76, 54, -4, 8, -26, 19, 36, -29, 53, 16, -27, 68, 37, -74, -51, -92, 0, 98, -4, 84, -98, 19, -29, 91, 27, 26, -48, -84, 30, 35, 46, 57, -33, -6, 15, -45, 9, 40, 49, -32, -46, 100, -54, 51, -25, -44, -89, 78, 10, 94, -32, -32, 33, -53, 76, -9, -5, 1, 11, 65, -82, -88, -96, 9, -81, 76, -5, 49, -68, 28, -16, -49, -83, 61, 8, 19, -16, -47, 10, 45, 85, 35, -13, -11, -64, 75, 17, 54, -30, 29, -90, 95, -4, -21, -86, -23, -47, 18, -74, 42, 28, -58, 25, -41, 2, 46, -79, 59, -22, 11, -38, -44, 42, -67, 35, 75, 55, 45, 77, 51, -40, 17, -56, -60, -2, 6, 42, -93, -26, 14, 27, 78, 43, -8, 26, -77, 15, 29, 52, -41, 39, 54, -51, 60, 29, -86, -20, 44, 96, -44, 12, 46, -5, 11, -82, -1, -90, -83, -78, 6, -5, -2, 80, -20, -77, 78, 6, 19, 87, 28, 70, -72, 81, -30, 45, -17, -14, -48, 6, 4, 5, -16, 27, 86, 99, 7, 74, 13, 21, -37, -77, -90, -21, -56, -41, 91, -70, 65, -100, 62, -6, -24, 34, 4, -92, 62, -89, -64, -47, 37, 69, 95, 12, -14, -15, -75, 92, 89, 68, 13, 89, -11, 73, 78, 67, 14, 54, -39, -11, 24, -82, 98, 99, 63, 83, 9, 99, -34, 60, -64, -49, -3, 45, -16, -90, -86, 66, 36, 35, -28, -24, -82, -19, 96, 22, 75, -70, 75, -86, 77, 8, 61, 81, -16, 38, 68, 32, -19, -82, -34, -61, 50, 53, 65, 31, 95, 13, 31, 8, 74, -45, 84, -48, -76, 93, -94, 49, 81, -74, 83, -96, -25, 41, 65, -17, 28, 86, -30, 17, -98, 25, 1, 82, 16, -66, -23, 47, 60, -36, 58, -34, -25, 42, 15, 66, -20, -9, 85, -62, 73, 43, 4, 99, 6, -23, -83, 34, -16, -6, 23, -69, -65, 46, 37, -76, -78, -36, -24, -37, 18, 19, 93, -48, -93, 64, -45, 5, 0, -49, -38, 80, -45, -72, -29, 50, -47, 82, -86, -88, -32, -52, -25, -49, 79, 11, -91, 71, 78, -30, 36, 89, -10, -10, 64, -80, -28, -2, 31, -20, 10, 69, -5, 33, 83, 38, -54, 60, -90, 2, 99, 36, -30, -85, 70, -20, 88, -74, 54, -16, 54, -79, -66, 89, -10, -1, 92, 34, -93, -96, 59, -25, -49, 43, 29, -95, -65, 93, -80, 32, 73, -76, 13, 10, -93, -48, 61, -62, 77, -41, 49, -48, -29, 8, -49, -96, 86, -25, 43, -95, 98, 17, -77, -94, 0, -24, 73, 36, -2, 90, -66, 47, -30, 53, 55, 92, -95, -34, 78, -60, 40, -71, 83, -31, -50, 96, 47, -56, 66, -43, 37, 36, -74, -92, 1, 79, 57, 46, 56, -76, -48, 10, 38, 75, 57, 44, -5, -9, 6, 59, 38, -49, -54, -84, -40, 22, 61, 84, 85, -88, -25, -17, 7, 7, -83, -4, 56, -1, -68, -62, 85, 15, -98, -64, 74, 0, 20, -12, -78, 44, -75, -86, 82, 77, -96, -55, -52, 95, 62, 73, 22, -85, -15, 57, -36, -49, 1, -97, 55, 88, 49, -8, 78, -26, 58, 73, 26, 42, 82, 50, 23, -18, 20, 59, 16, -58, 98, 17, -81, -73, 38, -36, -27, -98, -99, 42, 19, 42, 74, -100, -88, -10, 6, -60, -39, 36, -31, 27, -51, 41, 88, -21, -38, -23, -68, -34, -75, 3, -64, -11, -98, 88, 61, 43, -21, -24, 79, 41, -5, -79, 30, -52, 4, -100, -6, 56, 16, 35, -16, 55, -13, -80, -53, 17, -76, -37, -87, -71, -64, 72, -25, -48, 42, 54, -83, 68, 22, -18, 95, 88, 74, -47, 34, 93, 75, 88, -66, 57, 37, -5, 41, -89, -4, 12, -8, 46, 5, 34, -63, -9, 17, 16, 80, -55, 39, -13, 31, 47, -75, -20, 7, 12, 26, 86, -6, -65, 100, -87, 22, 64, -16, 66, 76, 32, 75, -53, -91, -20, -73, 2, 28, -33, 59, 27, 12, -27, -32, 56, -1, -64, -70, -75, -5, -76, 4, 35, -55, -96, -29, 62, 20, -91, -19, -72, -56, -29, -30, 84, 100, -18, -31, -74, -56, 11, 76, -5, -100, -44, 89, 42, -31, -17, 55, -20, -28, -3, 67, 20, 73, 95, 54, -45, 56, 5, -62, 61, 89, 35, 13, -96, -2, -22, -63, 31, 59, -26, 0, 17, 38, -90, -42, 87, 26, -34, 86, -11, -10, -100, 49, -67, -64, 74, 85, -39, 58, -68, -70, -15, 24, -7, -24, 55, -40, -99, 40, 24, -51, 68, -13, -36, -2, -3, 93, 41, -23, -24, -72, -39, -18, -33, 2, -55, -30, 62, -6, -34, -26, 18, -8, -25, 4, 60, -59, -15, -31, -22, 31, -51, -57, -55, -9, 84, 33, 100, -1, 75, 31, -83, -85, 100, 53, 50, -13, -76, 82, -37, -93, 49, 89, 91, -25, 50, 39, -89, 4, 31, 17, 44, 62, -27, 30, -69, -86, 32, -2, 53, 79, -78, 91, -51, -23, -68, 32, -72, -29, -37, 3, 69, -61, 28, -87, -86, 84, -31, -80, -97, -7, -53, -86, 13, 72, 41, 31, -8, -78, -49, 71, -92, 36, -57, 43, 72, -60, 75, -98, -43, 51, 55, 65, 2, 78, 13, -79, -27, 4, -57, 51, 14, 75, 48, -13, -41, 60, -18, 97, 47, -37, -17, 30, -21, -72, 25, 49, 67, 77, -46, -24, 67, -23, 66, -7, -87, 85, 87, -86, -1, -9, -85, 98, 49, -20, -13, -86, 26, 46, -85, -98, 14, -17, -31, 39, 31, 31, 49, 16, 23, 31, 96, 7, 63, 91, 69, 78, 93, 38, 16, 63, 55, 33, 96, 21, -67, 98, 1, -69, -74, -1, -85, 49, -63, 1, 29, 82, 38, -53, 39, -33, 45, 91, 5, 82, 0, -52, 96, 20, -47, 61, -20, -8, -50, 43, 32, 49, 74, 17, 36, -44, 24, -77, 17, -50, -32, 79, -99, 4, -69, -59, 78, -36, 56, -90, 59, -65, -29, -29, 27, 77, 48, 52, -50, 53, -85, 20, 18, 4, 15, 64, 96, -12, 86, 51, 58, 14, 40, -87, -87, -25, -93, -35, -6, -77, -22, -99, 72, 94, -98, -5, 7, 15, -20, -96, 56, -61, -72, -31, 90, -36, -89, 51, -92, -78, -68, 58, 3, -70, 90, -88, 41, -9, -43, -44, -6, 58, -100, -33, 52, -83, 15, 40, -13, -39, -17, -34, 13, -45, 92, 74, -76, 22, 21, 85, 12, -44, -2, 13, 10, 69, -69, -59, 86, 33, -39, -80, -19, -4, 96, 11, -56, -29, 33, 37, 8, 57, 4, -24, 78, -30, -49, -59, 32, 79, 25, 45, -10, 83, 51, 70, -47, -71, 10, 92, -64, -62, -12, -13, 87, -84, 52, -80, 38, 97, 96, -22, -93, 40, -26, 80, -67, -11, 65, 93, 34, -82, 68, -11, -91, -13, -87, -17, 17, -23, 85, 33, -62, -82, 26, 81, -1, 95, 0, 66, 34, -75, -42, -29, -77, 62, 99, 32, 23, -18, -90, 6, -93, -28, 86, 80, 27, 33, 48, 63, 67, 52, 100, 64, -16, -28, -9, 8, -23, 38, 3, -95, -57, 62, 97, -81, -48, -21, -77, -30, -6, 55, 6, -35, -73, 0, -14, -69, 88, -16, 52, 2, -85, -92, -53, -88, -77, -51, -48, 64, 61, 41, -67, 67, -10, -57, 19, -98, 87, 62, -39, 67, 28, -53, -49, 33, 95, -26, -68, 19, -8, 100, 42, 21, 100, 95, 42, -82, 80, -30, -57, 31, -23, -35, -82, -60, 50, 67, -62, -49, -88, -67, 98, 4, -52, -18, 68, 3, 86, -33, 44, 15, -22, 23, 31, 85, 87, -74, 89, 20, -56, 21, 27, -34, 13, -74, -47, 15, -88, -77, 93, -1, 14, 96, 29, -10, 1, 61, 13, -26, 29, -69, 25, 17, 8, 76, 78, 60, -43, 15, 22, -32, 6, 79, -89, 3, -64, -63, 81, 43, -93, 11, -44, -44, -22, -27, 64, -34, -15, 44, -75, -17, -56, -70, -64, 100, -34, 30, 20, 3, -57, 8, 18, 77, 100, 81, 29, 19, -80, -99, -74, 23, 57, 11, 12, 68, -65, 87, -41, -91, 30, -98, 99, 61, 26, 40, 47, 91, 18, 3, 43, -9, -8, -13, -20, 91, 8, 5, -99, 14, -50, 51, 17, 100, 35, 48, -85, -57, -95, -20, 47, -55, -15, -74, -49, 73, 32, -34, -11, 99, 0, -6, 53, 44, 21, 17, 35, 31, -48, -54, 38, -14, 81, -35, -51, -55, 51, 65, 95, 64, -68, -8, 72, -93, 52, 17, -7, 75, 70, 32, 52, -57, 85, 31, -77, 82, -63, -78, 58, 48, -51, -58, -53, 42, -55, 94, -85, -87, -5, -92, -43, 82, -89, 62, 23, -61, 2, 14, -34, -54, -50, 36, -74, -35, 78, -71, 49, -3, -77, 63, -54, -22, -82, -20, 22, -92, 17, -67, -14, -5, 18, 57, -50, -98, -59, -10, -35, -89, 99, -69, 52, 46, 99, -72, 15, -89, -49, -19, 41, -8, -21, 89, -43, -48, -66, 72, -24, -74, 68, 63, -81, -75, 38, 93, -47, -12, -28, -11, 82, 27, 88, 89, -96, 54, -33, -19, 68, -42, 0, 81, -1, 34, 94, -60, 25, -86, 44, 81, -70, -58, 75, 71, -79, 53, 22, -100, -21, -87, 25, 59, -69, 56, -79, 2, 10, 23, -61, -4, 68, -23, -36, 31, -95, -89, 56, 13, 95, -44, -58, 21, -92, 100, -65, 30, -27, -46, -93, -39, 99, -95, -9, 26, -5, -72, 39, -36, 21, 76, 5, -77, 54, -59, -85, -73, 60, -32, 88, 79, 21, -38, -72, 35, 99, 33, -23, 84, 79, -34, 74, 43, -56, 88, -62, 28, 89, -25, -81, 16, 4, 14, -66, -93, -55, 83, 73, -84, 76, -91, -66, -85, -38, -99, 11, -55, 68, -1, 64, -57, 56, -26, 40, 84, -33, 64, 30, -77, -76, 91, 56, 44, -17, 16, 44, 30, -31, 73, 55, 41, -15, 79, 44, 33, -17, 92, -55, 28, 45, 76, -5, 73, -30, 49, 38, -90, 12, -26, 42, -73, 84, 52, -5, -36, -45, 75, -100, -52, -50, 0, 95, -71, -49, 35, -75, -52, 46, -39, -70, 18, -38, -44, 12, -91, -100, 71, 95, 67, 13, -14, -76, 49, 33, 17, 40, 71, -27, 77, -8, 11, 23, -84, 72, -67, -70, -56, 80, 8, -9, 99, -74, -59, 25, 46, 99, -52, -34, 32, 81, -37, 11, 43, 65, 19, 34, 77, 61, 22, -1, -77, -48, 89, -84, 37, -99, 88, 40, -24, -85, -69, -88, -58, 93, 29, 59, 6, 58, 54, 18, 15, 84, -44, -23, 99, -27, -95, -55, 20, 8, 5, 72, -19, 59, 72, -29, 60, 81, 56, -68, 20, 3, -55, -77, -16, -94, -23, -66, -97, 41, 14, 70, 10, 100, -42, 78, 5, -17, -54, -93, -49, -61, -92, -77, 52, 85, -19, 54, 22, -24, 57, -71, -84, -54, -77, 48, -5, 91, -59, 12, 12, 38, -54, 49, -41, -70, 68, 33, -24, 39, 39, 45, 83, -59, 72, -25, -97, -33, 45, -85, -4, -74, -62, 45, 67, -89, 53, -92, 56, 28, 13, 92, -29, 31, 90, -96, -74, -6, 9, 30, 42, 33, 71, 56, 16, 49, -39, 71, 6, -88, -46, -63, -17, -88, 5, -57, -1, -29, -36, 21, 95, 55, 16, 58, 20, -4, -28, -50, -17, 77, -62, 59, 39, 11, 34, -81, 16, -57, 18, -90, -76, 93, -89, -79, 49, -64, -50, 36, -74, -98, 62, -99, -21, 80, -57, 34, -61, 74, -70, 57, -92, -48, -2, -96, -73, -11, -100, 26, 56, -30, -7, 16, 98, -31, -43, 1, 16, 66, 30, -96, 57, -86, 5, -96, -44, 80, -90, 81, 80, -49, 88, -65, 47, 9, 55, -56, -70, -16, -36, -39, 45, 28, 72, -7, 43, -2, 44, -15, -47, -55, 53, -79, 3, -30, 75, 49, -75, 62, -71, 13, -11, 42, -55, -97, -84, -94, 100, -25, -22, 48, -30, -12, -71, 86, -21, -75, 46, 57, 48, -16, 39, 87, -35, 59, 20, -10, -13, 50, -95, 70, -2, -51, 75, 11, 36, -25, 69, -11, -20, -95, -41, -6, 10, -28, -14, -4, -87, 67, -19, 93, 12, 44, 3, -24, 13, 2, 41, -81, 68, 43, -64, 8, 38, -15, -42, 75, 54, -74, -38, -97, 62, -44, -89, 80, 45, -69, -23, -19, -20, -72, -94, -64, -6, 96, -41, -11, 19, 54, 62, -43, -91, -25, 36, 38, -3, -4, -71, 42, 61, 48, 92, 40, -4, 12, -42, 20, -67, 12, 28, -68, 69, 97, 14, -37, 15, 7, -51, 6, -52, -48, -38, 75, -17, -63, -28, 63, -43, 76, 91, -45, -49, 63, 67, -23, -38, -55, 87, 33, -20, 1, -71, 30, -90, -79, -65, -56, 14, 37, 43, 45, 61, 45, 91, 5, -74, -92, -53, -39, -22, 37, -78, 63, 4, 98, 26, 22, 30, -19, 51, -18, 28, 62, 56, 66, -35, 97, -69, -23, 57, -72, 75, -50, 30, -15, 38, -51, 86, -80, 82, -82, 24, 51, -85, 80, 64, 76, 21, 72, 33, -6, 100, 64, -68, -1, -17, -80, -83, 9, -65, 71, 5, -12, -89, 53, 16, 22, -52, -68, 91, -80, 54, -9, 22, 94, -29, -45, -73, 72, 22, 37, -61, 47, -42, 75, 92, -92, 36, -82, 34, -99, 12, -22, -82, 10, 5, 72, 72, -2, 76, -57, 34, 2, -77, 67, 33, -13, 6, 73, -61, 58, 46, 33, 29, 78, 29, 54, 91, -42, 9, 12, 5, -34, 98, 49, -14, -40, 14, 61, 79, -96, -22, 47, 29, -31, 55, -19, 94, 63, -4, -90, -17, 92, -42, -35, 88, 14, -34, 9, -24, 10, 5, 93, 78, 13, -38, 42, -82, 77, 88, -30, -81, -28, 71, 13, -61, 89, -37, -13, -82, -41, -58, 19, -24, 33, -100, 44, 57, -58, -2, 26, 35, -72, 72, 23, -55, 46, 10, -84, 49, 2, -78, -88, 43, 97, -20, 39, 27, 83, -46, 25, 70, 21, 39, 69, -68, -54, -36, -100, -62, 72, -76, 62, -90, -69, 49, -93, -47, 64, 49, -7, -100, 18, 59, -46, -81, -41, 91, 46, -98, 52, 66, -44, -87, -78, -24, 6, 87, -51, -52, -56, 72, -77, 35, -92, -76, -58, -6, -18, -97, 24, -44, -56, 2, -37, 17, 25, -78, 17, 97, -90, 73, 75, 27, -71, 98, -6, 76, -77, -57, -64, 42, -85, -75, 12, 78, 4, -25, -44, -86, 84, -31, -96, 39, -45, 52, -44, 34, -65, 6, 27, -50, 23, 100, -98, -52, -63, -59, 57, -17, 66, -31, -26, 19, 80, -33, -87, -70, 87, 52, -25, -12, -84, -16, 100, -25, 11, 35, -76, 17, 70, -24, 93, -79, 33, 10, -90, -53, -2, 5, -94, 91, -55, -8, 64, 85, 65, 59, 73, -67, 24, -69, 35, -22, -26, -10, -78, 94, -24, 24, -29, -30, -67, -42, 34, -27, -9, 12, 28, 86, 39, 70, -79, 0, -85, -97, 68, -63, 6, 7, 56, -94, -43, -74, -85, -61, -34, 91, 57, 87, 6, 32, -17, -11, 25, -69, -22, -57, 26, -16, 55, -25, 75, 22, 20, -61, 75, 7, 35, 34, 37, -70, 34, -69, -74, -81, 27, 61, 71, -50, 14, -74, 26, -24, -60, 77, 85, 49, -37, 27, -21, -32, -100, -77, -24, -23, -28, 19, 4, 35, 69, 87, 30, 98, 47, -9, 2, -100, 15, -42, 60, -8, -56, 70, 13, -66, 23, 49, -31, -46, -8, -89, 89, -21, -62, -35, -8, -82, 32, 17, -10, -85, -18, -100, -40, 62, -67, 43, 25, 68, -79, -66, -96, -95, -61, 90, -90, -46, -91, 76, 43, -41, 76, 0, 19, 73, 7, -72, -2, -4, -56, -68, -90, 69, 38, 9, -95, -51, 85, 45, 37, 69, 54, 57, 0, 21, 58, -26, -20, -37, 82, 61, 35, 94, 8, 39, 91, 4, -57, -20, 36, -17, -86, 55, 9, 52, 25, -66, 19, -89, -5, -66, -5, 9, -69, -79, -31, 3, 25, -73, -48, -55, -53, 99, 9, -13, -37, 14, -39, 23, -50, 62, 23, -36, -89, -29, -48, 85, -23, 55, 21, 91, -64, -81, -15, -10, 47, 95, -20, 41, -68, -59, -56, 37, -55, -46, 91, -29, -58, -75, -33, -32, -64, -42, 11, -52, -94, -71, 37, -63, -4, 16, -54, -42, 44, 26, 15, 95, 53, -19, -5, -14, -54, -5, 45, 55, 88, 89, 95, -50, 91, 51, 84, -4, -29, 23, -47, -32, -51, -84, 49, 7, 23, 74, 70, -13, 13, -30, 5, 15, 81, 99, -64, -14, -16, 30, 34, -18, -36, 99, 81, -55, -80, 35, 2, -64, -35, 64, 88, 55, 5, -54, 89, 100, -69, 22, 60, -79, -93, -52, -76, -2, -71, 99, 41, 66, 1, -20, 49, 83, 73, 54, 100, -77, -82, -24, 62, 89, 15, -68, 30, -3, 6, 7, 78, -58, 29, -48, -15, 92, -35, -90, 17, -55, -6, 17, -98, -51, 40, 34, 68, -55, 79, 13, 47, -28, 39, 62, -76, 71, 47, 46, 52, -68, -18, 22, -38, 27, -90, 53, -12, 80, -1, 6, 31, -41, -34, 86, -63, 97, 91, -96, 96, 65, 88, -30, 76, 47, 20, 69, -6, -43, 96, -1, 24, -20, 0, 100, -60, 23, -32, 69, 29, 41, 14, 27, 15, -92, -77, 20, 99, 89, -88, 57, 52, 42, -47, 42, -57, -20, -23, -39, 61, -14, 96, -59, 48, 66, 92, 18, -46, -38, -79, 58, -69, -6, 57, -82, -26, 53, 69, -16, 4, -13, -67, -31, 27, -12, 87, -52, 36, 42, -20, 55, -40, 47, 27, 10, 33, -1, 53, 32, -52, 94, 53, 10, -9, 73, -33, 43, 1, 89, 91, 15, -57, 64, -11, -92, -23, -43, 17, -23, 73, 49, 48, -80, 94, 29, 74, -48, 61, 79, 39, -24, 97, -56, -62, 48, -98, -10, -53, 50, 80, 52, 18, 5, -66, -50, 75, 0, -23, 28, 40, 3, -62, -68, -66, -88, 3, 25, 84, -27, 82, 52, 64, 7, -77, -72, -57, -37, 40, -1, 19, 28, 21, -75, -79, 22, -49, 16, -44, -34, 5, -83, -15, 62, 19, 32, -11, -57, 70, 53, 75, 16, -73, 60, -33, 56, 45, -64, -38, -54, -46, 74, 8, 59, -95, -87, -86, 39, 70, 75, -23, -94, 28, 84, 67, 8, 13, -24, -55, 32, 6, 38, 93, 62, -54, 81, 92, 34, 1, 31, -55, -61, 5, 70, -17, 54, 31, -90, -85, -61, -45, -81, 66, -18, -82, 98, 16, 74, 93, 57, 47, 33, 53, -68, -71, 93, -89, -24, 63, 19, -14, 75, 84, -73, -45, -64, 15, 15, -1, -18, -62, 96, 9, -85, 85, 97, 37, -27, -47, -87, 39, -76, 56, 53, -35, -30, 66, -35, -19, -43, 45, -9, -87, 87, -23, -5, 65, -61, 44, 29, 48, -12, -20, -93, -62, -25, -64, 31, 7, 19, -74, 19, 27, -39, 93, -45, 99, 17, -44, 100, 36, -94, 39, -79, 0, 74, 11, -53, 29, -66, 28, 40, 77, -71, -94, 78, -45, 30, -75, -82, -75, 93, 64, 68, 40, 92, -27, 55, 9, 37, -1, -92, -64, 77, -10, -4, -14, -3, 57, 72, 85, -11, 37, 100, 83, -15, -37, 89, -43, 23, 82, -92, -38, -5, 81, 62, -47, -14, -17, -22, 13, -40, 8, 89, 71, -57, -87, 24, 78, -35, 81, -41, 55, -50, -82, -41, 41, 96, 57, -55, 57, -14, 52, -13, -97, 72, 32, 29, 16, 62, 73, 65, 17, 80, -4, -66, 86, -60, 8, -71, -68, -25, -18, 87, 52, 36, -48, -97, -65, 42, 35, 17, 80, 18, -44, -55, 45, 29, -54, -58, 84, 24, -8, 41, -42, -93, -18, -9, -8, 79, 8, -1, -31, -21, 4, 63, -40, -75, -90, 51, -20, 26, -99, 28, -35, 87, 56, -100, -20, -17, -28, -65, 45, -14, 75, 63, 6, -25, -13, -86, -76, -3, 75, 59, -93, -89, -10, 54, 74, -69, 20, -27, -27, 24, 7, -8, -26, 60, -23, 24, -34, 15, 83, -26, -14, 15, 25, -62, 7, 33, -25, -96, -99, 93, -21, 25, -79, -98, -75, -34, 84, 36, -35, -64, 4, 95, 78, 36, -26, -74, 70, -52, -28, 68, 96, -93, -93, -94, 37, -92, -29, 1, -61, 100, 3, 28, 26, 26, 59, -5, -43, 79, 73, -72, 90, -38, 85, 11, -58, -38, 80, 44, -44, -3, -13, 66, 80, -77, 90, 76, 35, 28, -46, -73, 93, -1, 8, -39, -79, 2, -50, -51, -72, -80, 24, 40, -23, -35, -63, 81, 84, -52, 69, -82, -31, 48, 48, 82, 10, 92, -3, -14, 12, -73, 69, 21, 16, 46, 92, -51, 47, -42, 67, -1, 91, -99, 55, -89, -91, -71, 68, -48, 46, 96, 85, -90, 57, 24, -63, 0, -88, 5, -42, -87, 66, 28, 100, 36, -35, -51, -13, 94, 36, -87, -47, -70, 45, -84, 42, 27, 95, -75, 74, -20, -88, 7, -38, -27, -13, -21, 30, 86, -68, 94, -70, 48, -72, 39, 73, -35, 94, 26, -37, -90, -49, -68, -13, -42, 56, -56, -68, -3, 41, 92, -2, 4, 6, 86, 53, -44, -94, 31, -87, 83, -15, -22, -40, -16, 26, -57, 29, 67, 22, 70, 53, 3, 30, -8, -11, -26, 57, -49, -81, -8, -48, 18, 58, 21, 2, -75, 20, 9, -54, -71, -51, -9, -30, -28, 65, 54, -84, 67, -51, 69, -82, -82, 94, -76, -91, -78, -100, -60, 25, 86, 74, 76, -46, 42, 37, -20, 4, -40, 70, -47, -92, -96, -77, -100, 45, 68, -66, 44, 18, -6, 97, 51, 68, -55, -7, 30, 28, 40, -56, -98, -93, 31, -73, 3, 7, 56, -12, 12, -16, -64, -56, -7, -23, 9, -22, -33, -76, -68, -62, -33, 21, -93, 37, 29, 90, -60, 12, -43, 94, 64, -52, -42, 15, -21, -61, -61, 11, -91, -65, -97, 26, -59, -10, -50, 92, -63, -39, -29, -47, -6, 34, 24, 10, -48, -12, 68, 84, -21, -46, 4, 48, 56, 80, 18, -21, -97, -5, 23, -47, 1, -58, -90, 38, 71, -47, 96, 68, -95, -59, 20, -9, 0, -84, -96, -60, -58, -49, 41, -57, -38, -82, 72, 36, -54, 72, 62, 5, -67, -78, -70, -8, -79, -40, 14, -36, 53, 69, 21, 7, 35, -5, -51, 58, 31, 26, 98, 23, 64, -67, 59, -31, 32, -95, -26, -61, -59, 77, -98, 30, 36, -4, -53, 62, -11, -85, -9, -44, -65, 35, -87, 27, -55, 72, -44, -34, -67, -90, 36, 37, 36, -92, 32, 66, -56, 73, 56, -17, 52, -51, 87, 56, 51, -74, 81, -25, -39, -79, -48, -85, -95, 67, -28, 74, 25, 55, 80, 69, -90, -18, 88, 49, -90, -44, 7, 8, -99, 48, -29, -80, 17, -74, 46, 2, 7, 20, -86, -29, 89, -14, 64, 1, 15, -90, -54, -65, 42, 75, 58, 84, -76, 96, 54, -22, 27, 61, 94, -35, 59, 71, -9, 32, -70, 80, 86, -61, 24, -29, 42, -17, -32, -71, -87, -34, -32, -11, 61, -41, -33, -65, 18, 33, 51, -1, 38, -23, 96, -66, 25, 3, 89, 100, 0, 2, 28, 80, 19, -85, -48, 27, 96, -59, 73, -37, 3, 30, -53, 100, 88, 54, 55, 10, 80, 94, 93, -60, -69, 53, -62, -35, 48, -73, 68, -45, 12, -40, -91, 58, -26, -53, -1, -11, -39, -11, 9, 71, 81, 29, 83, -88, 25, 56, 24, 51, -57, 66, -67, -1, -7, 69, 80, -14, 44, -30, -39, -22, -1, -3, 71, 68, 35, -82, 77, 21, -99, 55, -13, -37, 6, -52, -99, 17, 98, -43, 10, 52, -36, -62, -82, 93, 66, 42, 99, -2, -24, 44, 2, -17, 62, 67, -40, 77, 54, -59, -86, -3, 15, 40, -22, 69, -80, 18, 53, 37, -32, 89, -78, 31, -11, -16, 62, 73, 60, -18, -74, -43, 14, 6, -44, 44, -32, -68, 39, -94, -10, -26, -54, 0, -83, -2, 92, 88, -6, -17, 52, -13, -95, -47, 2, -73, 82, 21, -77, 100, 36, 73, -5, 8, 21, 68, -7, -2, 87, 36, 84, -64, -74, -85, -87, -55, -51, -5, -59, -61, -22, -91, 0, 11, 7, 71, -75, 0, 64, 10, 8, 4, 79, -58, 55, -38, 47, -59, -2, 87, 45, 83, -51, 99, 42, -84, -93, 54, -87, 48, -69, 31, 99, -32, -11, -12, -23, -3, -47, -49, 23, -96, -70, 49, 42, -39, -81, 61, -85, 6, 16, -78, -43, 43, -92, 28, 46, 54, -78, 83, 23, -78, -83, -54, -38, -53, 77, 15, -70, 7, 74, -81, 55, -65, 43, -94, -43, 99, 86, -94, 59, 0, -17, 55, -91, 16, -37, 36, 17, 70, 93, 78, 68, -60, 90, -77, 83, 78, 24, 19, -68, -57, -75, 13, -76, 93, 16, -18, -54, 52, 83, -62, 42, -75, -43, -59, -30, 100, -6, 41, 29, -36, -71, 89, -97, 24, -27, -100, 96, -87, 95, 56, 40, 13, -22, -3, -51, 36, -59, -26, 76, 24, 45, -93, 81, -17, -61, 75, 78, 85, -88, 9, -10, 19, -7, 9, -94, 85, 22, -44, 92, -31, -27, -74, 87, -33, -51, 64, -94, -48, -51, -29, 74, -31, -1, -66, 37, 35, -98, 85, 72, -42, -46, 66, -78, -77, -49, 27, -5, -93, -26, -63, 26, -4, -66, 41, -12, -10, 35, -57, -82, 82, -85, 96, -12, 74, 33, -20, 0, -99, 6, -99, -40, -84, 39, 11, -61, 89, -90, -24, 88, -95, 0, -93, 48, -64, -17, -58, 35, 74, -60, 16, -55, 24, 63, 77, -78, 62, -62, -28, -42, 32, -90, -10, -42, 45, -32, 38, -6, 55, 86, -95, -27, 16, 66, -99, -12, -98, 83, 91, -50, -35, -74, 13, 57, 76, -32, -75, -62, -22, -6, 4, 92, -70, -67, -12, -41, -26, -21, 26, -71, -31, -16, 42, 15, 13, 25, 97, -92, -97, -14, -44, 56, -67, 80, 39, 0, 33, -67, 19, 18, -33, 5, 15, 74, 67, 92, 58, 12, 74, 29, -72, 11, 93, 84, -48, -27, 57, -11, 30, 39, 72, -26, 78, 2, -20, -52, 94, -33, -55, -12, -11, 51, -24, 46, 80, 99, 26, -59, 95, 38, -46, 32, 41, -86, 16, 51, 67, -29, -97, 76, 2, 7, -78, -87, 46, -91, 56, 42, -100, 2, 66, 30, 8, 90, 19, 59, 40, -3, 10, 31, 5, 50, 51, -48, -17, -42, 66, -62, 35, 73, 80, -40, 71, 21, -10, -96, -37, 25, 44, 59, -100, 74, 90, 11, -58, 16, -87, -85, 10, 78, -49, -51, 72, 60, -57, -82, -17, 9, 26, 26, -57, 28, 27, 84, -17, -70, 74, -18, -88, -37, 97, 42, 32, 63, -83, -28, 23, -76, -43, -23, -61, -76, 25, -2, 56, -75, 8, -27, 51, 24, -52, 78, 77, 52, -19, -81, 24, 66, -78, -18, 93, 28, 98, 93, -6, -10, -7, 54, 52, -72, 44, 99, 100, 29, -12, -14, 95, 35, -68, 81, -70, -57, 79, 35, -53, 85, 52, 49, -43, 30, -50, 4, -24, -76, 46, -60, -2, -65, 85, -87, 99, 58, 59, 67, -59, -40, -91, -76, -1, 78, 10, 60, -65, 89, 62, 73, 19, -24, -81, 30, -70, -99, 75, 8, 72, -89, 78, -42, 65, 62, 68, 7, -70, 60, 10, 18, 100, -25, -67, -35, 91, 6, -83, -74, -96, 51, -27, 27, 24, 61, -51, 88, 95, 11, -94, -52, -28, -51, -96, 55, 37, -82, -37, -50, 9, 58, -10, 93, -66, 27, 98, -96, -27, 75, 64, -86, -72, 31, 21, -24, -29, -53, -12, 46, -97, 29, 40, 78, 29, 19, 75, 29, 15, 61, 67, 22, 86, 18, 23, 29, -28, 13, -19, 8, 46, 23, 84, -82, 93, 84, 59, 87, -19, -18, 32, -6, -3, 74] with a sum of 12494
Random dataset with 25000 elements: [6, 60, 7, -99, 100, -80, -1, -62, 90, 93, -87, -92, -63, 36, -91, 36, -64, 89, -20, 100, -58, -37, 66, -60, -46, -64, 46, 74, -34, -73, 29, -80, -58, 44, 7, 84, -77, -9, 50, -82, -76, 39, -80, -73, -80, -98, -24, 33, -28, -42, 98, 51, 50, 60, -65, 47, 13, -55, 41, -44, 100, 37, -98, 38, -95, -57, 94, -23, -16, 81, -44, 26, -31, -100, 32, -91, -72, 66, -79, 32, -66, 55, -59, 64, 8, -52, 59, -94, 70, -54, 0, 43, 41, -97, 50, 63, -22, 30, 32, -36, 30, -20, -64, -18, 68, 43, -55, 56, 94, -97, 90, 16, -79, 39, 67, 94, 77, 85, 7, 92, -8, 90, 46, -71, -99, -76, -42, -62, 99, -66, 38, 95, -92, -28, 81, -92, 24, -1, 100, 61, -39, 85, 65, 80, 51, -31, 14, -99, 74, 77, 2, 33, 45, -32, 65, -9, 65, -53, 96, 53, 62, -39, 36, 51, 81, -63, 29, -76, 83, 50, -95, -54, -69, -42, -99, -71, 4, -84, 36, 65, -56, -30, 37, -18, 16, -38, 25, 54, 48, 97, 58, 5, -78, 5, 8, 4, 93, -20, -48, 43, 72, 15, 20, 68, -37, 85, -42, 93, 47, -79, 34, -55, 3, 35, 13, -19, 30, -48, -60, 27, 4, 93, 11, -50, 99, -7, 7, -96, -20, 23, 26, 34, -67, -55, -20, -56, 8, 90, -16, -60, -43, 75, -58, -38, 8, -8, -73, 94, 92, 55, -58, -82, -4, 100, -90, 92, -68, 99, 19, 21, -38, 0, 27, 89, -6, -50, 94, -66, -94, 95, 91, -42, 42, -63, -57, -20, -78, -96, 42, -79, -80, -85, -61, 31, -41, -85, 81, -65, 51, 26, -90, -78, 45, 79, -58, -55, 70, 45, -45, 22, -99, 82, -9, 91, 70, -74, -16, 28, -54, 34, -47, -13, -37, 49, 33, -7, -43, 35, -86, 37, 81, 89, -19, -98, 81, 82, -69, -38, -20, 35, 79, 76, -90, -26, 45, 64, -77, -53, -14, 37, -78, 10, 32, -47, -89, 65, 60, 32, 58, -27, -8, -34, -46, 88, -84, -99, -71, 35, -44, -65, -66, 65, 100, 24, -59, -31, 92, -75, -44, -72, -95, -22, 61, -40, -63, -85, -45, -78, -14, 22, -57, 51, 98, 19, -25, 87, 52, -12, 99, 64, 83, 15, -55, -34, -59, 29, -88, 94, 24, -76, 34, -57, -63, 13, 74, -30, 46, 16, 95, 21, 72, 67, 3, -11, 48, 14, 9, 16, 70, 66, -5, 59, 43, 57, 92, -55, -9, -46, 34, 75, 69, -82, 93, -28, 23, -82, 46, 67, -8, 61, -41, 56, -95, -20, -35, 25, -75, -60, -92, -63, 4, -19, -61, -56, -42, 69, 40, 28, -53, -44, 95, 77, -33, 74, 50, -3, 95, -67, 55, 74, -52, 91, 1, 51, 39, -23, -55, -19, -4, 77, -78, 31, -10, -85, 66, -90, 88, 43, -99, 69, 81, -75, -18, -53, 78, 14, 28, 42, -82, -60, 71, 76, 79, -96, 74, -99, 5, 43, 16, 65, -91, 29, 1, 51, 0, -10, -12, -22, 28, -59, -24, -95, 98, 18, -62, -69, -4, 63, -68, -8, 40, -96, 31, -35, 68, 63, 59, -39, -100, -60, 86, 66, -24, 9, 7, 63, 95, 89, -76, 20, 44, -88, -47, 87, 88, 33, -29, -3, -46, -7, 81, -65, 48, -88, 57, 100, -34, -82, 9, -45, 84, 13, -69, -79, 8, -9, 87, 45, -56, 74, 93, -33, 65, 51, -97, -29, -44, 43, 52, 16, 46, 14, 22, -57, 19, 46, -13, -67, 89, -14, -59, 18, -48, -54, 17, 58, 39, 83, -79, 7, 73, 41, 80, 21, 59, -98, 13, -58, 66, -14, -68, -44, 49, -77, 44, -51, 35, 4, -25, 93, -13, -78, -40, -69, -37, 22, -61, -19, 39, 46, 27, 96, -33, 44, 98, 69, 51, -1, -78, 56, 63, -68, 54, -3, 42, 96, 97, -98, -10, -82, 28, -29, 23, 53, 100, -66, -5, -11, 95, 66, 9, -27, -25, -53, -2, -17, -20, 21, 68, -78, 84, 40, -88, -28, 23, -19, 76, -41, -24, 79, -18, -83, 45, -71, 47, 54, -6, -96, -51, -79, -11, -8, 37, 67, 65, -47, 16, -96, 73, -79, -5, 84, 64, -82, 17, 50, -3, -62, -84, -7, -67, -39, -99, 38, -46, -38, -72, -12, 52, 36, 55, 53, 20, -80, -66, -56, 99, -12, -87, -39, -35, -56, 92, -51, 15, 0, 3, -80, 17, -42, -34, -39, -56, 24, 32, 84, -12, 52, -38, 94, 72, 87, -95, 78, -49, -23, 87, 20, -77, -95, 34, -19, 46, -83, 95, -43, 3, 77, -3, -68, 16, 76, 24, 45, 18, 99, -41, 55, -28, -22, -84, 82, -53, 5, -52, -55, 6, -91, 74, 45, -33, -8, 43, 100, 13, -40, -32, 63, 85, -72, -24, -25, -64, -51, -17, 20, 11, -64, -4, 94, 15, 39, -32, 69, -34, 88, 26, 58, 41, 12, 92, -30, 25, 94, 98, -82, 0, -68, 50, -6, 17, 49, -49, -80, 100, 70, -91, -64, 53, 100, 5, -3, 94, -89, 69, 46, -74, 89, 7, 37, 11, -87, 80, 99, -80, -62, 71, -26, 66, 88, 42, 38, -8, 1, 73, -40, 16, 77, -96, 33, -65, -100, 60, -68, -36, 41, 96, -65, 82, 32, -66, -47, -64, 75, -53, -94, -100, -57, -79, -71, -89, 28, -27, -1, -37, -23, -81, 38, -45, -47, 52, -48, -71, 67, -11, 16, -100, 58, 11, 91, 29, -88, -76, 15, 86, -73, -81, 96, 35, 95, -62, -61, 19, -24, -45, -92, 89, 52, -73, -37, 80, 24, -13, 11, 29, -89, 7, 37, -92, -75, 13, -6, 48, 57, 62, -16, 76, -68, 91, 58, 34, -63, 98, 0, 79, -63, 96, -21, 23, -7, -54, 12, -28, 92, -95, -53, -12, 9, 43, -30, 10, -33, -79, 96, -85, 51, 74, -59, 54, -14, 53, -18, -66, -20, 54, 16, -14, -5, -91, -89, 47, -22, 19, 100, 16, 5, -99, 58, -100, -9, -75, 40, 61, -6, -77, 98, 28, -98, 12, 37, 52, -38, 33, -54, -70, 100, 47, -48, -59, -57, 12, -67, -51, 65, -57, -36, 21, -73, 49, 2, -8, 34, -71, -72, 71, 3, -60, -95, -32, 22, -46, 66, 69, -2, -66, 4, 10, -76, -9, 71, 20, -20, 51, -58, 73, 27, -15, 76, -28, 78, 62, 55, -60, 2, 97, 30, -86, -85, -43, 20, 98, -73, 84, -32, -61, 25, -91, -91, -97, -32, 17, 66, -82, -65, 1, -28, -5, -59, -86, 15, -18, 64, 78, 86, 89, -5, 42, -28, 96, 42, 34, 39, 68, 100, -35, -72, -65, -70, -94, 92, -78, 70, 67, 5, -45, 14, -39, 57, -46, 15, -27, 42, 47, 74, 47, 67, -58, -39, -30, 96, -40, -33, 85, 51, -49, 75, 24, -79, 27, 98, 96, 31, -97, 5, 64, 28, 13, 44, 62, -82, -28, 10, 31, 60, -7, -11, 12, -85, -73, -23, -50, -41, 44, 68, -25, -59, -18, -96, 19, 0, 9, 41, -8, 11, -46, 72, -33, 53, -31, 78, -60, -1, 63, 30, -48, -31, 96, -74, 23, -20, 90, 61, 13, 18, -52, 45, 83, -6, -62, -25, 53, 85, 22, 41, -97, -76, 39, 99, -26, 59, -16, -86, -45, 91, 61, 51, 21, 86, 22, 43, 53, 77, 12, -74, 63, -43, -48, 20, 4, 15, 10, 54, -66, -70, -45, 52, -13, 83, 12, 87, -1, -98, -74, 5, 29, 5, -63, -14, 17, -49, 47, 56, 41, -35, -95, 40, -3, 6, -92, -30, 36, 97, -56, -64, -92, 14, 0, 73, -40, 17, 34, -63, -56, 16, -88, 39, -22, 13, 3, -96, 64, -87, -56, 72, -81, -30, -66, -27, -97, -96, -48, -7, -67, 23, 14, 54, -6, 100, 34, -75, -32, -88, -3, 34, 51, 10, -12, -37, 90, 100, -46, 84, 36, -63, -94, 9, 50, 12, 76, -48, -44, 22, 100, -36, 89, 0, -57, -36, -63, -97, -39, 23, -62, 42, 29, -2, 62, -31, -45, -39, 59, 55, -94, -3, 58, 8, -78, -60, -88, -94, -5, -85, 5, 60, 95, -50, 89, 10, 77, -14, -57, -52, -90, -56, 84, -85, 67, -45, -94, 86, 69, -86, -1, -27, -46, -15, -71, 73, 91, 28, -3, 87, -41, 59, 88, 92, 38, 78, 13, -87, 57, -9, 60, 53, 16, -2, -91, -34, -73, 49, 100, 57, -95, 62, -31, -20, -16, -70, 90, 18, -13, 62, -40, 46, -11, -78, 42, -27, 82, 54, 2, 10, -55, 63, -26, -47, -8, -15, 22, 77, -25, -76, -69, -81, -49, 40, -42, -78, 10, 100, -10, 41, 49, 2, -84, 28, 15, -90, -95, -15, 79, -52, 16, -46, 37, -31, -39, 32, -65, -4, -42, -81, -1, -12, -34, 29, -59, -24, -37, -99, -1, 53, -81, -53, 89, 26, 72, -53, 89, 0, 46, 69, -46, -4, 14, 35, 65, -90, -57, -7, -72, -17, 82, 4, 34, 59, 99, 99, -59, -7, 72, 72, -23, -59, 72, 12, 96, -39, 86, -24, -35, 51, -56, -70, -56, 87, 83, -64, 97, -23, 56, 99, -19, -17, -4, -35, -40, -83, -37, 96, 5, -72, -6, -45, -8, 84, -8, 89, -8, -27, 33, 94, -73, 58, -70, 93, -56, 70, 1, 72, -37, 85, -68, -66, 61, 19, 89, 81, 35, 49, -88, 31, -19, -7, 38, 71, 62, 99, 72, -95, 9, 4, 24, 97, 31, 55, 0, 63, 87, -99, 58, 75, 35, 36, 65, -53, -50, -91, 93, -55, -22, 68, -4, 15, -50, -69, 59, 42, -84, 51, 16, 75, 44, 79, -1, -7, 56, -53, 99, -34, -47, 41, 42, 13, -1, -82, 49, -69, -18, 94, -29, 24, 70, 0, -50, -68, -4, 46, -89, 81, 92, -92, -50, 9, 14, -20, -83, 26, 17, -15, 27, 91, -62, 17, 54, 11, 82, 27, 1, -34, -90, -4, 86, 63, 28, -14, -42, -71, 88, 55, -58, 89, -97, -13, 95, -73, -37, 80, 69, 41, -43, 49, 44, -72, -93, 71, -30, -44, -51, -55, 25, 16, 86, 3, 24, -66, -70, -11, 32, -39, 32, -3, -13, -59, -81, -86, -4, -19, 21, -27, -61, -70, 59, -99, -3, 70, -94, -21, -1, -4, -13, -84, -65, 47, -15, 81, 71, 18, 7, -6, 17, 100, 1, 60, -75, -21, 36, -62, 25, -17, 27, 16, -4, -32, -52, -98, -69, 44, 97, 100, -97, -65, -50, 15, -49, 74, 23, -52, 98, -29, 20, -21, -35, -58, -18, -46, -95, 94, 97, 26, 80, 73, -69, 52, 97, 50, 69, 38, -4, 75, -32, -88, -70, 74, -18, -69, -64, 19, 100, 63, -27, 72, 48, 55, -50, -12, 26, 66, 96, -20, -100, 69, -13, 69, 21, -79, 8, 68, -25, 38, -80, 25, -38, -42, 25, -69, -31, 28, 85, 22, -9, 17, 13, 61, -58, 47, 30, -49, -85, 33, 24, -89, 99, -73, 5, -67, -2, 92, -84, -35, -32, 12, 99, -40, -58, -56, 55, -73, 57, 10, 81, 50, -55, 96, 67, -54, -34, 35, -18, 83, -2, 14, -16, 23, 0, 89, 75, 8, 11, -48, 54, 51, 47, 0, 51, 83, 3, 60, 89, 46, -21, 16, 86, -9, -93, 43, 50, -67, -72, -44, -77, 88, 76, 84, 90, -8, 7, 70, 52, -75, -85, 79, 83, -43, -71, 69, -34, -17, -37, 10, 16, -19, 5, -94, 4, 61, 4, 73, 1, 58, 72, 15, 30, 19, 64, 44, 77, -40, -93, 61, 53, 18, 53, -85, 7, 20, -21, 82, -49, -29, 38, -64, 28, 73, -48, 1, 90, 13, -85, -3, 32, -15, 57, -94, -42, -22, 89, -82, 98, 17, 50, -28, -4, -95, 61, -62, 59, 7, 91, -28, -27, -72, 89, -33, 29, 36, -41, -8, 0, 62, 70, -33, 2, 61, -1, 43, -83, -42, -77, 71, 19, -32, -95, -62, 11, -49, -22, -91, -20, -87, -87, 28, 91, -65, -45, 82, 6, -82, 71, 39, -50, 53, -95, -33, 56, 16, -84, 88, -11, 16, 63, -5, 63, -26, -40, -77, 22, -53, 24, -95, 29, 88, -62, -77, -70, 83, 51, -2, 17, 7, 92, -68, -68, 84, 50, -98, -44, 2, -81, 56, -81, 19, -97, -69, 26, -64, -47, -70, -43, 77, -52, -48, 79, -77, -41, -100, 58, 32, -66, 41, 87, -44, 8, -99, -27, -60, -78, -98, -50, -55, -43, -98, 45, -75, 76, 65, 12, 84, 1, 39, 5, 40, 18, -84, -78, 34, 6, -40, -29, 47, -41, -48, 40, 62, 100, 4, -43, 50, 61, -36, 95, 20, -40, 4, -91, 26, 41, 61, -62, -36, 39, 43, -29, 97, -47, 29, -6, -62, -54, 56, -25, -66, 40, 31, -93, 42, -22, -16, 57, -22, -79, -100, 81, 2, 3, -11, 64, -57, 88, -54, -1, 2, -82, -81, 53, -87, -79, -67, 64, -55, -89, -73, 58, 99, 59, -44, 75, -2, -40, 42, -73, -9, 23, 91, 47, 12, -76, 59, 44, 41, 16, 32, 41, -43, 41, -47, 1, 27, 80, -38, 11, 50, 46, 39, -26, 3, -83, -32, 20, -57, 37, -48, 45, -39, 2, 2, 45, 20, -54, -100, -47, -99, -74, 14, -28, 73, -98, -69, 17, -65, -33, 42, -3, 66, 96, 55, -51, 41, -29, 75, -79, 12, 5, -83, -69, -6, 55, 32, 13, 76, 85, -81, 27, 70, -92, -95, 73, 78, -48, 89, 12, -15, 21, 25, -75, -92, 21, 42, 98, -27, 41, -80, -41, -64, 62, 85, -87, -42, 59, 65, 37, 1, -65, 87, 32, -46, -52, -28, -34, 88, 24, 95, 85, 6, -56, 74, 100, -25, 90, -91, 67, 10, 36, 77, 84, -92, -26, 60, -85, 67, -7, 82, 59, 83, 55, 44, 86, -13, 39, -1, -76, 77, -29, -32, -35, 55, -52, -37, 62, -90, -48, -15, -3, 66, -65, -56, 27, -71, -80, 39, 67, 90, 36, 20, -21, -56, -4, -28, 3, -7, -81, 4, -90, -34, 76, -89, -64, -64, -7, 37, -82, 19, -69, -12, -69, -92, -88, -37, -55, 64, 85, -85, -77, -54, -79, 66, 98, -65, 75, 86, 48, -72, -40, -10, 98, 61, 1, -86, 34, 51, 93, 99, 90, -74, 27, 72, -60, 32, 51, 24, -23, 17, 53, -8, 15, -44, 25, -2, 69, -42, 56, 60, 61, 74, 26, 60, -79, -80, -36, 28, 70, 97, -85, -39, -7, 73, 58, 49, -62, -7, -19, 42, 23, 28, -39, -36, -19, -10, 20, 15, 52, -70, 0, 77, 52, 4, 10, 97, 61, -61, -31, -78, -26, 68, -100, -72, 85, -66, -20, 15, -77, 16, 91, -72, 54, 43, 24, 80, -62, 23, 82, -3, -85, 72, -99, 35, 64, 34, 73, -81, -96, -65, -63, 55, 56, -65, 8, 90, 21, 64, -10, -47, -25, 26, 22, 15, -28, -89, -40, 43, -35, -88, -21, -26, -13, -24, -15, 1, -49, -1, -19, -56, -58, -84, -14, -34, 6, 0, -95, -5, 77, 62, 77, 73, -1, -83, 81, 36, -15, 38, -49, 49, 76, -75, -37, 98, -89, -62, -14, -23, 4, 42, -48, -46, -99, 32, -82, -68, -33, -49, 13, -77, -40, 76, 92, 88, -55, -30, 18, 88, -49, -73, -69, -14, -17, -19, 11, -31, -24, -82, 29, 75, -52, 14, -87, 79, -43, -72, -86, 48, 21, -39, -35, 65, -25, 18, -44, 0, 2, 81, -99, 61, -71, 19, 64, -62, 5, 68, -99, -48, 10, 53, -4, 10, -44, 31, 44, -49, -51, 24, -53, 65, 29, 81, 93, -9, 54, -21, -3, -89, 73, -76, 100, 73, -70, 38, -70, 73, 3, -5, 66, -25, -18, 14, 79, -35, 45, 32, 48, -99, 33, 7, -35, 89, -28, -91, 88, 96, 75, 68, -41, -3, 49, 79, -75, -98, -16, 13, -62, 66, 55, 47, 52, 82, -50, -94, 89, 72, 85, -40, 34, -23, -92, -4, -71, 13, -90, 99, 56, 88, -22, 27, 68, 77, 21, -92, -99, 7, -87, 39, -90, -39, -38, -48, 43, 68, -18, -92, -32, -17, 10, 37, 57, -15, 65, 54, -21, 46, 22, -39, 17, 14, -29, -38, -79, 30, -63, 48, -54, 3, -99, -92, -65, 77, -2, 98, 79, -62, 37, 93, 20, 22, -94, 78, -63, -17, -78, 35, -69, 100, 9, -27, 20, -64, 34, -96, 96, -4, 81, 57, -11, 8, -13, 79, 16, -30, 76, 14, -59, 75, 95, 30, 59, 15, 31, 13, 21, -88, -5, 3, 26, 61, -62, 5, -35, -15, 59, -80, 88, 67, 53, 51, 60, 67, -64, 27, -54, 80, 48, 17, -83, 79, -85, -14, 9, -55, 22, -79, -35, 52, -93, -86, -50, -49, 85, 17, 31, 81, -29, 75, -59, 46, 35, -2, 89, 94, 49, -23, -35, -35, 7, 73, -44, -93, -55, 41, 21, -77, 94, -53, 1, 94, 36, 20, -59, -43, -52, -26, -73, 72, -24, -94, -66, 6, -90, 23, -8, -72, -16, -37, 45, -7, -72, 63, 15, 98, 41, 62, -87, -95, 55, -81, 21, 0, -74, 60, 41, -5, -81, -21, -88, 88, 95, 51, -38, 38, -50, -21, 83, 40, 10, -43, 69, -54, -44, 21, 97, -18, 55, 45, -5, -73, 31, 56, 18, 22, 81, -33, -28, 36, -40, -60, -73, -19, -37, 40, 16, -48, -57, -29, 19, 47, 78, -17, 56, -12, 55, 100, 20, 8, 79, -57, -77, -69, -59, 34, 54, -18, -86, -70, -81, 98, -96, 34, 76, -40, 15, -27, -53, -37, -73, 94, -45, -92, 46, -16, 76, 86, -32, -9, 76, -67, 23, -3, -57, -3, -40, -80, -58, 95, -75, -73, 24, -32, -100, -97, 75, 58, -92, 68, -71, 64, -68, 46, -83, 61, -76, -84, 12, 66, -2, 0, 11, 24, -26, 32, 91, -47, -8, 31, 70, -18, -16, 84, -57, 51, 87, 53, 21, -6, -46, 31, 88, 81, -2, -51, -63, 45, -46, 21, -91, 23, 82, 62, -88, 88, -67, -90, -91, -82, -34, 63, -20, -84, 34, -63, -36, -47, -3, 36, 74, -78, 53, 33, 72, 18, -67, -31, -93, -82, -48, 90, 57, -93, -33, 56, -82, -39, -100, -61, -67, -6, -33, 35, -74, 65, 20, 57, 43, -75, 57, -62, 40, -95, -42, 74, -94, -48, 70, 83, -88, -29, -78, 45, -37, -2, 55, -75, -89, -13, 6, 67, -53, 40, -21, 74, -56, 34, -90, -94, 81, 50, 65, 87, -37, 27, -79, 7, -4, -31, 25, 52, 5, 81, 23, 81, 16, 13, 71, -70, -18, 58, 61, -11, 49, -100, -97, 49, -50, 31, 78, -87, 36, -53, 58, 34, -3, -12, 63, 30, -30, -48, -70, 28, 97, -29, 29, -81, 3, -1, -92, 56, 56, -56, -74, -28, 9, 3, -86, -80, -97, -64, 17, -19, -94, -26, 62, -44, -30, -66, 32, -43, 21, -5, -29, -7, -99, 59, -9, 90, 14, 58, -46, -28, 28, -2, -94, -27, 96, 84, -45, -97, -2, 99, -79, -1, -46, -42, -100, -31, 91, -44, -77, -14, 32, -16, 67, -78, 61, -79, -20, -92, 89, -57, 21, -73, -88, -73, 95, -67, 19, 80, -97, 65, 37, -62, 48, 20, 87, 100, 88, -95, 31, 90, 22, -2, -54, -49, -94, -9, 75, 68, 16, -33, -50, -23, 42, 54, -68, -97, 12, -74, 42, 34, 97, 46, -38, -21, -2, -3, -27, -86, -53, 45, -33, -94, 3, -83, -8, -11, -90, -3, -82, 56, 87, -56, -4, 100, -85, -22, -93, -43, -28, -45, 17, -6, 44, 82, -62, -69, 0, 97, -42, 84, -45, -86, 60, 57, -1, -60, -94, -74, -52, 70, 90, 10, -36, -41, -76, 41, 32, 51, -11, 1, -63, 24, 14, 12, 38, 91, 34, -59, -20, -11, -21, 39, 22, -53, -28, -76, -57, -70, -98, 96, 4, -69, -43, -84, -76, 58, -95, 60, -31, 48, -67, 80, 21, -91, -43, -65, -39, -52, 8, -53, 27, -20, -24, -33, 10, 57, -77, -80, -74, 34, -16, 92, -5, -88, -79, 78, -48, 42, -88, 72, 38, -98, -13, 89, -70, -34, 21, -12, 20, -97, -24, -100, 48, 50, 21, -86, -78, 73, 83, 66, 100, 49, 39, -12, -54, -6, -94, 46, -81, 63, 78, -45, -89, 41, -66, 75, -78, -19, -23, 3, -32, -60, 90, 63, -3, -4, -27, -81, 24, 48, -25, 6, -60, 47, -93, -50, -4, 84, 10, 40, 80, -83, 98, 29, -57, -68, 67, 62, 11, -91, -51, 64, -94, 18, -67, 44, 12, -73, 46, -60, -96, 53, 65, -72, -29, 24, 20, -33, -84, -38, -50, -21, 20, 32, -23, -82, 58, 13, 51, 45, 60, -27, -44, -4, -66, 21, 100, -89, -66, 46, 85, 98, 28, 89, -98, -84, -22, 68, -33, -10, 35, 90, -38, -75, 46, 78, -67, 12, 83, -16, -58, 94, 26, 30, -25, 12, 64, -6, 71, 2, -53, 74, 55, 38, -60, -28, -47, -38, -7, 12, 8, 51, -97, -68, -31, -87, 91, 70, 24, -84, -46, 37, 57, -41, -15, 93, -70, -89, 46, 41, 13, 95, 46, 67, -48, 22, 41, 51, 92, -62, -70, -2, 20, -12, 66, -13, -71, -65, 94, -75, 92, -49, 26, -94, 65, -61, 53, -37, 40, -61, -74, -12, -62, 59, 97, 28, -44, -55, 50, -95, -30, -86, -15, -95, -12, -26, -69, 23, 98, -96, -18, 0, -51, 0, -15, -8, -7, -52, 13, -98, 74, 65, -28, 96, 29, -57, -18, 48, -11, -10, 60, -74, 31, 48, -93, 77, -15, 82, -83, 64, -84, -80, -5, -70, 98, -38, 90, 5, -84, 30, 59, -7, -17, 22, 98, 44, 65, 30, 28, -11, -34, -13, -90, -78, 83, 23, 62, -65, -83, -34, -41, -71, -39, 32, 82, 25, -18, -17, 61, 59, 8, -33, 68, 57, 32, -51, 48, -35, 69, 4, 79, -61, -23, 98, -47, -19, 35, -27, -35, -93, -22, 95, -31, -87, 41, 95, 89, 82, 18, -40, 12, 4, 53, 50, 98, 1, 92, 74, 27, 80, -83, -37, 28, 30, -14, 98, -71, -26, -77, -81, -64, -37, 70, 85, -28, 11, 63, 72, 73, -16, -61, -29, 16, -75, 38, -6, 29, 29, 4, 48, 12, -10, -30, 35, 41, -70, 33, -15, 69, -23, -38, 3, -67, -60, 30, -92, -27, -32, 5, -26, 81, 70, -35, 54, 43, -24, -47, -82, -37, -40, -29, 35, 12, -3, 63, 30, -67, -28, -91, 76, 37, 27, 17, 22, -10, -26, -49, 32, -36, 100, 36, -16, -41, 37, -27, 14, 31, -30, -76, 53, -65, 81, 8, 61, -94, -94, -15, -69, 36, 36, 100, -97, -96, -75, 88, 11, 36, -99, 53, -2, -52, -31, -49, 65, -5, -36, -14, -80, -75, -65, -72, -2, -49, 35, -93, 5, -63, 84, -95, -76, 93, -74, -89, 85, 5, 27, 98, 81, -91, -34, -57, 13, -56, -99, -40, 10, -24, 41, -37, -6, -88, -82, -99, -58, -21, 3, 4, -24, -82, -7, 8, 96, 43, 26, 12, 0, -81, 25, -36, -73, 3, 37, 98, -19, -90, -14, -90, -38, 62, 42, -79, -59, -81, 87, 53, 11, -96, 47, -93, 39, -63, -54, 54, -11, -41, 81, 65, -20, -13, 45, 88, 9, -38, 12, -18, -48, 49, 49, 73, 45, 28, -10, -76, -17, 62, 50, 38, -64, -65, 69, 30, -99, -93, -43, 9, 18, 82, -76, 79, 19, -23, 65, -41, 54, -40, -80, -47, 63, 25, -7, 15, 91, 16, -24, 82, 34, 4, -53, -20, 93, 76, 34, -24, 45, -36, 55, 62, -79, 58, 12, 94, 6, 0, 30, 37, -76, -81, -61, -35, -62, 41, 76, 56, -42, 72, 87, -4, 0, 85, -40, 42, -38, -54, -55, 33, 3, 98, -7, 24, -38, -52, -57, -27, 54, -44, 29, 22, -10, -90, 39, 88, -34, -95, 87, 14, -58, 89, -99, -60, -53, 50, 96, 27, -37, 62, -24, 43, 6, -49, 20, -45, -83, -84, -16, -60, -97, 94, 28, 77, 25, 88, 99, -6, 39, 30, 11, 1, -78, -46, -24, 1, 55, -14, -81, 54, -70, 39, -18, 59, -93, 64, 6, 33, 7, 40, -36, 13, 63, -52, -86, 73, 87, 68, 70, -37, 22, -79, 90, -44, 3, -19, 11, 34, 26, 82, 35, 8, -22, -53, 34, 96, 77, 54, 31, -2, 90, -68, 49, 9, 29, 6, 83, 72, 11, 95, -45, 96, -51, -16, 50, 69, 1, 100, 74, -12, -17, -18, -50, 52, 53, 47, 57, 7, 5, -100, -20, 40, 96, -65, 60, 71, 92, 51, 35, -78, -64, -8, 89, -12, -59, -18, -83, -38, 23, 40, -51, -80, 22, 39, -64, 96, 13, 21, 50, -31, -19, 49, -34, -54, -16, 75, 73, -13, 78, 35, 69, -80, 92, -2, 31, 33, -36, 94, 18, 0, 6, 45, -38, 38, 95, -67, 49, 61, -89, 70, 98, 99, 84, 42, -24, -55, -80, -16, -98, -13, 73, 62, -59, -67, -98, -91, -66, -3, 2, 48, 17, -38, -44, -97, 33, -78, 95, -31, 88, 63, -90, -12, 89, 76, -97, -94, 72, 54, -59, 96, -18, -47, 33, 47, 69, 80, -27, -80, -57, -2, 1, 18, 96, -10, -48, 1, 79, -89, -30, -23, 83, -60, 38, -59, 28, 30, -29, -44, -83, -30, -69, -41, 9, -64, -95, 59, -84, 83, -13, -16, 79, 88, -75, -48, -37, -46, 40, -89, 87, 7, 87, 43, 80, -91, 22, -50, -54, 17, 61, 29, -82, -99, 84, -74, -42, -39, -84, -55, -24, 2, 1, -91, -2, -14, 64, 75, 12, 81, -53, -81, 52, 96, 73, 5, 32, 31, -15, -27, -64, -74, 89, 29, -59, 80, 34, -14, -92, -44, -49, -82, 12, 30, -6, 61, -28, -85, 57, 0, -81, -37, -9, 18, -8, -59, 73, 6, 48, -95, -12, -40, -26, -8, -80, 62, -21, -14, -3, -14, -90, 26, 30, 13, 47, 3, -44, -67, -85, 36, 5, 75, 92, 5, -11, 47, -79, -45, -83, -29, 43, -82, -53, 68, -97, 57, 64, 10, -16, -6, -74, -89, 13, -80, 56, -85, -77, -5, 73, 1, -59, 9, -49, 27, -95, -95, 52, 86, -32, -70, 51, -92, -91, 61, 97, -27, 0, 78, 94, 71, 67, 83, -42, -98, 52, -100, 90, -13, -53, -27, 29, -87, -72, -42, -42, -90, 87, 32, -25, 90, -12, 84, 3, 78, -27, 71, -93, 29, -39, 69, 72, 38, -60, -99, -70, 71, -23, -42, -44, -98, -32, 28, 15, -26, 92, 23, -8, 74, -73, -56, -52, -96, -44, 72, -52, -79, 33, -31, 40, 95, -78, -32, 87, 5, 49, -22, 57, -89, -16, -24, 93, 9, 34, -47, -75, -87, 1, -87, -70, -8, -11, -74, -27, -30, -23, -78, 92, 65, 6, -70, 76, -13, 81, -48, 19, -1, 62, 98, 23, -46, -98, 3, -51, 43, 97, 85, -61, -71, 61, -81, 17, -48, -39, 15, -29, 99, -40, 24, 81, -88, -24, 13, 75, 86, -45, -53, -2, 93, -70, -72, -13, 64, -78, 41, 7, 68, 19, 53, -79, 10, -67, 2, 16, 13, -6, -72, -80, -22, 2, 80, 23, 55, 99, 52, -78, 80, 79, -9, 10, 4, -97, 73, 68, -88, 86, -62, 39, -5, 76, -18, 73, -44, -66, -2, -9, -99, -66, -66, 7, 15, 92, 99, -16, 17, -65, -92, -55, -58, 17, -95, 71, 66, -62, -80, -76, 23, 8, 74, 35, 68, -36, -74, -7, 10, 51, 9, 68, -71, 71, -63, 11, -70, 54, 93, -6, -93, 48, 54, 39, -89, -19, -18, 80, 29, -21, -3, -28, -89, -69, -18, -68, -39, -41, 97, 27, -75, 68, 67, 34, 45, 76, -97, -11, 18, -87, 100, -23, -57, -49, 99, 41, 18, -54, -36, -33, -51, -84, -58, 81, 85, 42, -19, 100, -44, 85, 99, -16, -71, 29, 76, 28, -93, 43, 35, -93, 82, -93, -17, 21, -23, 49, 56, 85, 79, 77, -64, -41, 23, 42, -8, 46, -78, 85, -94, -9, -22, 94, -62, 38, -80, -93, -2, -93, 12, 10, -40, -69, -6, -28, 67, -25, -37, 60, 25, 88, 23, 24, 61, 96, -69, -26, -4, 75, 94, -19, 71, 78, 74, 26, 79, -79, 1, 22, 55, -8, 27, -22, -91, 51, 81, 5, -20, 62, 5, -97, 58, 57, -87, -13, 68, -33, -99, -53, -20, 26, 100, 89, 70, -33, -86, 54, 62, -84, -30, -31, 84, -51, -24, 41, -64, 26, -81, -41, 38, -20, 45, 10, 94, -84, -12, 39, -93, 55, 100, -62, -75, -42, -62, 5, -84, -9, 83, 38, -70, -9, 46, 3, 91, -71, 71, 83, 81, 83, -48, 44, 80, -83, 53, 70, 14, 47, -5, -18, -4, 96, -98, -70, -68, 60, -26, 95, 32, 76, -49, 73, 96, -84, 23, 39, -2, -76, 63, 12, 42, -2, 61, -29, -48, 61, 57, 14, -2, 72, -36, 65, 49, 99, -76, -6, -24, -15, -70, -31, 15, 45, -41, -87, 72, 43, -81, -54, 57, -94, 40, 35, 9, 31, -26, 27, -82, -84, 87, -26, 26, 52, 46, 40, -85, -55, 11, 4, 61, -67, 53, 70, 92, 61, 86, -3, -96, 1, -82, 93, -88, -97, 12, 45, -28, 52, -56, 44, -49, 30, -41, -24, 17, -99, 72, 97, -93, -78, -67, 66, 20, 6, -87, 7, -19, 57, -97, 26, -96, 16, 43, -57, -46, 81, -59, -83, -100, -52, -34, -4, 31, 74, 44, 56, -51, 84, -61, 97, 73, 15, 83, -51, 83, -23, -30, 60, -72, -58, 39, -27, 52, -19, 2, -48, -69, 82, 37, 23, -89, 13, -30, -94, -5, -56, -1, 46, 12, 10, -68, -100, -49, 35, -88, -13, -93, 39, 58, 19, 57, 51, -4, 83, 46, -26, 55, 82, -81, 77, 23, -18, 11, -45, -45, -71, 32, -47, -50, -90, 99, -98, -90, 3, -48, 99, 32, 3, 81, -78, -14, -72, -46, -16, -28, 46, -28, -24, 28, 30, -94, 40, 69, -86, 70, 23, -64, 3, 81, 31, -22, -47, 6, 5, 18, 66, -68, 30, 29, 44, -61, -79, -37, -95, -70, -19, -44, -87, 51, 40, 89, -53, 27, 52, -5, 2, -35, -27, -84, 61, -97, -38, -73, -60, -59, -65, 6, 6, -1, 19, 77, 60, -22, 6, 58, -90, 35, 35, -44, -39, 38, 73, -34, -96, 21, 77, -86, -53, -43, 61, 6, -58, 2, 40, 46, 67, 69, 71, 29, 23, -51, -40, -16, 21, -78, 38, -46, -36, -62, -59, 9, -87, 84, -47, 4, 1, -36, 87, 34, -36, -10, 31, -35, 99, 42, -98, 47, 99, -63, 5, -83, 60, -13, 8, 24, -29, 73, -28, 17, 89, -86, -47, -100, -63, -25, -89, -57, 90, -77, -8, 97, -21, 83, -43, 62, -92, -95, 80, 7, -23, 65, 37, -42, -79, -10, -43, 29, -5, -2, -47, -26, 34, -58, -79, -67, -68, 16, 47, -53, -60, 76, 59, -98, 44, -59, -96, -75, -9, -60, 89, 8, 7, 7, 20, -52, 66, -36, 32, 21, 65, 92, 89, -8, -75, 73, -55, 18, 89, -7, 9, 37, 62, -60, 93, -31, -100, 89, 74, -54, -92, -21, 55, -32, -8, -45, -92, -95, -100, -87, 89, -19, 0, 24, 31, -40, -22, -47, 73, -6, 75, 96, 40, -87, -45, -58, -54, 29, -22, 91, 10, 37, 49, 27, 54, 97, 57, 1, 95, 92, -15, -63, 74, 68, 74, 2, 49, -72, -9, -6, 66, -71, 18, 31, 25, 7, 24, 54, -93, -71, 75, -86, 62, -68, -39, 59, -84, -97, 72, 85, -81, -84, 44, 99, -7, 22, -52, -23, -28, 7, -87, 66, 15, 70, -51, 94, -90, -75, 88, 42, -45, 55, -18, -93, -19, 25, -84, 41, 100, -41, -41, 73, -92, 98, -74, 62, 77, -22, 47, -97, 84, -98, 43, 80, -65, 34, 97, 83, -82, 80, -88, -56, 71, 97, -88, 88, 61, -36, -73, 3, -70, -68, -43, 80, 99, -80, -22, -59, -75, 83, 73, 67, 70, -27, 77, 99, -54, 53, 88, -7, 71, -78, 52, -95, 8, -14, 39, -45, 81, -94, 65, 92, -14, 25, -60, -24, 73, -56, -41, -41, -4, -63, 1, 11, -44, -75, 71, 64, -24, -17, -15, -17, -54, 23, -77, -22, 17, -98, 62, -81, 55, 19, 15, 17, -42, 54, 23, -64, -84, -20, 91, -46, 2, 48, -21, 63, -64, 65, 90, -2, -100, 50, 53, 63, -31, 3, 88, 43, -49, 12, -43, 37, 90, 78, -75, -72, -63, -9, -90, 15, 50, 11, 90, 69, -78, 18, -71, -83, 26, -50, 2, -33, 66, 18, 72, 57, 63, 30, -14, -32, -12, -48, -90, -85, -14, 59, 34, 77, 41, -76, 66, 15, 85, -12, -45, 35, 40, -14, 23, -82, 34, -95, -3, 48, -63, -7, -74, -4, -95, 63, 9, -45, -96, -66, -79, -38, -22, 33, 39, -10, -2, -96, -40, 95, 29, 52, 88, -41, -71, 97, -83, 95, 1, -78, -38, -87, -19, -50, -61, 81, 83, 43, -14, 36, -23, 87, -21, -64, -5, 2, -10, 64, 34, 82, -41, -13, 99, -6, 12, 55, 60, 39, -7, -49, 72, -5, -28, 20, 80, -60, -87, -56, 31, 69, -36, -22, -80, 71, -18, 83, -35, 75, 29, 30, 83, 23, 59, -51, 8, 12, -40, -56, 49, -72, -32, 28, 35, -33, 17, 61, -57, -85, -35, 53, -38, 12, -7, 92, -85, -98, 47, 28, 37, 47, -21, 79, -35, 76, -90, -96, -70, -26, -8, -22, -93, 32, 72, -70, -96, 14, -96, 22, -49, -91, 25, -67, 13, -65, -57, 19, 81, -20, 52, -84, -43, 62, -64, -85, -23, 16, -36, -88, -73, -83, -39, 9, -82, -17, 14, -39, 57, 100, 67, 18, 90, 87, 63, 81, -41, 16, -12, -11, 55, 16, 14, 15, -81, 74, -26, 69, -63, -44, 88, 54, -16, 40, 64, -94, 67, 17, -88, 29, -44, 26, -11, -72, -39, 26, 94, 62, 100, 3, -79, 63, 26, -64, -52, 43, 48, -4, 67, -1, -49, -19, -73, 87, 44, 29, 55, 100, 58, -12, 44, 45, 45, -81, 76, 65, -76, -94, -8, 27, -38, -11, -39, 25, -54, -11, 55, -21, -17, -87, -16, -12, 75, 32, -68, 86, 68, -4, -22, 73, 58, -97, 98, 80, -71, 3, -83, -99, -25, -71, -56, -95, -13, 34, 58, 67, 17, -18, 87, -15, 65, 74, -15, 3, 86, -75, 65, 39, -46, 94, -7, -75, 26, 15, -82, 53, 6, -33, 91, -90, 51, -20, -54, -21, 44, 100, -78, -92, 82, 94, -32, -34, 78, 38, -9, 85, 57, -24, 13, 48, 5, -86, -39, -89, 63, -73, 86, 4, -11, -81, 40, -94, 23, -36, -73, 8, 44, -63, -59, -10, -7, 50, 76, 24, 4, 71, -26, -21, 38, 34, 36, -27, -3, -52, 58, 70, -10, 38, -91, -20, -80, -82, -36, -63, -82, -14, 77, -84, -97, 3, 16, 48, -47, 10, -85, 29, -91, 9, -88, -82, 23, -33, -55, 23, -8, -8, -58, 2, -32, -12, 8, -72, 83, -70, 30, -22, 56, 81, -55, -96, 46, 34, -96, 50, 82, 98, 82, 82, -92, -93, 99, -48, -55, -10, -56, -99, -58, -49, -33, -97, 42, -35, -83, -80, -57, 53, -46, -15, 89, 62, -100, 0, -84, -54, 50, -71, 29, -77, 9, 21, 89, 92, -30, 26, 32, -74, 90, 12, -24, -31, -70, -47, 5, -62, -49, -82, 16, 50, 94, 55, -77, 24, 42, -100, 34, -26, 43, 78, -98, -39, 15, -1, -87, -36, 9, 85, -31, -3, -63, -41, 26, 36, 67, -70, 93, 84, 80, -93, 74, 70, 78, -36, -28, 51, -14, -13, -95, 18, -20, -8, -31, -87, -35, 38, 20, 54, -39, -95, -71, -25, 80, 40, -85, -85, -25, 50, 22, 22, -64, 14, -95, 35, -43, 23, -27, -95, 22, -10, 46, -65, -89, 54, 66, -44, 43, 39, -28, -61, -16, 82, 49, -22, -73, 24, 1, -27, -52, -22, -94, -83, -2, 67, 20, -10, -63, 81, 25, 91, 28, -61, -88, -53, -89, -71, -58, 9, -80, -99, -68, 60, 91, 83, -50, -45, -16, -15, -88, -94, 3, -89, 57, 84, 68, -49, -5, 15, 15, -52, -17, -23, -38, 66, 78, 31, -32, 57, -94, 66, -46, -54, -52, 27, -38, -45, -10, -38, 85, -8, 67, -10, 45, 33, -37, 42, 66, -38, -54, 21, 40, 84, -96, -20, 80, 70, 40, -85, -83, -100, 15, -43, -14, -99, -100, 25, -1, -63, -42, -25, 92, 3, 44, -98, 28, -96, -80, -50, -2, 22, 12, 35, -35, 68, -77, 80, 70, -5, -63, -57, 12, 68, -93, -35, 16, -92, 48, -15, 47, 43, 85, -52, -83, -41, -80, -49, -72, 25, 53, 27, -93, 69, -86, -43, -17, -93, -81, 96, 39, -18, -15, -4, -43, 9, 16, 90, 87, 83, 24, 70, -67, 12, 42, 57, -34, 100, 76, -55, -21, 3, 79, 70, -5, 4, -62, -24, -87, -3, -10, 76, 39, -65, -25, 64, 95, 55, -72, 93, 16, -41, -20, 11, 22, -26, -66, -2, -35, -98, 15, 55, -17, -85, -25, -18, 80, 86, 7, -1, 24, -48, 30, 57, -24, 1, 3, 20, -76, 56, 54, -82, -44, 50, -45, -62, 78, 79, 96, 28, -26, -91, 45, -42, 35, 22, -38, -84, -6, -14, 7, 39, 31, -88, -87, -9, 42, -78, 80, 18, -58, -7, -39, 79, 30, -65, 5, -92, -3, 66, 67, -90, 90, 41, -57, 70, 40, -38, 77, 21, 36, -40, 24, -72, 19, -41, 35, 56, 17, 61, 20, 90, 49, -47, 12, -39, 81, 31, -48, -13, -26, -59, 99, 33, -1, -86, 80, -79, 73, -14, 34, -41, 83, 35, -87, 20, -9, 35, -100, -63, 20, 63, -15, 99, 100, -28, -72, -42, -89, -41, -77, -27, -43, -47, -70, 57, -54, 14, -44, 75, 82, -80, 25, 27, 96, -45, 13, 96, 4, 17, -69, -44, -90, -81, 62, -28, 53, 90, 26, 35, 12, -39, -33, 45, -15, 77, -90, 13, -72, 33, 21, 37, -82, 4, -42, 99, -48, -44, 46, 92, -14, 45, 46, -44, -16, 55, -98, -38, -31, 32, -16, -53, -41, 80, -1, -73, -54, 57, 14, 76, 94, 6, -76, -2, 14, -2, -72, 45, 91, 20, 13, -85, -30, 25, 53, -10, -36, 66, -16, 48, -25, 32, 59, 32, 34, 80, 62, -77, 92, 42, -38, 2, 79, 52, -97, -54, -18, -31, -42, 69, 82, 95, -50, 66, -97, -32, 42, 93, -54, -63, -44, -46, 76, 73, 29, 81, -89, 62, 28, 62, 36, -32, 8, 4, 53, 13, 16, -71, 66, 68, 13, -62, 67, -91, 69, -91, 98, -31, -38, -58, 73, -90, 15, 30, 52, 86, -29, 40, -86, 83, 76, -29, 49, -74, -43, -29, 21, -74, 77, -45, -78, 57, -62, 65, -15, 86, -82, -10, 82, 80, -63, -40, -37, -42, 23, -31, 48, 91, 78, 81, -4, 57, 88, -100, 37, 19, 13, -72, -57, 1, 51, -87, 5, 2, 15, -10, 89, 27, 74, -93, -12, -95, 40, -80, -58, -94, -15, 79, -58, -77, -80, -38, 53, -91, -58, -72, -36, 79, -57, -48, 57, 61, 79, 73, 68, 65, -66, 15, -3, 45, -33, 74, 82, 86, -82, 89, -41, -9, 75, 52, -30, -98, -81, -39, -32, -92, 87, -87, 87, 28, 43, -58, -99, -81, -88, 4, 74, 34, 16, 63, -62, 37, 51, -31, 34, 15, -20, 13, 100, 89, 90, -41, 70, -39, 59, -31, 68, -44, 82, 81, -11, 8, -80, -46, -31, -14, 93, -5, 19, 78, 28, -1, -15, 93, -72, -90, 7, 26, 67, -49, -56, -80, 71, -13, -41, -30, 51, -53, -28, 1, -61, -51, 75, -57, 0, -27, 97, 31, -81, -15, -25, -62, -59, 47, 11, 43, 22, 92, 28, -63, -86, -55, 26, 70, 66, -77, 27, 9, 78, 96, 40, 63, 80, 22, -30, -87, 47, -26, 74, -20, 70, -63, -98, -68, 81, 67, 49, -91, -90, -53, 76, -37, -93, 87, 93, 97, 67, 46, 54, -75, -4, 80, 44, -5, -53, -61, -60, 74, 74, 13, 43, -82, 54, -34, -85, -36, 4, 12, 77, 81, -52, -49, -71, 37, -83, -75, -82, 25, -48, -69, -73, -35, -43, 23, -55, -89, 35, -18, 92, 32, 95, -19, -3, 73, 32, -60, 79, -7, 56, -33, -7, -73, 23, 46, 9, -90, -47, 59, -87, 34, -33, -68, 62, 72, -20, 64, 33, 6, 54, 29, -29, 8, -11, -63, 29, -81, 72, 48, 96, -52, 38, 13, -2, -80, -9, -20, -27, 75, -67, 41, -5, 86, 82, -36, 42, 18, -48, -74, -29, 43, 96, 89, -71, 32, 39, 94, -49, -14, -86, 49, -72, -49, -43, -10, 75, 88, 97, 42, -51, 10, -34, 34, 36, -90, -36, 78, -42, -94, -62, 100, -58, -27, -57, 58, 3, 71, -62, -90, 22, 70, -45, -37, -11, 2, 20, 66, -97, 44, -34, 76, -3, 78, -7, 45, -25, 82, -72, 97, 14, -36, 79, 82, -71, -40, -19, 14, -69, 46, 62, -67, 83, -1, -98, 81, -78, 13, -83, 92, 60, 85, -63, -83, -66, 9, -58, -11, -87, 70, -89, -44, -4, -78, 16, 51, 41, 59, -71, -88, 23, -35, -77, 6, 1, 26, 22, 7, -40, 21, -37, -86, 26, -99, -30, -16, -52, 29, -23, 75, 63, -22, 18, 20, 14, -76, -64, -31, -16, -3, -55, -63, 84, -18, 46, 89, 22, -38, -73, -33, -16, 74, 68, 13, -65, 80, -59, 71, 86, -29, 89, -53, 75, 45, -29, -5, -70, -76, -75, -14, -45, -51, 52, -73, -1, -100, -9, 85, 4, 6, -80, -76, -41, -38, -14, -98, -28, -27, 63, -2, 1, 67, -67, -1, 9, 0, -15, -30, -26, -4, 93, 4, -63, 75, -66, 45, 64, 40, 97, -38, 49, 59, -21, -47, 48, 80, 5, -9, 14, 69, -61, -41, -47, 22, 99, 78, -20, -73, -88, 37, 73, 82, -45, -79, -35, 81, -48, -34, 82, 63, 88, 19, 60, -20, 84, 50, 19, -68, 65, 5, 77, 88, 71, 40, 69, -73, 11, -29, -87, -7, -17, 90, 49, -38, -8, 19, 76, 7, 97, 3, -4, 23, -85, 18, 98, 33, -6, -32, -29, -33, 98, -92, 78, -84, -45, -8, -73, -55, 41, -39, 89, -8, 57, 5, -76, 14, -87, -64, -42, 11, 53, 93, -65, 25, 2, -80, 56, -10, -85, 86, 35, 68, 73, 74, 14, 9, 66, 14, 82, 47, -66, 60, 52, -23, -30, 12, -67, 69, 37, 15, -16, -2, -94, -63, 60, 14, -50, -28, -33, -19, 87, -66, -27, -63, 91, -43, 37, -34, -57, -9, 90, 56, -60, 10, 53, -20, 77, 91, -17, -76, 58, -78, 64, -40, 37, -49, 22, 68, 26, 0, -52, -23, -68, -14, -19, -81, -66, -20, -44, 73, -11, 56, -52, -89, 43, 81, -2, -24, 22, -95, 55, 1, -25, 71, -47, 51, -89, -75, 86, -66, 20, -2, 79, 42, 39, -33, -67, 87, -64, 37, -6, 15, -28, 24, -53, 1, -79, 25, -8, -16, 43, -85, -11, -62, 52, -58, -22, 22, 53, 8, 47, 40, 71, 100, 23, -12, 41, -79, -42, -96, 80, 62, 91, -96, -39, 28, -28, -21, 93, 54, -3, 86, 34, 12, -100, 18, -41, 59, -5, 41, -96, -79, 91, 16, -63, -3, -71, -6, -12, -48, 37, -66, 76, 84, -98, -31, 42, 21, -58, -96, 27, -50, 24, 55, 22, 12, 43, -97, -94, -47, -50, -62, -8, 36, 13, 78, -9, -71, -82, -13, -37, 62, -5, 88, -82, 13, 62, -37, 32, -66, 69, 74, 56, -88, 52, 15, 96, 49, 14, 74, 92, 71, 26, 0, 64, 32, 2, -97, -63, 3, -40, -38, -40, 29, 41, -31, 62, 73, 91, -80, 66, 8, -29, -34, -93, -43, 13, 99, -69, -89, 47, 81, 62, 20, -66, -86, 0, -88, 25, 87, -46, -2, 78, 28, -80, -80, 67, -9, -28, -38, 1, -53, 87, -33, 97, -53, 1, 37, -53, 19, 19, -99, 44, -55, 71, 31, 56, 0, 76, 28, 53, 4, 52, 85, 26, 18, -24, -66, 37, -68, 6, 96, 18, 100, -78, -48, 77, -60, 38, 27, -60, -90, 48, -93, -93, 65, -53, -38, 54, -43, -75, 72, -72, 54, 69, -26, 62, 68, -59, 4, 29, -6, -92, 93, 71, -16, -55, 75, -9, -50, -59, -76, 5, 46, -24, -48, 1, 43, -94, -63, -37, 16, 47, 37, 1, 55, 99, 88, 75, 56, -15, -11, 48, -8, 40, 34, -87, -52, 6, 80, -49, 33, 22, 45, 28, 88, -52, 79, -64, -39, -27, -22, 38, -74, 3, 61, 97, -50, 61, 14, -80, -67, 96, 62, -60, 48, 33, 5, 58, -92, -58, -89, 78, -61, 53, 57, -63, -65, -42, -82, -88, -90, -20, 21, 91, -100, 94, 70, -80, -15, -94, 78, -76, 46, -95, -41, 15, -64, -37, -30, -69, -55, -34, 9, -50, 24, -1, -61, 33, -98, 53, -65, 100, -76, 47, 43, 61, -57, 54, 26, -71, 31, -67, 24, -61, 23, 68, -7, -18, -26, -92, 92, -50, 36, 96, 29, 100, -75, -22, 70, -73, 5, -2, 30, 39, -80, -19, -30, 57, 39, -22, -55, 49, 70, 91, 95, -85, 2, -1, -29, 13, 44, 66, 43, -41, 5, 87, 91, 26, -21, 70, 51, -76, -39, 40, 96, 67, -15, 9, 57, 50, -48, -85, -70, 43, 7, 3, 91, -90, -64, -93, 14, 69, -10, 36, 9, -85, 32, 41, -94, -37, -52, 4, -100, -53, -16, -10, -50, 30, -96, -35, 50, 31, -84, 32, -5, -100, -55, -70, -15, -26, -29, -24, -36, 11, -50, 68, 60, 57, 95, -94, 39, -23, -59, 10, 74, -29, 16, 56, 97, 10, 72, -12, 16, 79, 59, 35, 56, 88, 53, -17, 40, 20, -85, 42, -50, 3, -80, 74, 26, 21, -95, 42, -39, -77, 88, 60, 98, -69, -67, -45, -81, 69, 97, 92, 11, -44, 49, -18, -43, 43, -65, -48, -70, 51, -41, -6, 96, -41, 30, -24, 86, 13, -23, -84, 99, -53, -16, -55, -2, -14, -3, -82, -32, -65, 85, -86, 47, -45, -92, -99, 3, -14, 78, -92, -64, 37, -25, -61, 66, 41, 87, 88, 93, -71, -60, 95, 33, -57, 11, 99, -6, -36, 44, -75, 64, -55, 61, -24, -75, -93, -53, 10, 8, 14, -28, 24, -84, 73, 36, -13, -38, 100, -26, 63, -80, 76, 79, 17, -53, 37, 80, 12, 24, -73, 17, -62, 58, 0, 25, -66, -85, -33, -36, -8, -92, 30, -16, 11, -66, -78, 34, -35, 73, -46, 94, 63, -79, 43, 18, -29, 99, 6, 81, 64, 64, -64, -96, -53, -49, 74, -25, 78, -66, -65, 67, 10, -48, -82, 20, -45, 45, -44, 86, -88, 24, 31, -58, -62, 20, 6, -75, 4, 38, 98, -42, -3, -50, 87, 45, -74, -49, 28, -97, 82, 34, 76, 62, 20, 40, 70, 72, -22, 7, -58, 15, 60, 74, -31, -23, 10, 36, 66, -89, -54, 51, -27, 99, 12, 69, 57, 50, -89, -81, 24, 1, 80, 23, 45, -79, -59, 52, 81, 8, 1, 8, 12, -71, 81, -18, 99, 33, 58, 14, -23, -28, 82, 6, 93, 56, -62, -98, -24, 51, 86, -36, 71, -23, -78, -18, 56, 80, 52, -38, -70, -62, -1, 7, -12, -5, -60, 88, 13, 48, 89, 92, 75, -67, 93, 53, -47, -37, 10, 57, -80, 2, -22, -55, -33, 4, 86, 60, 95, 34, -69, -32, 58, 19, -67, -66, 14, 61, 15, 90, -62, -98, 0, -58, -38, 88, 76, -75, 71, -26, -25, 55, 66, 2, -39, 73, 10, -28, 59, 69, 72, -81, 83, -6, -32, 99, 20, 15, 78, -40, 65, 33, -7, -13, 44, 4, 16, -33, 63, -9, 67, 71, -45, -24, -71, -96, 18, 90, -39, 13, -98, -94, 60, -28, 52, -50, 25, 60, -35, -37, -89, 88, 4, 57, -57, 15, -58, -5, -27, 11, 76, -97, 4, -65, -41, -34, 88, -77, 58, 44, 71, 8, -8, -63, -14, 79, -20, 73, -59, 44, -69, 97, -71, 73, 2, -81, -17, -94, 41, 94, -21, 100, -49, 14, -50, 12, 21, -23, 42, 18, -40, -5, 79, 87, 37, 31, -1, -4, -8, -7, -20, -45, 27, -89, -43, 57, 24, 21, -23, -79, -9, -70, 92, 99, 42, -10, 6, -84, -54, 23, -8, -7, -32, 12, -41, 49, -12, -7, -2, -5, -71, -4, -14, -92, 29, 34, -34, -25, -50, 21, -27, 40, -99, -68, -45, -81, -57, -78, -48, 74, -49, 11, -65, -33, 40, -14, 51, 26, -85, -38, -17, 22, 35, 44, 26, -37, 55, -70, 27, 14, -33, -62, 68, 62, -26, 17, 68, -21, -13, -71, 97, -97, -10, -21, 78, -45, -96, -49, 20, -75, 84, -72, 65, 38, 83, -9, -97, -49, -36, -91, -47, -81, 24, -26, 23, 25, 16, 83, -97, 81, 3, -42, 46, -73, 36, -66, 28, 69, -84, -83, 76, -7, 40, 38, -51, -28, -35, -90, -47, 51, 60, -32, 45, 32, -76, 16, 65, 23, 19, -85, -94, -53, 83, 42, -67, 18, -61, 68, 37, -38, -30, 3, 23, -29, 47, -55, -44, 63, -38, 93, 0, -56, 55, 34, -37, -58, 51, -60, -60, 93, 33, -75, -1, -24, 65, -38, 36, 89, -10, -79, -77, 67, -6, -28, -55, 5, 76, 45, 17, 26, 20, 90, 67, -20, 13, -23, 68, 68, 88, -76, -40, 50, -32, -61, 44, -86, 90, -74, -97, -34, 90, -13, -86, -44, 40, -92, -33, 69, 5, -7, -20, -97, 67, -42, 55, -51, -62, -63, -73, 46, -95, 93, -77, 78, 96, 30, 43, -22, -100, 91, -56, -83, -31, -22, 50, 24, 57, -27, -27, -13, 64, -42, -43, -62, 76, 4, -7, -75, -94, 41, -2, -78, -69, -45, -88, -75, -1, -65, -52, -23, 2, 54, -36, -9, 48, 86, -10, 10, 21, 63, 24, 2, 99, 44, 46, 76, 74, 43, 34, -33, -71, 30, 53, -67, 4, 97, -14, 25, -81, 46, 2, -12, 67, 52, -93, 8, 40, -84, -99, -83, -85, -33, 45, 43, -18, -13, 8, -33, 35, 49, -99, 75, 13, -55, 23, 98, -38, -98, -31, 6, 26, 20, 60, 93, 2, 86, -77, -53, -60, -22, -52, 72, -63, 91, 34, -69, -48, 40, 11, -89, 76, -44, 56, 18, 55, 59, -85, 76, -67, -76, 44, -62, 72, 44, -43, 93, 0, -46, 21, 35, -50, -22, -46, 65, 35, 16, -18, 65, -6, 62, -13, -68, -11, 97, 24, -44, 31, 95, -90, -45, -40, -2, -35, -83, -52, 35, 44, 49, -83, -4, 63, -63, 76, 46, 21, -90, 41, -33, 11, -71, 69, -32, -26, -69, 60, -38, -55, 70, 21, 99, 98, -7, -73, -50, 99, 33, 81, -61, -66, 74, 15, 77, 7, 70, -18, 61, -16, 36, -21, -92, -98, 30, 88, 63, 35, -38, 76, 5, 93, -39, -34, -17, 88, 25, -77, 22, -12, -56, 15, -89, 80, 19, -86, -79, -31, -81, 50, -98, -61, -75, 30, -94, 51, -94, 17, 57, 54, -20, 54, 62, -90, -44, -35, -7, 92, -45, -49, 90, -38, -43, -18, 78, 33, 59, -45, -80, 11, -29, -93, -17, 48, 49, 26, -73, -49, 7, 31, -88, 23, -23, -65, 44, -66, -40, -44, 43, -9, 30, 17, -26, -32, 83, 1, -66, 14, -35, -82, 69, -100, 43, 80, 94, 32, 40, -21, 2, -25, 2, 68, -48, 71, 30, -7, 37, 31, -2, -3, -28, 31, 52, 10, -80, 26, -12, 13, 6, 91, -14, -20, -56, 74, -34, 61, 7, 80, -74, -84, 65, -66, 80, 14, -28, -90, 87, -40, 2, 88, -84, -92, -29, 35, -52, 91, -33, -48, 92, -11, 93, 4, -35, -82, 68, 7, 46, -25, -56, 59, -17, 96, -98, 1, -19, 80, 0, 49, 84, -67, 49, 54, 7, 19, -10, -64, 56, -62, -52, -12, -58, -2, -28, -22, 73, 16, -88, -31, -18, -67, -4, 2, 28, -62, -5, 88, -73, -20, -98, -5, 32, 91, 47, 84, -30, 96, -30, 32, -11, 29, -76, 38, -4, 4, -40, 77, -41, -41, -63, 0, -74, 16, -41, 3, 38, -7, 48, 4, 26, -41, -87, 51, 19, 52, 72, -10, 52, -12, -62, 87, 86, -16, -54, 88, 74, -78, -94, 66, 7, -14, -8, -4, -7, 82, -45, 94, 66, 46, 68, -96, 84, -44, -6, -88, 18, 18, 73, 62, 46, 35, -25, -5, -8, 77, -28, -55, -100, 51, -13, 19, 87, -53, -87, 52, -73, -73, 6, 33, 1, 89, 69, -44, -24, 59, -69, 93, -44, -70, 96, -48, -70, -83, -59, -99, 67, -67, 65, 79, -83, -73, 83, 26, 66, 27, -55, 22, -9, 40, 38, -44, -5, 97, -38, -39, -23, 28, 45, -94, 27, 0, -61, -44, -57, -31, 72, -11, -91, -59, 67, -1, -32, -32, 75, -46, 52, -39, 14, 24, 0, 0, 71, 65, 76, -2, 97, 18, -56, 42, -29, 34, 82, -13, 30, -30, 22, -13, -96, 74, 69, 61, 26, 99, 0, -97, -100, 96, 7, -2, -34, -6, -24, 23, -100, 74, 24, 59, -34, 16, 68, -49, -9, -90, -26, 14, -30, -82, 6, -54, 38, 97, -76, 52, -99, -15, 78, -2, -44, -60, -56, 51, 47, 8, 29, -11, -66, 8, 44, -21, -3, -65, 30, 22, 74, 35, 52, 58, 45, 54, 37, -36, 65, -54, -39, 55, -88, 34, 27, 19, -69, -88, -11, 90, -26, -77, 19, -57, -5, -15, -4, 22, -97, -94, 52, -16, -69, -31, -19, -12, -71, -39, 89, -35, 8, 80, 26, -41, 59, -6, -15, -13, 44, 8, 83, 72, 88, 85, 42, -99, 31, -92, 76, 15, 28, 24, -88, 30, -49, -77, -46, 18, 64, -79, 37, 20, 71, 16, 67, 69, 5, -84, 33, -55, -4, 60, -50, -81, 75, -45, -97, -31, 35, -57, -80, -83, 29, 88, -4, 49, -73, 89, -87, -14, 19, -20, 19, 21, -46, -61, -42, 57, 90, -89, -70, -20, -23, 87, -28, -56, 50, 22, 80, 36, -3, -45, -90, -86, -15, 25, 94, 1, 80, 98, 22, 37, 51, 25, 19, 48, 87, 77, 42, 17, 48, 63, -47, 88, -66, 25, -20, -42, 99, -72, 34, -69, -48, 90, -76, -69, 26, 79, 46, 12, -74, 79, 36, -94, -13, 40, 73, -73, 67, -8, -41, -21, 82, 47, -99, 30, -50, 9, 92, 70, -13, -70, -11, 71, 38, -21, 3, 27, 100, -90, -72, 57, -99, -75, 58, -85, 93, 24, 69, -65, -96, 80, 89, -39, 15, -58, 25, -82, -4, 81, 39, -98, -93, -24, -29, 57, 22, 8, 18, -15, 11, 27, -70, 30, 95, -59, 47, -45, 72, 44, 93, -40, -49, 17, 12, 100, 79, 100, 27, 80, 70, -13, -77, 61, 18, -39, -20, 37, 72, -7, -52, -73, 68, 6, 47, -42, 15, -69, -24, 80, 37, -42, -78, -47, -90, -38, 90, -12, -16, -53, -6, 65, 57, -94, 25, -98, 30, 80, -82, 81, 18, -73, -88, 85, -92, 30, 34, -2, 73, -74, 49, 64, -14, -42, -76, -96, 1, -39, 71, -60, 0, 31, 62, 73, -59, -71, 21, 17, -73, -62, 44, -61, -41, -42, 4, 67, -73, -46, 73, 55, 93, -44, 98, 62, -63, -80, 10, -20, 53, 16, 3, 40, -66, -72, -91, -5, -34, 4, 65, -79, -82, 33, 60, -5, -65, -10, 60, -63, -93, 22, 61, 11, 13, 69, -92, -26, -4, 18, 59, 5, -44, -66, -65, 21, 32, 78, 71, -73, -3, -48, 11, 57, 99, 39, 22, 7, 5, 31, 76, -19, -7, 53, -15, 55, 23, -50, 34, 37, 52, -26, 28, -41, -79, -56, -36, 69, 69, -75, 62, -49, 16, 92, -6, -47, -40, -94, -3, -43, 34, -35, 32, -45, 1, 96, 73, 92, -8, -100, 18, 100, 37, 7, -18, -59, -17, -93, -5, 69, 67, 44, 46, -37, 94, -49, 66, 21, 2, 50, 93, 13, -80, 48, -11, -74, 18, 21, 57, -99, 89, -36, 86, 9, -90, -54, -47, 39, -86, -54, -63, 46, -37, -75, -43, -100, 24, 83, -59, 35, 55, 40, 21, -42, -84, 50, 37, -80, 64, 65, -90, -25, 97, 74, 28, -100, 90, 36, -24, 39, 34, -19, 3, 71, -32, -1, 44, 18, -93, 19, -89, -36, -45, 34, 75, 79, 70, 91, 49, 18, -69, 97, -25, -33, -31, 46, -100, 29, 13, -63, -47, 31, 17, 63, 14, 16, 81, 100, 83, 81, 94, 4, 96, -70, 0, 93, 75, -98, 96, -53, -31, -2, 62, -51, 32, -12, -98, 82, 68, 42, 9, 5, -28, 99, -42, 87, 83, -19, -36, -95, -7, 18, -25, -96, -67, -59, -54, 61, -37, -24, -68, 35, 41, -99, -25, 47, -48, 10, -73, 84, -11, 16, 16, -93, 41, 90, 76, -78, 13, -89, 34, -49, 27, -19, 72, -77, 91, 37, -85, 30, -40, 94, 28, -22, 82, 22, 87, 49, 80, -48, 94, 75, -23, 77, 99, 70, -74, 64, 75, 23, 56, 88, -85, 42, -59, 98, 77, 41, 45, -80, 73, -82, -49, 42, 60, -69, 51, 90, 0, -3, -28, -58, -38, 21, -33, -56, 30, 87, -88, -89, -100, 3, 91, -49, 55, 47, -57, 66, 60, -52, 27, -84, 40, -41, 31, -20, 20, -22, 5, 23, -37, 1, 11, 91, -14, 33, 73, -60, 6, 10, 73, 4, 3, 79, -15, 48, 23, 73, 27, 79, -56, -59, -16, 73, 9, -85, -28, -95, 35, 32, 76, 8, 31, -89, 46, -48, 72, -11, 73, 8, 92, -33, -84, -83, 25, 55, -31, 82, 93, -56, -87, -31, -42, 36, -60, -93, -71, -41, 14, -6, 35, 95, -59, 31, -31, -37, -93, 60, 72, 48, 48, 56, 73, -61, 55, -80, 2, -93, 84, -100, 65, 30, -2, 19, 51, -48, 17, 73, 80, -20, -82, -57, -72, 64, -6, 73, -98, 58, -46, 83, -77, -42, 3, -74, -67, 10, 6, 40, 10, -31, -50, -12, -50, -94, 68, -13, -53, 85, -69, 35, -64, -40, -43, 51, -80, 98, -72, 36, -84, 19, -81, -51, -98, -38, -99, -57, -26, -88, 98, -98, 96, 88, -98, -58, -18, 0, 2, 68, -5, -53, 42, 48, -66, -52, 33, 21, 86, 49, -41, 6, -48, -62, 91, 98, 73, -11, 100, -17, -54, -15, 85, 67, -85, -26, -70, -94, 43, 61, 44, 50, 36, 2, 43, 3, -24, 5, -7, -2, -20, -22, -50, 60, 99, 62, -34, -92, -75, 10, 74, 37, 10, -34, 67, -96, -45, 45, 65, 93, -26, 43, -74, 80, -20, -27, -26, 47, -23, -35, -19, 57, 17, 67, -82, 1, -72, -100, 90, -59, -10, -11, 0, -44, -57, 80, -55, 39, -93, -22, -60, -21, 93, 38, -42, 70, -9, 88, 77, 10, -23, 13, -67, 74, -55, -43, -63, -87, -82, 24, 68, 7, -91, -20, 15, -85, -92, -1, -27, 36, -48, 22, -5, -69, -70, 9, -84, 22, -84, -35, -9, 84, -29, 36, -11, -8, -90, 61, 11, -13, 66, 34, 58, -30, -36, -29, -55, -100, 40, -19, -81, -55, 36, 55, 52, -4, -74, 54, -34, -19, -25, -8, 87, 14, -13, 46, 87, 7, -39, 7, 58, -45, -73, -65, 51, -10, 67, 17, 9, 86, -1, -61, -95, 55, 90, -15, 7, -75, -79, -1, -91, -16, 18, -49, -87, 47, -18, 9, 43, -93, -48, -2, -1, -66, -89, 57, 34, 92, 2, -55, -55, 63, -34, 4, -11, -87, -54, -20, -42, -73, -97, 82, 39, -83, -61, -21, 22, 33, 79, 49, 89, 38, -15, -25, 12, -48, -89, 55, -98, -24, 82, 43, -2, -43, -40, 65, -51, -44, -51, -86, -80, -67, -73, 23, 34, -35, 45, -32, 74, -16, -30, -61, 71, 62, -20, 80, -61, -13, 31, -17, -89, 70, -97, 76, -95, -40, 5, 88, 34, -74, -62, -22, 74, 57, 80, 59, 34, 10, -76, -81, -15, 71, 34, -39, -27, 8, -27, -99, -9, -71, -66, -67, 34, -42, 34, -56, -67, -21, 84, -81, 81, 20, 52, 38, -35, -30, -29, 61, -57, -27, 73, -84, -8, 61, -70, -42, 96, 28, -6, -36, -52, 43, 91, -78, 72, -48, -18, -24, 39, -35, 56, -98, 84, 53, -92, 59, -11, 65, 78, -17, 18, -94, -58, -40, -11, -23, -44, -32, -75, -94, 43, 73, -29, 64, -73, -56, 12, 60, -46, -43, -81, 69, 33, 8, -53, -87, -65, -47, -65, -89, 67, -29, -90, 68, -32, 76, -2, 51, -33, -3, 92, 41, 12, -52, 4, 8, 61, 98, -44, 85, -96, -22, 75, -65, -59, 38, -41, -81, -51, -74, -24, 41, 9, -6, 26, 11, 15, 72, -20, 66, 99, -62, -38, -97, -59, -12, -86, -29, -61, -56, -92, 30, 43, 95, -25, 98, -33, -54, -94, 28, -89, 43, -88, -70, -76, -77, -45, 76, -77, -28, -3, 51, 34, 87, 99, 75, -85, 56, 57, -59, 59, -92, -13, -26, -29, 99, 79, 14, -79, 42, 12, -16, 93, 31, -15, 45, 3, -80, -59, -51, -17, 1, 25, 94, 35, -88, -99, 91, 37, 47, -38, -22, 88, -93, 37, -43, -23, 64, 32, 23, 71, -49, -76, 80, 53, -74, -1, 39, -94, 18, -79, -26, 91, 37, 75, 89, -51, 50, 88, -19, -10, 21, 63, -23, 70, -81, 23, -20, -48, 57, 21, -72, -59, 2, 47, 46, 84, 58, -72, 39, 1, -69, -31, 51, 6, -59, -7, 19, -71, -65, 10, -23, -49, -100, -55, -8, 71, -62, -53, 73, -86, 41, 22, 23, -44, 91, -65, 67, 44, -93, -21, 13, -82, 49, -76, -85, -98, 82, -4, -6, -96, -56, -52, -52, 65, 33, 74, -4, 33, -77, -56, 95, -82, 11, 83, -96, -44, 36, -10, -10, -16, 50, 30, -2, 94, -50, -8, -72, 56, -48, 48, -95, 43, -18, 5, 66, -51, 18, -25, -62, 81, -22, 32, 47, -31, -16, -6, 73, 61, 46, -15, -44, -28, 2, 71, -98, -89, 69, 21, -58, -67, 23, 0, 52, 67, 29, 100, 21, -29, 68, 78, 3, 47, -61, 63, 37, 53, -60, 93, 51, -53, 98, 11, 41, -64, 92, -51, -68, -30, 92, 2, -38, -78, 69, -19, 36, 63, -81, -75, -78, 71, -89, -2, 65, 29, 13, 95, -54, 20, 37, -78, -98, -94, -9, -63, 94, -87, -50, -41, 22, 11, 16, -14, -32, 100, 74, -98, -4, 66, 92, 2, -38, -9, -63, 90, -15, -89, 80, 12, 7, 72, -71, 82, -12, 39, -65, -65, -35, 20, -51, 36, 16, 75, -65, 6, -78, -11, 86, -28, 89, 26, 94, 26, 30, 12, -7, -96, 89, -47, 40, 24, 74, -51, 50, 60, -60, 33, -75, -9, 48, -73, 56, -30, -30, 1, 26, -9, 65, -94, -69, -31, -19, -88, -1, 78, 60, 47, 51, -33, 14, 56, -78, 47, -60, 65, -83, -49, 68, -70, 44, 1, 81, 59, -29, -17, 22, -34, 19, 7, -41, 40, 99, -39, 27, 18, 19, -3, 29, -77, -41, -8, 27, -87, 13, -91, -62, -31, 24, -86, 6, 25, -39, -67, -69, 13, 53, -91, -7, -39, -53, 22, 41, 25, -70, -44, -35, 89, 40, -54, -5, 43, 25, 87, 30, -50, 75, 21, -59, 61, -28, -83, 69, 100, -3, -55, -86, -1, 79, -70, 56, 81, -54, -1, 89, 94, -46, 74, 77, 49, -25, -15, 93, 83, 79, 70, -98, 53, 10, 10, -61, 72, -84, 99, -47, 52, 52, 89, 36, 29, -7, 34, -65, 48, 7, 78, 51, -37, -53, 74, -23, 67, 54, 21, -15, -95, -82, 69, 86, 33, -54, 20, -82, -28, -44, 97, 42, 55, -18, -72, -59, 60, 48, 90, 3, -36, -21, 46, 75, -37, 67, -74, -35, -93, 67, 17, -4, 71, 61, 0, -52, 56, -13, -94, -92, 63, 55, -29, -56, 21, -90, 20, -99, -60, -25, -54, -30, -7, 16, -3, 42, 12, 70, -22, -36, -53, 79, -94, -8, 25, -60, 78, -50, 20, 69, 46, 60, -12, -38, 95, 44, -63, 28, -63, 92, -89, -49, 16, 2, 21, -43, 66, 87, 77, -88, 51, 45, 76, 34, -93, 39, -43, -81, 10, 2, 31, 27, -46, -19, 32, -42, -27, -42, -78, 40, 2, 74, 65, 1, -13, 58, -3, -39, 76, -15, -49, 47, -31, -41, -84, 39, -40, -4, -79, 16, -60, 100, 69, -92, 74, -23, -61, -51, 56, 10, -24, 32, 31, -8, 16, -31, 26, 46, -30, 43, 94, 40, 94, -40, 96, 98, -92, 42, 44, -42, 4, 96, -85, -22, -80, -55, 6, -36, -82, -34, 28, 62, -71, 0, -61, -78, 26, -88, 26, 74, -67, -76, -17, -44, -38, -1, -70, -12, -8, -97, -1, 22, -72, 100, -61, -68, 66, -12, 45, 27, 24, -52, 61, 92, -11, -87, 7, -20, -88, -52, 67, 95, 64, 90, -66, -32, 79, -22, -15, 28, -37, 73, 6, 43, 21, 66, 58, -100, -73, -16, -42, 10, -23, 68, 99, -57, 66, 38, -18, -56, 13, -71, 7, 87, -50, 31, -30, 63, -96, -17, -87, 97, 32, -17, -79, -90, -16, 80, -56, -83, 45, 69, 66, 85, -41, -4, 8, 21, -1, 58, 54, 95, -67, -54, 53, 73, 2, -69, 56, -82, 60, -15, -91, -100, 23, -97, -73, -36, 37, -72, -86, -67, -76, -30, 65, -19, -98, 34, -30, -68, 20, 11, 55, -26, 88, 32, 9, -89, 51, 48, 0, -66, -50, -69, 96, 82, 94, -22, 70, 97, -14, 40, -73, -34, -54, 14, 91, -16, -97, -15, 54, -58, 50, -32, 72, -45, 35, -46, 6, -73, -30, 85, -100, 26, 85, 93, -53, -36, -36, -57, -82, -4, -54, 85, 82, 43, -76, 60, -74, 22, 97, 77, -10, -49, -87, -58, 75, -58, -3, -40, -73, 86, 7, 71, 20, 19, 76, -78, 37, 86, -40, 34, -46, -1, 88, 0, 73, -65, -41, -28, -10, -55, 3, -43, 67, -33, -2, 72, -83, 19, 94, -64, -20, -28, 60, 31, 45, 54, 100, 33, -57, -44, -26, 94, -3, 28, -35, -39, -62, -74, -56, 53, -53, 37, -39, 80, 88, 45, 4, 65, -2, -97, -10, 33, -73, 41, -14, 2, -85, 38, -23, -28, -36, 90, -15, 68, 92, -17, -17, -78, -12, 14, -96, -16, -44, 41, -23, -99, -89, 99, 91, -53, 82, 26, -21, -43, -97, 97, 36, -6, -66, -28, -56, 10, -76, -19, 28, 63, -84, -9, -82, 100, 30, 20, 10, 37, -94, -25, -36, 16, -11, 88, 42, 29, -12, 16, 24, 96, 80, 96, -7, 22, 62, 91, -87, 80, 44, -23, 88, -20, 31, 26, 14, -15, -35, 55, 25, -76, 55, 73, 94, -18, -94, 23, -7, 44, 77, -42, 23, 32, -40, -64, -31, -18, -25, 38, -93, -44, 24, -39, 52, 16, 42, 64, 45, 54, 31, 92, 64, -46, -48, -67, -8, -71, 96, -39, 62, -63, -22, -20, 73, -41, -12, 98, -23, -61, -77, -76, -99, -48, 34, 52, -39, 70, -56, -30, -26, -28, -78, 38, 72, -85, -12, 99, -88, 82, 41, 72, 89, 93, 43, 85, -71, -76, 7, -11, -92, 93, 58, -64, -72, 60, 6, -29, 27, -15, -92, -45, -74, -52, -88, 71, 58, -55, 19, -59, -62, -17, -57, 42, -94, -61, -5, 86, 19, -29, 46, 4, -9, 64, -57, 86, 76, -76, 35, 100, 57, -43, -88, 85, -73, -32, -74, 37, 27, -44, 97, -55, 81, -28, -12, -81, 18, -38, 32, -48, -96, -14, 57, 41, 39, -37, -87, 34, -17, 57, -18, 5, 17, 86, -89, 3, -56, 49, -63, -68, 4, -88, -5, -26, 98, -14, -40, 32, 14, 18, -81, -21, -34, -87, -16, 57, 34, 41, -66, 12, -41, -78, 4, 18, -60, 89, 79, 88, -74, 57, -21, 80, -74, -93, 60, -45, -10, 4, -94, -57, -38, -4, -48, -40, 91, -94, -58, 31, 76, 40, -86, 19, 36, 2, -4, 62, 19, -59, 57, 67, 57, -75, -75, -54, -3, -39, 33, 98, 1, -76, 62, -28, 29, 52, 77, -86, 28, -22, -31, -48, 42, -85, 22, -90, -36, 78, 65, -13, 95, 47, -46, -75, 41, -100, 36, 28, -19, 71, -71, 63, 71, -88, 14, 90, 92, 3, -74, -79, 71, -75, -46, -26, -24, 93, -67, -98, -37, 51, 79, -71, -76, -18, 34, -64, -17, 43, -54, 53, -68, -46, 57, -53, -14, -35, 50, 76, 61, -13, -57, 32, -59, 81, -38, -68, -45, -52, 83, -39, -87, -51, -44, -10, -30, -4, -100, 67, -94, 54, -79, -63, -72, -83, -39, 56, 77, -59, 5, -38, -34, 61, -43, 1, -48, -37, 89, 95, 64, 51, 76, 60, 41, 36, -3, 36, -18, -19, -69, 38, -10, 13, -4, 12, 62, 89, -69, 41, 50, -50, 55, -66, -81, -69, -24, -54, -78, -42, -22, 31, 26, 19, -51, -51, 81, 52, 8, 37, -32, 69, -56, 31, -29, -58, 90, 33, -82, 20, 64, -86, -60, 69, 37, -22, -28, -33, 1, 9, 68, 81, -88, 65, -83, 62, -25, 49, 70, 33, -72, 61, -56, 17, 23, 79, -8, 94, 76, 84, 74, 11, -20, -84, -88, 96, -58, -1, 10, 44, -81, 3, 97, -83, -14, -60, -100, -93, 3, -4, 9, -29, -73, 20, 6, -85, -96, -54, -25, 92, 75, -20, -69, -31, -66, -15, -72, 83, 74, 35, 6, -41, -30, 18, 25, 56, -49, 29, 53, -22, 8, -10, 11, -83, -72, 94, 68, -17, -69, 21, 7, 9, -52, -94, 61, 94, 60, 2, -75, -91, 0, 4, 14, 17, 55, 4, 90, 75, -28, 40, -77, -86, 58, 75, 56, -25, -44, 31, -99, 92, 81, -60, 99, 63, -71, -49, -27, 61, 43, 38, 48, 95, -99, -59, -70, 22, -78, -30, -53, 62, 57, -30, -82, -92, -14, 36, -65, 25, 100, -91, 56, -80, -5, -49, -86, -19, 98, -21, 10, -31, -80, -8, 41, -56, -71, -46, -18, 56, 83, -65, -47, -29, 12, 19, 83, -2, 31, -60, 7, -47, 72, -48, 87, 28, -68, -25, 80, 77, -86, -67, -48, -45, -6, -81, -20, -44, 31, 52, 92, 45, 93, -29, -9, 33, 70, -18, -67, 62, -66, 29, 6, -61, -42, -78, 32, -2, 48, 25, 84, 86, 81, 20, 15, 47, -24, 55, 11, -83, -68, 49, -48, 80, 50, -46, -46, -27, 1, -48, -26, -64, 70, 60, -2, -29, -100, -85, 54, -16, -72, -27, -86, 10, 37, -31, -69, -33, 15, 46, -53, 59, -36, -74, 39, 4, 76, -19, 20, 39, 18, -65, -54, 73, 27, 61, 71, -69, -98, -31, -55, 59, 1, -65, 14, -35, 63, -95, -67, -73, -10, 81, 1, 35, 87, -46, 60, 40, -29, -85, 37, 84, 28, 82, 87, -89, 89, -43, 52, -11, 58, 30, -29, 57, 44, -80, 25, -46, 50, -85, -74, 38, 29, 18, 91, -64, 26, 58, -76, -46, 62, -12, -79, -58, -19, -87, -3, 60, -3, 1, -52, 87, -16, -26, -55, 21, 97, 11, -90, -84, -4, -4, 19, 22, 33, -52, 82, -60, 4, 56, -56, -89, 2, -61, -32, -53, 18, 61, -16, -87, -74, -60, 26, -45, 21, -30, 84, 47, -9, -75, 19, 38, 74, -63, 70, -100, -74, -13, 6, -32, 16, -14, -58, 94, 35, -41, -2, 35, 16, -50, 23, -71, 88, 45, -61, 53, -90, -90, 1, -47, 11, 38, -26, 18, -33, -83, 30, 90, -72, 97, 95, -55, 34, -91, 37, -94, 45, -36, -21, -35, -6, 94, 0, 64, -21, -26, -51, 68, -63, -73, 8, -13, -24, 65, 31, -38, -23, -35, 63, 87, -86, 48, -94, 47, -51, 48, 68, -67, -100, 57, -84, 66, -74, 54, -16, -40, 95, 23, -38, 76, 77, 8, 6, -21, 15, 8, -55, -75, -11, 37, 71, -72, -90, 73, -40, 71, -37, -19, -57, -62, -60, -23, -12, -15, 15, -34, 31, 77, -20, -70, -46, -56, 86, 69, 52, 63, 37, 94, 100, -58, -66, 37, -53, 23, -81, -82, -94, 59, -45, 2, -77, 98, 54, 17, 69, 28, 94, -27, 76, 91, 65, -96, 95, -97, -66, -53, 30, -6, 9, -89, -1, -15, -84, 32, 63, 2, -86, 6, -19, -41, -3, -45, -83, 43, -65, -95, -72, 30, 9, 21, 63, 58, -31, -5, -88, -99, -68, -98, -77, 7, -31, 8, 46, 98, -68, -85, -94, 61, 7, 53, 37, 73, -68, -29, 1, -94, -79, 52, 44, -10, -63, -39, -15, -35, -5, -59, -50, -66, -44, 49, -19, -86, 73, -58, 68, -16, -49, -82, -56, -72, -20, 97, 76, -88, -57, -37, 25, 63, -10, 94, -34, -75, 58, -45, 52, 61, -51, -68, 96, 5, -8, 64, 60, -94, -2, 0, 60, -7, -84, 100, 83, 3, 41, -68, 13, -45, 57, -12, -64, -91, -15, 22, -17, 85, 37, -31, 99, 95, 40, 86, 57, -59, 43, -15, 31, -89, -15, -100, 74, -33, 39, -42, 81, 48, -47, 63, 21, -7, 18, -71, 2, 48, -37, -79, 34, -17, 15, -80, -88, 39, -85, 19, -43, 22, -86, -13, 58, -11, -37, -32, 13, 66, -57, 89, 32, -60, -85, 3, 97, -41, -91, 83, -36, -61, 0, 86, -6, -44, 2, 92, 49, -48, 78, 77, 40, -91, 63, 21, -16, -18, 36, 93, -62, -78, -15, -7, -13, -72, 64, 96, -53, -36, 49, 62, 91, 45, -19, -74, 57, -81, 96, -37, 76, -40, 79, -83, -44, 62, 63, -23, -73, -59, 7, 70, 84, 69, -44, 76, -31, 24, 55, 94, -96, 46, 81, 12, 67, -61, -11, -9, 79, 90, 45, -66, -57, -43, 53, -76, -72, -72, -38, -47, -87, 65, -13, 24, 23, -58, 9, 32, 71, -92, -98, 0, 70, 83, 42, 38, -82, -51, 9, -55, 71, -8, 88, 65, 28, 25, -87, 31, 15, -17, 60, 88, -79, -14, -85, 41, -88, 53, 19, 41, 64, 47, -31, -78, 38, 74, 73, 68, -71, -17, 70, 4, -80, 27, -98, -66, -35, 46, 75, -14, 91, -85, -63, 100, -5, 45, -88, -55, -8, -67, -17, 58, 11, -30, 36, 5, 48, -62, -64, 63, -49, 2, 22, -76, -98, -28, -18, -50, 18, -51, -10, 46, -3, 33, -17, -79, 9, -12, -44, 55, 76, -73, -2, 23, -60, -46, -91, 32, -4, -29, -48, 14, -5, 31, -20, -17, 19, -74, 50, 59, 10, -4, -68, -13, 29, 5, 89, -78, -74, -68, -1, 67, -27, -20, -8, 22, -32, 55, 41, 75, 5, 24, 1, -1, -85, -12, -97, -26, -90, -24, -66, 74, -45, 63, 62, 59, 3, 60, 47, -23, -17, 77, 48, -62, -11, 11, 23, -23, 16, 93, 83, -70, 97, 79, 59, 44, -11, 87, -91, -78, 93, -50, -81, -38, 79, 65, -74, -37, 50, 50, -8, -6, -87, 13, -88, -39, -46, -49, -52, -92, 50, 83, -68, -10, -42, -15, 19, -78, 68, 56, -16, -27, 2, -55, -70, -81, -9, -40, 45, -88, -51, 10, -63, -20, -93, 94, -6, 62, 61, 47, 96, -69, -18, -23, -83, -15, -70, -100, 63, -34, 10, -20, -92, 34, 14, -60, 71, 7, -47, -91, -70, 62, -40, 69, 54, -55, -61, -63, 12, -87, -1, -27, 88, -43, -59, -50, 71, -82, -3, -48, 13, -40, -41, 70, -12, -2, 35, -3, 89, -50, 92, -63, -38, 7, -24, 89, 69, -78, 16, -14, -94, -100, -53, 17, -24, 100, -75, -65, -16, 0, -81, 65, 16, -48, 79, -86, -6, -32, -74, 30, -85, -26, -86, -71, 30, -84, 32, 90, -4, -61, -81, 18, 75, -43, -25, -98, 43, -69, -98, 79, 52, 75, 53, -79, -90, -67, 0, 64, 25, -42, -3, -28, -91, 42, 48, -93, 81, 98, -81, 42, -26, -48, 73, -47, 57, 73, 20, -7, 45, 55, -86, 91, 5, -54, 52, -99, 65, -84, -71, 46, -82, -61, -88, -84, 89, 10, -35, 70, 92, -26, -50, 79, 1, -30, -10, 12, -71, -57, -16, 68, -37, -19, -37, 9, 43, 98, -57, 40, 95, 70, -42, -48, -10, -44, -8, -59, -27, 22, -99, -42, -94, -93, 98, -48, -9, 10, 64, 88, 98, 46, 2, 25, -23, 1, -57, -56, -39, 97, 97, -24, 55, -13, 79, -53, 3, -100, 55, 51, -33, -36, 65, -36, -56, 71, -81, -69, 38, -59, -11, 66, 81, -22, -63, -54, 100, 59, -68, 46, 97, -79, 56, 38, 26, 68, -75, 87, -8, -78, -38, 19, -2, 77, -79, 27, -55, -75, -48, -57, -98, 94, 21, -57, 83, -48, 52, 91, -91, -59, -10, 82, 66, 4, 72, 73, 78, 62, -64, 14, 47, -57, -99, -30, -32, -65, -65, 49, 4, -97, -19, -42, -55, -65, 97, 47, 37, 61, 25, -43, -11, -5, 66, 93, 52, 13, -47, 33, -10, 29, 33, -18, -58, 67, 74, -43, 19, -8, -14, -23, 34, 44, 64, 66, -71, -20, 74, -68, 88, 52, 66, -12, -10, 57, 13, 41, -41, 39, 12, -31, 84, 24, -82, -95, -62, -3, 58, 49, -57, 89, -19, -38, 48, -7, 88, -53, -35, -25, 79, -86, -3, -96, -71, -40, 83, -75, 99, -55, -66, -63, 39, -54, 15, 58, -62, 55, 52, 70, 73, -10, -40, -34, 84, -36, -89, 99, 60, 37, 0, 33, 23, 56, 86, 43, 60, -70, 57, 60, -72, -20, 60, 29, 31, 44, -11, 47, -11, 98, 6, -62, 39, 93, 68, 48, 0, -65, 56, -8, 71, -73, 34, 81, 99, 14, 19, -69, -88, 68, 7, -60, 17, 66, 6, 50, -28, 41, -24, 85, -53, 2, 93, -59, -49, -60, -6, 65, -67, 91, 90, 48, 95, -67, -66, 4, -83, -46, -1, -23, -75, 61, 26, -43, 62, -15, 1, -31, -83, 14, 48, -79, -76, 65, 85, -71, -98, 34, 16, -30, 7, 29, -39, 2, 33, -33, -76, 46, 7, 19, 9, -66, -46, 25, 23, -18, -7, 18, -90, 98, -82, -39, 65, -3, 64, -59, 100, -100, 46, 8, -86, -64, -65, -16, 53, 63, -80, -33, -71, -90, 7, -40, -33, 31, -56, 19, 46, 58, 64, -33, 28, -50, 66, -37, -2, 4, 77, -11, -51, 46, 52, 57, 21, -18, -63, 59, 8, -32, 100, -41, 67, -90, 32, -43, 42, -49, 12, -29, -1, 18, -81, 15, -49, -64, 98, -6, 21, -8, -36, 3, 43, 100, -61, -96, -74, -34, -81, 95, -4, -60, 21, 29, 70, 51, 39, -39, -77, 96, 3, -44, -32, -10, 59, -10, 44, -32, 63, 65, -66, 97, -32, 15, -20, 90, -31, 91, -98, 2, 72, -23, -6, -50, 51, -46, 60, -82, -24, 85, -60, 79, 87, 6, -52, 91, -93, 13, -82, -6, 42, 20, -90, 13, 66, 93, -98, 29, 72, -30, -18, 12, 59, -84, -11, 18, 44, -10, 87, 28, -82, 61, 43, -17, -2, 5, 40, 31, -24, -36, -83, -28, -21, -58, 0, 14, 2, 68, -14, 5, -35, 10, -24, 20, -34, -5, -60, -4, 71, -77, -100, 3, -87, 17, -20, -83, 19, 30, 84, 98, -5, -50, 98, -92, 69, -39, 92, 64, 47, 87, -9, 73, 83, -60, -66, 42, 80, 12, 11, -81, -62, -84, -75, 76, 41, 13, -42, 54, -27, 14, 34, -52, 19, -37, -80, -95, 30, 29, 57, 10, -93, -33, 18, -2, -15, -16, 32, 34, -9, 77, -53, 44, 27, -63, -7, -12, 49, -46, -99, -38, -37, -36, -69, -56, 51, -2, 30, 22, 0, 81, -90, -92, -60, -46, -11, 94, 23, -22, -69, 44, -1, 92, 70, 48, -20, -42, -30, -57, 97, 6, -48, 8, 52, -79, -3, -85, -14, 83, 56, 20, 20, 3, 4, 6, 45, -47, 68, -23, 45, -86, 0, 75, 6, 21, -74, 50, -60, 7, 15, -21, 76, -22, -15, -35, 96, 65, 27, 34, -82, -83, -84, 15, 33, 18, -91, 31, -42, 43, -84, -16, 89, -78, -86, 9, 41, 19, 96, -52, -6, 93, 74, 24, 1, 37, 69, 61, 10, -80, 12, 50, 63, -85, -14, 28, 77, 62, -10, 62, -59, -62, -86, -61, 44, 30, 30, -50, 3, 49, 66, -83, -47, -86, -2, -30, -18, 44, -36, 72, 32, 73, -6, 49, 41, -3, -52, 87, 5, 0, -70, 17, 42, -39, 26, 90, -45, -65, 23, 6, -56, 77, -88, 26, -11, -95, -40, 10, 89, -68, -74, -79, 31, 26, -41, -65, 5, -86, 73, -78, 39, -100, -87, 57, 58, -67, -94, -37, 97, 59, -70, -50, 58, -43, -4, -87, 68, 62, -89, 10, 56, 97, 93, -59, 98, 32, -91, 0, -13, 67, -25, 46, -100, 67, 30, 28, -99, 54, -37, 98, -83, 89, -75, 1, 26, -51, -43, -47, 85, -24, 46, -46, 74, -59, 47, -29, 45, -67, 100, 99, -29, 54, 5, -74, 17, 91, -16, -84, 87, 93, -40, -15, 36, -62, -44, 48, -74, -13, -93, 84, -18, 85, 73, -58, -22, 45, -36, -48, -47, 3, 75, -21, -50, -58, -12, -83, 78, -26, 29, 4, -28, 80, 60, 77, -25, 94, 83, 4, 37, -3, -10, -72, 94, -41, 27, -52, 58, -86, -75, -66, 4, -9, -64, -44, 11, -36, 45, 40, 2, 62, 6, 77, -68, -93, -23, 33, 57, 93, -99, 49, 35, -32, -54, 23, -30, -72, -56, -42, -75, -94, -14, 4, 53, 78, 19, -49, -7, 97, 81, -97, 80, 75, 12, -27, 100, 20, 26, 89, -67, -54, -36, 61, 59, 26, -61, 18, -78, 92, 23, 45, -71, -86, 45, -47, 40, 16, -3, 18, -43, -79, -9, -12, 33, -91, 49, -87, 80, 95, 54, -16, 78, 7, 7, -72, 61, -42, -91, -93, -59, -58, -52, 15, 33, -3, -35, 8, 54, -10, -7, -24, -52, -9, 49, 48, 74, 6, -14, 14, -13, 40, -31, -78, -57, -50, 57, -38, 23, 47, 25, -4, -73, 46, 50, 30, -51, -42, 16, -19, -83, 0, -9, 33, -99, -49, -56, 80, -88, -47, -95, -91, 22, 43, -39, -47, 96, -54, -51, -58, 37, -22, -58, -20, 37, 63, 1, 30, 53, -85, 38, 12, -61, -23, -95, -44, 10, 80, -21, 9, 90, -64, 22, 93, 86, -42, -90, 38, 81, 70, 3, 61, 56, 41, 15, 22, -57, 70, 40, -35, 0, -87, 74, 92, -47, -12, -23, -24, 24, 81, 70, -46, 11, -31, 7, 30, 60, -96, -100, 98, -70, 13, -58, -53, 45, -81, -16, 54, -37, -41, -15, 40, -65, 97, 40, 31, 29, -92, 10, 58, 2, 33, 61, -39, 94, 76, 59, 9, 20, -88, 74, -64, -87, -77, -50, -81, -8, -98, 41, 83, -46, -64, 42, -99, 59, 81, 53, -53, -44, -59, -25, -14, -27, -83, 17, -66, -40, -8, -32, -96, -57, 86, -10, 90, 66, -16, 16, -94, -83, -35, -45, -15, 76, -37, -21, 55, -4, 5, 29, 94, -52, -50, 88, 65, -87, 1, 74, -24, -98, -38, 8, 66, 22, -68, -23, 48, -34, 67, -37, -14, 64, 60, 65, -64, 64, -44, 78, 63, 20, -36, 85, -28, 22, 67, 92, -57, -50, -36, -10, 86, -19, 50, -48, -57, 43, 55, 19, 17, -95, -65, 96, 25, 89, -31, -33, 14, 98, 13, -5, -91, -50, 37, -91, 83, 90, -65, 49, -97, -47, -84, 98, -84, -34, -38, -20, 7, 61, -95, -77, -60, -51, -10, -41, 7, -38, 95, -5, -66, 29, 32, 16, 31, 28, 29, -96, -88, -78, 48, -46, -46, 9, -44, -43, 10, -99, 65, 32, 32, -71, 82, -62, -98, 67, -58, -35, 74, 3, 4, -14, -23, 29, -61, 23, -59, 74, 84, -83, -67, -6, -92, -31, 56, 67, -69, 91, -68, -62, -73, 41, -76, -54, -81, 10, 79, -4, -24, 92, 82, -35, -42, 38, -85, -13, 85, 22, 96, 63, 14, -87, 37, 80, -38, -87, -27, 54, -18, 3, -81, 27, 0, 55, -71, 76, 51, 30, 86, 4, -76, -74, 42, 86, 53, -48, -28, -58, -5, 84, 83, -78, -28, -89, 89, -96, -49, 50, -91, 86, 3, -22, 56, -28, -4, 4, 78, -59, -41, 8, -73, 61, 38, 20, -70, -64, -48, 15, 38, -78, 4, 59, 43, -80, 22, 19, -15, -33, -38, 47, 69, -92, 19, 33, -16, -2, -74, 84, 4, 22, 80, 81, -80, -67, -51, -17, -83, -29, 73, 53, -85, 52, -83, 52, 69, -53, -53, -19, -8, -39, 55, -18, -59, 6, 42, -61, 32, -93, 10, 54, -81, -73, -58, -84, -54, -83, -29, 69, 4, -79, 78, 9, -72, 24, -16, -69, -42, -96, -89, 0, -63, -95, 82, -23, 85, 45, 26, 32, 1, -42, -53, 82, 83, 2, 83, 16, -55, 14, -41, 71, 32, 14, -31, -79, -2, -94, -54, 98, -10, 84, 21, 87, -99, -77, -18, 97, 45, -96, 34, 48, 56, 51, -36, -49, 28, -87, 8, 100, 27, 49, 73, 78, -91, -43, -74, -8, -82, -38, 36, 28, -24, -38, -67, -9, 95, 29, 92, -96, -23, -2, 53, -86, 24, -44, -19, -58, -50, -16, 15, -44, -42, 66, 76, 8, -63, 79, -68, 51, -8, -32, -69, -50, -94, -21, -26, 81, -42, 40, 84, 8, -23, 75, 17, -25, 51, -73, 4, 13, -79, -2, -83, 36, 51, -50, 28, -78, 92, 13, -25, -81, -50, -29, -85, -92, 88, -13, -78, 97, 94, 66, 39, 8, -57, 52, -81, -74, 46, -94, 10, -44, -94, 83, 12, -48, 50, -83, 83, -43, -14, 67, 37, 78, 95, -86, 63, -10, 87, -77, -1, -78, 59, -84, -97, 78, -92, -46, -40, -9, 84, -67, 40, -26, 9, -61, -65, -81, -11, -32, -70, -90, -45, 24, 12, 27, -48, 5, 56, -99, -59, -29, 34, -52, 32, 34, -77, -36, -9, -31, -12, 65, -78, 57, -89, 13, 7, -7, 57, 4, 86, 46, -85, -67, 14, 94, 20, -50, -96, 81, 26, -29, 20, -91, -46, 31, -60, 23, -65, -13, 92, -21, 29, -49, -87, -60, -55, -100, 35, -31, 5, 71, 99, -81, -2, -34, 33, 7, -15, 37, -25, -70, 37, 7, 53, 57, -60, -92, -13, 82, 49, 10, 72, -60, 44, 59, 43, -26, -19, -1, 44, -34, -61, 87, 63, -11, -74, -87, -79, -87, 29, 73, 72, 78, -86, 72, -100, 86, 21, 36, 4, -1, -31, -14, 1, 29, -74, 10, 50, 68, 10, 19, 85, -21, 49, 77, -82, -14, 70, -13, -66, 46, -10, -4, -74, 92, 12, 0, -16, -23, -91, -35, 20, 15, 33, 81, 45, 21, -92, -50, -34, -69, 69, 98, 10, 91, 51, 43, 88, 31, 23, -21, -21, -31, 2, 85, 12, -82, 20, 14, -99, 18, -14, 57, 82, -14, 54, 75, 62, 68, 25, 13, -19, -48, -7, -69, -84, 55, -78, 55, -41, -71, -59, -44, 53, 7, 89, -92, 36, -44, -6, -39, -25, -5, 63, 82, 15, 82, 49, -46, 70, 16, -72, 90, 11, -99, -35, -62, 67, 89, -68, -41, 9, -71, 36, -68, 53, 51, -4, 92, 29, 24, -1, 44, 68, -21, -23, -68, -3, -34, -67, 78, 40, -70, 28, -62, -65, -58, 31, -90, -69, -90, -53, 63, 2, 24, -57, -80, 27, -88, 6, -50, 96, 68, -73, 57, -27, -84, 28, -25, -22, 36, -56, 64, -9, 42, 81, -2, 72, -3, -13, 26, 52, -31, 56, 53, -78, 56, 94, -51, 61, -40, 50, -52, 38, -73, 73, 5, -24, 11, -35, -1, 32, 25, 95, -76, 64, -46, 27, -83, -88, 93, 11, 0, -39, -59, 70, 46, -49, -13, 21, 6, -3, 96, 2, 19, 38, -98, 92, -60, 73, -31, 9, 31, 96, 72, -14, 7, -14, -8, 7, 82, -50, 51, -26, -49, 43, -91, 87, -99, -83, -10, 45, -76, -42, 12, -73, 38, 17, 67, 7, 89, 19, 62, 54, 66, -41, -37, 99, -50, 64, -34, -76, 34, -49, 13, 81, -4, 81, -87, -61, 39, -50, -38, 62, 50, -90, 91, -37, -42, -28, -54, -89, -75, -36, -36, 88, 23, -25, 83, 99, -85, -51, -90, -12, -10, -50, -16, -93, -74, -50, 13, 59, 52, -59, -77, -76, -70, -56, 4, 48, -75, -23, -12, -47, -30, 85, 69, 21, 92, 71, 88, 42, 9, 18, 86, -70, -87, 3, 63, -50, 84, -72, 24, 6, -11, -2, -21, -56, 60, 7, -42, -91, 65, 92, 32, 23, 76, 25, 78, -70, 96, -14, -42, 39, 92, -23, -27, 65, -12, -89, -96, 93, -6, 31, 5, -22, -37, -74, 65, -30, -54, -95, 38, 4, -30, 5, -19, -26, 67, -59, 73, -7, 32, -46, -51, -17, 36, -13, 73, -2, 0, 62, -86, -38, 35, -44, 58, -83, -83, -62, -11, 12, 73, -79, -61, 32, 16, -94, 27, 17, -48, -64, 55, 9, 3, 42, 0, 69, 95, 30, 68, -18, 57, 98, 59, 93, 39, 89, 45, 11, 79, -92, -6, 38, -68, -30, -87, -11, -72, 69, -46, 1, 69, 86, -92, 46, -44, -16, 69, -84, 85, 84, 27, 59, 22, 100, -79, -64, -99, -96, -57, -57, 19, 8, 18, 3, -96, -95, 74, 91, -42, 21, 28, 58, -70, -56, -30, -53, 46, 24, 59, 48, -90, 64, 52, -35, -78, 88, 41, 4, 67, -81, -32, -41, 51, -16, -37, -29, 10, -4, 25, 51, -53, -52, -68, 100, 19, -58, -31, 63, 32, -69, 14, 34, -36, 40, 81, 12, -28, -53, -23, -86, -86, 6, 14, -28, -61, 16, 20, 95, -70, 76, 20, 95, -31, 90, 42, 24, -11, 68, -53, 72, 75, -100, -17, 17, 88, 52, 42, -16, -42, -40, 23, -69, -96, 93, 1, 32, 71, 60, 2, -50, -3, 93, 66, 36, -84, 63, -97, 47, 41, 24, 17, -92, -69, 3, -93, -63, -24, 74, 97, 54, 4, -40, 20, -50, 75, -46, 93, 15, 65, 33, -14, -41, -56, 46, 24, 74, 41, 33, 97, 54, 41, -95, 69, 12, 54, -45, -21, -56, 51, 33, -16, -18, -16, 41, 65, -7, 17, -88, 54, -56, -48, 74, -51, 100, 45, 97, -14, 34, -35, -58, -20, 10, 64, 90, 83, -5, -2, 99, 76, 32, -59, -84, -40, -36, 65, 6, -96, -51, -32, 88, 1, -76, 64, -26, 65, 19, -92, 69, -55, 49, 41, -10, 62, -76, 20, 88, -88, -79, 19, 93, 72, 36, -45, -1, -77, -61, 9, -28, -70, -82, -32, 56, -32, 4, 82, -42, 36, -24, -95, -76, -65, -3, -97, 100, 91, 82, -56, -25, -31, 79, 94, 52, 92, -30, -10, -87, -9, -54, 41, -70, -49, 30, -5, -10, 26, -68, -79, 62, -15, 45, 21, -37, -64, 27, -61, -31, -91, 52, 1, 94, -25, -12, 38, -64, 30, -2, -28, -68, -50, 81, -92, 77, 11, -41, 14, -74, -71, -55, 84, 52, 48, -17, 96, 96, -55, 61, 87, 27, 31, 61, -84, 97, 22, 44, 41, 61, 12, 56, 29, -38, -26, -11, -83, 28, 65, 30, 65, -42, -43, -3, -63, 19, 64, 72, -50, -29, -72, 27, -83, -78, 86, 6, 87, 25, -70, -51, 7, -30, -6, 10, 70, 40, 53, 82, -82, 8, -35, 75, 31, -29, 35, 4, -33, 5, 92, 12, -59, -54, -67, -10, -20, -72, -75, -54, 36, 47, -71, -41, 96, -23, 13, -34, 44, -53, -31, -34, -59, -67, 35, 46, -94, 75, 84, 36, -7, 98, 77, -47, -97, 27, -97, -17, 71, 72, 3, -13, -5, -76, -56, -85, -9, 15, -22, -7, 17, 43, -64, -78, 14, 76, -57, 95, 74, -10, 39, 50, -40, -19, 16, -44, 60, -39, 41, -91, 10, -80, -29, 89, 12, -57, 6, -50, -81, 83, -47, 50, -21, 92, 73, -61, -65, 83, -74, 37, -1, -76, 30, 82, 88, 11, -71, -76, -53, 45, -20, -53, -76, 35, 60, 87, -52, -75, -58, -65, 10, -71, 99, -97, 34, -17, 89, -47, -77, -76, -47, 64, 71, -57, -1, 42, 46, -88, -67, -21, -68, 10, -31, 40, -38, 16, 33, 3, 82, -35, 10, -35, -74, -68, -92, 24, -57, -16, 92, -9, 16, -94, 46, 61, 76, 53, 59, -81, 77, -64, -43, -49, 56, -5, -27, -54, -89, 90, -89, -29, -52, -2, -12, -84, -81, -22, 29, -16, -63, 70, 59, -17, -64, 49, 35, 12, 17, -39, 83, -41, 32, -27, -5, 85, -35, 35, 37, 27, 82, -71, -3, -95, -11, -75, 83, -60, 61, -64, 11, -26, -18, 42, -94, -71, -7, -28, 45, 18, 6, -12, 34, 75, -62, 10, 0, 56, -51, 33, 94, -86, 100, 94, 68, 12, -99, -27, 81, -44, -1, -18, 78, 59, 8, 62, 3, 32, 61, 45, 67, -10, 37, 84, 15, -65, -31, -19, -17, -84, 38, -70, -76, -25, -73, -76, 48, -31, 95, 79, -38, -96, -30, -43, -83, -84, 36, 15, 29, 55, 42, -14, -87, -97, -97, -44, -61, 61, 47, 87, 81, -63, -58, 85, 0, -78, 54, -55, 64, -100, 44, -1, 16, 53, 24, -73, -63, -86, 28, -87, -52, 43, 85, 33, 23, 89, -83, -21, -29, 0, -43, -38, -31, 15, 87, 85, 40, 79, 94, 83, -28, 58, -97, -70, -36, -27, 32, 89, -56, 43, -86, 8, 73, -43, 41, 98, 77, -69, 95, 39, -15, 18, -38, 87, -16, -90, -39, -95, 49, 37, -94, -72, -68, -52, 66, 3, -22, 29, 7, -71, 92, 36, 19, 50, -43, -15, 44, 78, 75, 32, -73, 55, -74, 7, -86, 14, -63, -82, 65, 52, 29, -73, 5, 12, 72, -39, -62, -3, 99, -99, -80, 65, -86, -2, 46, -1, -53, -83, -43, -99, 19, 1, 14, -82, -61, 48, -16, 77, 25, 35, 30, -95, -77, 21, 67, 37, -83, 21, 71, -38, 20, -80, 4, -49, 34, 36, -26, 15, 6, 34, 62, -25, -50, -99, -55, -42, 54, 21, -14, -85, 57, -48, 7, 48, -42, 13, -89, 91, 76, -33, -80, 86, -21, -53, 49, -1, 64, 58, 0, 77, 83, 90, 44, -38, 74, -75, -16, 74, 2, 37, -17, -45, 87, -88, 92, 21, -78, -55, 15, -60, 12, 85, 82, 1, 60, 31, -70, -78, 83, -92, -8, 77, 79, 10, -89, -90, 100, 98, -39, 65, 92, -12, -76, -12, -14, -45, -38, 7, -14, 35, -73, -92, 25, 51, -54, 57, -97, 54, -67, -51, -36, -72, -27, -91, 20, 51, -13, -20, -15, 8, -99, -15, -91, 29, -42, 37, -52, -86, 64, -41, 15, -25, 95, 7, -81, 69, 46, 73, 22, 7, -85, -6, 33, 1, 50, 58, 90, -50, 73, 25, 14, -30, -56, 17, 34, -24, -60, -74, -42, -4, 55, 50, -6, -66, -17, 91, 28, 27, -67, -63, 88, -51, 32, -17, 78, 10, -93, 47, 58, 47, 84, 95, 51, 72, -53, 89, 90, 62, 94, 17, -62, 48, -8, 4, 8, -47, 100, -5, -44, -99, 44, 91, -60, -99, -59, -52, 69, 14, -7, 71, 20, 46, -38, 76, 78, -86, -65, -87, 100, 21, 89, -97, -4, -6, -18, -59, 65, -99, -86, 42, -49, -2, 15, 4, -34, 56, -27, 49, -84, -89, 22, -83, -69, -39, 17, -76, 27, 99, -83, 88, 41, 80, -99, -22, -76, 10, 95, 30, -67, 93, -47, -82, -27, -76, -52, 23, -42, 44, 4, -5, -50, 83, -57, -1, 19, 47, 83, 46, 43, 33, -54, -74, 87, 7, -29, 32, 0, -16, -56, -73, -30, 34, 83, 91, 59, -1, 90, 94, -88, -81, -55, -92, 22, 81, -62, 59, -76, 21, 28, 90, 85, -61, -46, -60, 86, 70, -71, -67, 77, 57, -89, -84, 22, 35, -23, -28, 91, 81, 8, -96, 42, -89, -49, 75, -75, 54, 55, 8, 99, -63, -68, -24, 89, -90, -83, 97, 33, 82, 61, -15, 36, 99, 78, 59, -90, 96, -49, -75, -44, -38, -44, 5, 16, -30, -71, -95, 14, 8, -13, 96, -78, 37, -94, -8, -16, -6, 33, 12, 6, 16, 56, 56, -60, 29, -63, 43, -59, -23, -93, -97, -72, 95, -95, 10, -64, -28, -60, -22, -66, -37, -42, -94, -43, 12, -34, 41, -50, -89, 73, -38, -93, 14, 69, 97, -37, -82, -97, -8, -10, -88, -24, 54, -85, -90, -63, 45, 48, 65, 19, 46, -81, 100, -54, 42, 17, -21, -47, -27, 98, -94, -67, -61, 99, -51, 7, 17, 97, 58, -67, 58, -16, 20, 6, -14, -60, 71, 55, -69, -24, 55, -39, 52, -67, 64, -17, 11, -92, 17, -22, -24, -39, 8, -18, 45, -44, -8, 96, -25, 15, 77, -85, -62, 59, 56, -8, -97, -96, 91, 31, 74, 94, -20, -77, -28, -17, -75, 28, -5, -96, 16, 90, 39, -35, -86, 44, -92, 28, 98, -98, 88, -10, 21, 8, 47, 13, 61, -53, -73, 82, -62, -3, 46, 2, 47, -37, -78, -76, -16, -19, -20, -3, 27, -68, -99, 55, 0, -13, 76, -40, -98, -38, -8, 30, -69, 13, 49, 62, 48, -34, -10, 98, -82, -37, 0, 46, -96, -71, -47, -68, -77, -26, -31, 80, 32, -2, 39, -7, -94, -84, 6, -63, -15, -86, 70, -82, 37, -7, -4, 14, -66, 56, 45, -20, -42, -22, -51, 91, -90, -96, -73, -50, 63, 3, -14, -46, -31, -14, 14, 46, 57, -59, 1, -44, -61, 44, -53, -6, 46, -10, -28, 99, 37, -25, 2, -2, 52, -13, 38, 99, 80, 77, 62, 61, -48, 83, -49, 94, -66, -12, 49, -17, 36, -73, 94, 69, -98, -97, 56, -81, -25, 41, -75, -38, -85, 11, -52, 35, 55, -75, -39, 51, 49, 92, -79, -99, 32, 79, -98, 20, -32, 84, 32, -2, -14, 88, -32, -76, -78, -33, -86, 16, 19, 92, 99, 16, -12, -45, -80, -12, -13, -95, -10, -35, 100, -18, 34, 63, -48, -66, 85, -30, -54, 17, 7, -79, -67, 73, 2, -23, 66, -65, -53, 80, 36, 55, 45, 28, 42, 60, -13, 45, 71, -70, 62, 35, -31, -65, 71, -76, 53, -12, -3, -31, 11, -11, 90, 34, -82, 55, 60, -28, 10, -52, -86, 72, -18, 58, -98, -5, 2, 72, -66, -16, 16, 62, -69, -23, 75, 76, 63, 33, 93, -51, 30, -64, -92, 53, 79, 65, -17, 30, -45, 13, 55, 30, -62, -74, -22, 23, -34, -47, 9, -4, 54, 30, 11, -31, -79, -41, 8, 32, 48, 58, -22, -52, -2, 80, -56, 43, -58, -5, -4, 48, 1, 44, 84, -76, 87, -96, 53, 97, -86, -42, -6, -84, -42, 68, -34, -71, 67, 17, 50, -22, 42, -100, 81, 76, -53, -14, -67, 41, -1, 73, -57, -64, -29, -55, -75, -60, -16, -7, -36, -13, 2, 67, -6, -17, 48, 13, 69, 97, -84, 56, 25, 59, 2, 32, 57, -45, -43, 14, 82, 80, 68, -86, -9, 4, -22, 78, -66, 40, -12, -74, 13, -8, -21, 16, -32, 57, -34, -82, 23, 57, -12, -37, 1, 50, 85, -36, 19, 95, -90, -35, 83, -93, 22, -87, 49, 97, -23, -46, -52, 19, -73, 5, 86, -91, -53, 6, 100, 61, 26, 96, -33, -72, -56, 6, 71, -51, 65, -35, -14, 51, 36, -83, -12, -58, 11, -86, -2, 53, 28, 61, -54, -80, 87, -15, 98, 62, 13, 81, 73, 65, 6, -53, 56, 33, -97, 26, 46, -75, -8, -16, -26, 58, 48, -87, 61, -73, 16, -34, 55, 58, 74, -4, -62, -77, -39, -96, -20, -5, 18, -57, -24, -44, 22, -43, -42, 75, 88, 75, 89, -95, -89, -49, 17, -74, -6, 64, 77, 20, -40, -55, 75, -36, 3, 61, 16, 37, -79, -20, 8, 35, -30, 23, -29, 70, -95, 18, 18, -1, -33, 48, 9, -64, -38, 72, -90, -30, -2, -26, 91, -30, -40, 26, -26, 20, 79, -66, -71, -93, -22, -91, 15, 18, -61, -94, -57, -76, -32, -66, 9, -1, 5, 56, 68, -52, -80, 62, 61, 42, 74, 10, -70, 20, -41, 48, 29, 16, -8, 65, 44, -99, 42, -76, 100, 43, -71, 49, -26, 71, 15, -25, -79, -86, -13, -7, 65, -57, 8, -9, -98, -99, -59, 7, 93, -86, -56, -100, 13, 74, -93, 64, -73, -78, -34, 7, 6, -73, -7, -82, -71, -50, 53, -5, -38, 4, -5, -24, -48, 78, -41, -66, 57, -97, -49, 99, 58, -47, -61, -80, 14, 10, 46, -90, 57, 45, 17, 73, -75, 98, -82, 60, 5, 84, -77, -58, -35, -32, -25, -89, 37, -52, -36, -75, -43, -82, 67, -6, -44, -96, -1, 35, -34, 11, 10, -63, 66, 86, 36, -90, -13, 1, -4, -14, -57, -93, 15, -23, 45, 67, 90, 34, 62, -65, 68, 24, 71, -25, -93, 52, 56, 84, -58, 94, -27, -89, 10, 42, 35, -2, 1, 51, 60, 30, -84, -47, 26, -66, 85, -14, -11, 70, 20, -66, 86, 24, 45, -13, 26, -78, -46, -53, -6, 86, 22, -34, -37, -56, 34, -53, -31, 31, -45, 17, 63, 89, -18, 36, 75, 82, 90, -59, -19, -88, 23, 50, 85, -40, 86, -81, 87, -20, 44, 1, -58, -85, 87, -13, -49, 24, -21, 4, -6, -87, -64, -31, 88, -37, 0, 30, -16, -80, -84, 67, -79, -63, 49, -89, -17, 38, -10, 71, 40, 62, 84, -14, -51, -45, -70, -20, 91, -28, -79, -50, -34, -73, -3, -96, -43, -2, -1, -52, 44, -6, -48, -20, 3, 42, -87, -96, -11, -33, 14, 64, -50, -77, -62, 37, 14, 0, 89, -83, -24, 44, -61, 78, 80, -95, -61, -73, -11, 87, -9, 6, -75, -6, 63, -87, 82, -83, -25, 7, -48, -76, 21, 58, -87, 24, -90, 30, 15, -48, -10, -67, -96, 26, 60, 66, -1, 91, -9, 92, -86, -50, -13, -41, 77, -91, -80, 54, -48, 98, 96, 18, 58, -74, -60, -64, 6, 42, 44, -94, -37, 6, 54, 81, 73, 44, -70, -54, -40, -7, 34, 63, -23, 31, 71, 72, 61, 50, -72, 24, 42, 53, 53, 68, 47, 43, -99, 78, 21, -34, -93, 48, -28, 7, -9, 8, -97, 8, -16, -21, -70, -73, -50, 83, -82, 14, 51, 76, -84, -16, -27, -90, -75, 45, 86, -24, -27, 97, 100, -96, -39, 28, -15, 48, 27, 96, -11, 78, 3, -55, 96, 21, 56, 87, -30, 21, -66, -84, -56, 61, 24, 39, 58, -36, 62, -34, 16, 55, -84, -24, -38, 45, 39, 8, -86, 61, -88, 21, -42, 16, 41, 100, -92, -92, -58, -49, 100, 88, 30, -45, 3, -100, -45, 24, 25, 64, -31, 88, 35, -59, -63, -9, 69, 91, -70, -94, 90, 100, 13, 75, 50, -54, -57, 2, 59, 39, 52, 41, -63, 28, 47, 67, -73, 5, 88, -25, -95, -70, -19, -55, -12, 80, 14, -71, 83, -22, -52, -67, -75, 84, -86, 4, 30, -93, -29, 33, -33, 11, -50, -36, 47, -1, -96, -83, -6, 20, 29, 89, 85, 13, 15, 82, 76, 44, -48, -13, 91, -87, -54, -92, 15, -48, -62, -6, -42, 23, -56, 30, 8, 67, -42, 47, 54, -37, -78, -3, 30, 47, -94, -11, 90, 89, 31, -65, -93, -25, -32, -99, 78, -9, 34, -67, 1, -4, 38, 75, 89, -76, -75, -44, -19, 76, 79, 30, -85, -22, 25, -31, 72, -30, -45, -45, -19, -1, 29, 97, -69, 60, -58, 46, 67, -37, 51, 9, 24, 45, 52, 42, 8, 23, 41, -46, -72, 34, 47, -87, -18, -1, -76, 25, -45, -47, -85, 69, -73, 29, 74, 63, 61, 12, 73, -24, -22, -48, 39, 68, 2, 11, -59, 47, 58, -87, -41, 97, 19, 41, 62, -62, 52, -70, -72, -82, 15, 28, -81, 16, -68, 2, -44, 39, 20, 83, -78, -67, 69, 64, 21, -90, 15, -11, -77, -77, -60, 10, 77, -72, -51, -27, 11, -27, 29, -25, -19, 47, 42, -59, 59, -9, 31, -56, -48, 14, -94, -77, 94, 71, -66, -70, -66, -47, 25, 77, -21, 29, 48, -72, -54, 18, 89, 31, -23, 68, -98, 28, 98, -54, 48, -37, -18, 59, 34, 32, 63, -72, 6, 9, -16, -60, -94, -38, -31, 65, -90, 26, -85, 75, 66, 83, 100, -38, 51, 39, -100, -43, 55, -63, 92, 28, -51, 38, -92, 24, -74, -5, -89, 8, -36, 42, 68, -89, 31, 84, -13, 68, 26, -48, -42, -17, 65, 35, -68, -3, 42, 55, -88, -79, -56, 75, -44, -85, -13, -63, -35, -39, -54, 14, -64, 2, 89, 71, -20, 64, 18, -8, -77, -93, 27, -45, -88, -75, -26, -81, -77, 54, -89, 49, 60, -77, 70, 69, -1, 54, 62, 97, -6, 4, 1, -84, -66, 12, 89, 2, 89, -46, -27, 80, 38, -34, 99, 46, -10, -88, 82, -4, 40, -33, 50, -89, -2, 21, 52, 22, 31, -75, 91, -37, 29, 66, -88, 27, -27, 16, -18, -34, -20, 3, 43, -65, -95, -97, -42, -25, 3, -76, -56, 18, -8, 15, 90, -97, 61, 47, -17, 41, -58, -100, 97, -96, 81, -51, -24, -58, -97, -49, 68, -57, -46, 57, 79, -34, -55, -82, 19, -58, -88, 7, -2, 82, 52, -75, 35, -13, -78, -53, 91, 4, 69, -32, 46, 85, 81, -83, 54, -52, -67, 35, 38, 33, 24, -91, 46, 22, 44, -95, 29, -88, 72, 65, 16, -31, 68, -80, 39, 56, -36, 80, -20, 40, 61, 96, -65, -45, 97, 76, -76, 24, 50, -41, -79, -87, -84, -68, -19, 70, 91, -10, 70, 58, 60, -29, 52, 56, -75, -4, -29, 51, 99, -53, -23, -95, -81, -26, 72, -75, -75, 34, 59, 36, -79, 26, -52, -29, -3, 56, -80, 100, 27, 52, -38, 76, 13, 80, -17, 8, -99, -28, -77, -53, 55, -39, -6, 83, -46, 37, -36, -7, -92, 55, 6, -29, -23, -58, -11, -34, 23, 65, -1, -62, 69, -14, -58, 97, 85, 73, -32, -62, 32, -11, -82, 20, 25, 25, 44, -50, 46, 60, 70, 74, -5, -9, -65, -7, -23, -76, -13, 37, 99, 44, -47, 69, -27, 61, -22, 70, -97, -54, 68, 78, 84, -69, 71, -37, 99, 75, 91, -50, 96, 84, 15, -25, 79, 19, -71, 48, 13, 57, 0, -1, -70, 66, 13, -40, 19, 77, 17, 87, 100, 41, -81, 31, -27, 2, -39, -54, 62, -60, -12, -64, 44, 48, -52, 22, 45, -11, 86, -33, -18, -41, 52, -52, -48, -11, 95, -27, 6, -51, 53, -82, -11, -68, -93, -97, 32, -28, 33, -90, -99, 0, -77, -61, -40, -43, 91, 5, 16, -28, 28, -75, -16, 77, 25, -96, -73, -19, 59, -10, -39, -12, 56, 32, -5, 0, 28, 66, -19, -54, -18, 16, 66, -5, -72, 15, 83, 22, 80, -75, -42, -72, 83, -48, -62, -66, 26, -15, 5, 16, -28, -58, 69, 98, 74, 17, 23, -54, 61, 20, 35, -62, 26, 87, -87, 86, 23, -12, -85, -62, 76, 21, -70, -70, 89, -65, 64, 74, 48, -37, 55, 13, 5, 45, 8, -3, -47, -12, -78, 26, -45, 52, 27, 77, 59, 65, -68, -2, 29, -98, 4, 55, -21, -40, 43, 24, 89, 93, -76, -49, -6, 27, -1, 50, 31, -46, -21, -85, -21, 25, -49, -32, -40, 74, -38, 0, 94, 39, 28, 69, -21, 34, -100, -8, 99, -84, 39, -93, -49, -24, -15, -26, -22, -99, 41, 36, -55, 99, 37, 24, 90, -9, 54, -87, 5, -95, 55, 43, 23, 78, -30, 97, 69, -46, 27, -98, -22, 93, 28, 78, -41, 23, 32, 7, 47, -64, -58, 24, 85, -54, 98, -80, -55, 56, 1, -90, 89, -74, 30, 68, 95, -46, 21, 40, -43, 80, -57, -88, -46, -28, -96, 32, -17, 22, -69, 60, -81, -53, -85, 6, 43, 75, 35, -67, 70, 97, -51, -41, 50, 19, 96, 53, 67, -19, 88, -7, -28, -4, 60, -29, -38, -22, 84, -47, -97, 30, -61, 17, -3, 22, 5, -61, -11, -41, -44, 65, -53, 2, -4, 82, 55, 99, 5, 58, 20, 65, -19, -50, 1, 85, 43, 26, 6, -51, -68, 34, 82, 43, 90, -17, 22, 96, 44, 91, 71, 17, 4, 88, 4, 62, -5, -60, -81, 34, -96, -46, -22, 83, 57, 3, -16, 35, 36, -96, -48, -75, 13, -50, -64, -59, -6, 76, 84, -66, 7, -2, 57, -86, 6, -28, -75, -32, 23, -26, -55, -94, -40, -24, 81, -60, -79, 14, -19, -33, -66, 59, 47, 22, 70, 58, 85, -88, -92, -53, 76, 66, -75, -4, 6, -13, -31, 63, 65, -67, 52, 78, 85, 42, 12, -74, 84, -21, 49, 58, 57, -17, -60, -57, 54, 66, 51, 70, 65, 9, -76, -22, 21, -20, 8, -34, 55, 55, -54, 45, -70, -3, 75, 73, 12, 77, 17, -25, -66, -16, 16, 59, -66, -9, -60, -70, 54, -46, 84, -3, 59, -41, -85, 50, -95, 3, -63, 55, 54, -43, 31, 93, 91, 87, 46, -22, -37, -73, 10, 88, 60, -11, 17, -14, 55, -45, 66, 49, 3, 14, -58, -41, 86, -19, 71, 31, 24, 72, 45, -31, -71, 43, -14, -95, 49, -35, -67, 7, -55, 78, -25, 54, 81, 69, -37, 47, 96, 13, 100, 50, -92, 32, -8, -96, 62, -98, 13, 84, -79, 69, -96, -67, 20, -89, -28, -17, -61, -92, -55, 23, 3, -64, -91, -98, 83, -67, 51, 33, -18, 22, 58, 40, -32, -75, -61, -87, -66, 73, 83, 54, 68, 32, -79, -94, 58, -14, -94, 66, 78, 75, -44, 57, 86, 47, 53, -45, 37, 23, 54, -59, 5, 56, -51, 66, 30, -71, 34, 56, 10, 9, 70, -11, -22, -47, -12, -20, -100, -97, -28, 4, -98, 88, 97, 51, -88, 37, 45, -29, -94, -15, 56, 23, -54, -34, -66, -15, 14, 32, -98, 70, -29, 19, -70, -71, -4, -39, 69, 63, -74, 40, 43, -75, -55, 8, 14, 58, -94, -66, -62, 85, -21, 39, -45, 19, -82, -84, 37, 37, 35, 12, -22, -22, 15, 40, 34, -16, -64, -79, -89, -35, -35, 44, 6, -58, -52, -91, 63, 3, 95, -91, -82, 92, 50, -99, -28, 28, 7, -51, 29, 36, -28, 13, 74, -70, -67, 90, -86, -8, -21, -58, 22, -33, 90, -51, 0, -37, -30, -86, 95, 11, -51, 67, -96, -33, 51, -81, 20, -88, -28, -21, -59, 95, 88, 90, -47, -78, 72, 23, -11, -76, -58, -50, 53, 60, -97, 97, -53, -41, 85, -69, 38, 42, -37, 5, 7, -73, -91, -88, -46, -17, 64, -100, 41, 49, 49, -69, 3, 50, -60, -1, -59, -37, -79, 45, -73, 76, 100, -67, 46, -34, 31, 40, 82, -60, -27, 54, 83, -42, -84, 72, 72, -23, 93, -63, 95, 81, -38, 89, 50, 7, 6, -64, -83, -47, -62, 58, -34, -46, -35, -78, 28, -90, 71, 91, -37, -52, 86, -31, -40, -100, 33, -93, -23, 70, 32, -46, -21, -37, 71, 88, -60, 27, -5, -44, 59, -7, -50, 33, 95, 70, 23, -38, 76, 11, -6, -41, -60, 44, 49, 88, -81, 66, -80, -41, 86, 15, 7, -96, 41, 60, 88, 27, -2, 100, 88, 72, -73, 16, -60, -1, -30, -65, 13, 63, 94, -97, 84, -45, 65, -12, 97, 65, 62, -22, 55, -61, -12, 22, 71, -61, 57, 34, 58, 93, -24, 40, -16, 47, -37, -77, -85, 45, 82, 24, -11, -16, 36, 22, -44, 24, -18, 85, 90, 59, 69, -89, 36, 13, 15, 70, -63, -68, 39, 61, -22, 26, -80, 24, 57, 0, -83, 8, 60, 65, -72, -29, 93, 48, -49, -24, 73, -74, 96, -29, 8, -49, -10, 92, -71, 0, 65, 36, 70, -72, 19, -28, 8, -46, -81, -37, -46, -59, -92, 20, 97, 42, 86, 85, 37, 46, 79, -43, -76, -6, 62, 43, -10, 7, 44, 21, 11, -8, -94, -18, -57, 63, -65, 77, -44, 21, 4, -15, -39, -84, 79, -9, 88, 75, 23, 20, -44, 48, -31, -27, -65, 70, -74, -78, 83, 22, 82, 46, 51, 93, -67, -52, 74, 25, -48, -74, 33, 66, -43, 42, 61, 40, 86, 80, 57, 7, -69, 2, 55, -87, -8, 75, -7, 93, -77, 72, -69, -23, -93, -45, 94, 17, 50, -1, -42, -21, -33, -19, 75, 99, -69, 10, -90, 48, 100, -100, -77, 2, -20, 8, -66, -97, -85, -56, -32, -99, -29, 100, 96, -28, 56, 67, -74, 27, -28, 70, 30, 29, -11, -16, -55, -31, 45, 65, -73, 5, 7, 4, 45, 68, 51, -36, 79, -19, 37, -64, 6, -43, 56, -87, 87, -53, 14, 44, 56, -83, -9, 34, 96, 12, 57, -73, -28, 5, -83, -85, -72, -99, -81, -6, -56, -55, -4, 71, -1, 0, -81, 56, -69, 23, -23, 28, 94, 83, -21, -12, -26, -3, -54, -17, 5, -74, -70, -96, -90, -15, 49, -32, 26, 59, 30, -51, 39, -75, -65, -2, -11, 68, 9, 82, 40, -78, -90, 32, 23, 71, 96, -42, 67, -83, -83, 82, -17, 51, -83, -72, 61, -82, -78, 67, 80, -87, -19, 5, -92, -78, 8, 46, 82, -37, -57, 43, 88, 41, 91, 42, -51, -72, 64, 35, 43, 47, -74, -90, -42, 48, -96, -36, -22, -66, 2, 36, -30, -71, 27, -25, 40, 4, 77, -80, 86, -11, 64, -21, -8, 33, 99, -53, -17, 91, -50, 10, -43, 77, -75, 21, 95, 6, -58, 51, -18, -13, -64, -23, 60, -16, -93, -56, -11, -66, -75, 55, 94, 34, 78, 91, -56, 46, 48, -2, 56, -83, -76, -74, -33, -16, 5, -55, 75, -6, 36, 78, -13, 77, -77, 99, 18, 73, -83, -78, 29, 48, 35, 3, 43, 33, 60, -58, 95, -39, -95, -96, 88, 71, -23, 78, 65, -19, -81, 4, -6, -37, 46, -27, 27, 78, 42, -2, 57, 72, -57, -22, 75, -12, 23, 80, 63, -20, -55, 82, -68, -12, -86, -22, -16, -50, 91, 9, -20, -72, 82, 19, 77, 90, -83, 44, 0, -2, 61, -70, -63, -85, -7, 100, 82, -59, 97, -57, -92, -16, -62, -10, 92, 83, 73, 88, 50, 64, 59, -17, 57, -44, 55, -66, 25, 83, 42, 88, -47, 45, 76, 59, -61, -62, -92, 85, -94, -93, 49, -93, -95, -45, 82, 84, 13, 78, 95, 65, 62, 40, 76, -96, -85, -3, 20, -16, -65, -57, -78, 17, -70, -92, -92, -54, -90, 60, 35, 69, -2, -39, 8, 77, -23, -69, 100, 11, 0, 21, -74, 14, 30, 100, 57, 12, 83, 15, -32, -53, -77, -92, 45, 70, -67, -7, 22, -40, -74, 16, 43, 40, 39, 54, 56, 24, 93, 16, 40, 58, 58, -66, -13, 38, 70, -45, -39, 65, -73, -14, -39, 82, 10, -46, 99, 71, 99, 38, 23, 99, 80, -49, 54, 30, -90, 70, 84, -96, -71, 77, 86, -44, 51, -19, -87, 94, -10, 83, -53, -8, -9, 44, 62, 50, 10, -93, -90, -79, 10, -9, 53, 85, -2, 11, -5, -86, 53, -57, 10, 72, 65, 71, 21, 69, 30, 61, -15, 57, -91, -23, -83, 66, 16, 56, 96, 69, -75, 82, 92, 96, -84, -91, -41, 90, -24, -51, -75, 15, -17, -80, 52, 90, -38, -28, -44, -73, -53, -55, -35, 56, -47, 93, -93, -44, 47, -62, -81, 4, 75, 3, -25, 41, 98, -44, 5, -96, 93, 83, 69, 96, 67, -9, -12, -30, 51, -33, 46, -2, 61, 21, 86, -35, -51, -46, -91, 37, 64, 92, -30, -75, -62, -11, -52, -77, 16, -4, 82, -84, -40, -49, 10, -12, -85, 55, 92, 95, -37, 19, 15, 21, 20, -8, -50, 2, -82, -23, -48, -25, -48, -56, 24, -65, -2, 60, -84, -40, 50, -59, 31, -27, -83, -18, -33, -92, 77, 67, -25, -13, -73, 76, 30, -34, -87, 77, 68, -11, -41, -58, -45, -23, -88, 33, -77, 91, 37, 9, 57, -93, -20, -87, -1, -50, 1, -98, -41, 27, 82, -99, -43, 68, -44, -37, 3, 100, 56, 17, -89, -81, -7, 68, -3, 3, 84, -14, 38, -47, 11, 70, -63, -93, 77, 57, 39, -2, 79, 80, 12, -51, -45, -7, -38, 91, -15, 91, -28, -34, -30, 16, 2, 97, -94, 92, 68, 28, -7, 24, 7, -27, -30, 63, 91, 45, 95, 67, -68, -59, 69, 8, 42, 35, 10, -22, -82, -45, 37, 2, 36, 79, -2, -50, -40, 33, -57, 32, -72, 16, 37, -97, -97, 31, -27, -10, 84, 67, -11, 92, 92, 34, 18, 66, -71, -60, 21, -75, 3, -97, 5, 79, 8, 7, 81, 30, 40, -83, -77, 33, -96, 45, -52, -93, 49, 65, 88, 59, -60, -23, -34, -33, -14, 95, -89, 81, 19, 1, -92, -2, 74, -58, 97, -8, 62, 45, -18, 43, 73, -62, -25, -2, -1, -9, 83, -63, 75, 71, 50, 4, 82, 25, 71, 0, -71, 95, -22, 71, 66, -79, 98, -8, -93, 66, 50, -3, -82, -49, -33, 48, -74, 51, 85, -87, -74, 22, 48, 0, 2, -48, -62, 6, -45, 13, -38, -59, -90, 13, 86, 65, -78, 16, 8, 38, 81, -88, 0, 73, -97, 100, 43, -64, 0, -41, 0, 68, -49, -74, -49, -4, 53, 44, -24, -40, 59, -54, -45, -49, 43, -90, -55, 45, -21, -93, 39, 78, 92, 84, -76, -86, 69, 81, 9, -8, -8, -41, -36, 61, -86, 20, 43, 81, -81, 21, 92, 56, 21, 90, 18, -73, 42, -5, -2, -68, -96, -62, -45, 73, 61, -23, 48, 92, 99, 77, -78, -19, -69, -29, 92, -64, 93, -94, -75, 4, -31, 96, 70, 39, 3, -47, -85, 81, -61, 0, -80, -81, 46, 47, 98, -83, -87, 46, -13, 32, 43, 85, -88, -30, 12, 75, -8, -89, -17, 47, -1, 60, -76, -83, -69, 75, 34, -50, 86, -26, -4, -28, 91, -80, -100, -83, 95, -2, -61, -41, -97, -44, 5, -100, 70, -42, -12, 72, 47, 43, 49, 49, -69, 22, -67, 93, 62, -10, -80, -74, -3, -7, 10, -76, -72, 95, -40, 24, 87, 39, 25, -90, -47, 70, -25, -38, 13, -92, -82, 68, -89, 85, 86, -49, -70, 68, -2, -17, -6, -49, 42, -21, -6, -100, -34, 100, 84, -19, 0, -33, 44, 81, 65, -59, -98, -93, -13, -100, -17, -36, 99, -45, -4, 72, 26, -11, -81, 76, -24, -41, -22, 60, -92, 51, 70, 98, 30, -19, -2, 80, -100, -76, 43, 58, 84, -33, 36, -54, 9, 78, -96, -57, 96, -8, 98, 98, -76, -59, -4, -68, -61, -40, -77, 71, 49, 14, -67, 52, -74, 0, -90, 5, -40, -32, 52, -88, 61, 70, -73, -23, -93, 13, 73, -67, 7, -72, 66, 63, 98, 47, 53, 79, -34, -29, -9, 52, 6, 93, 48, -17, -51, -9, 53, 88, -27, 66, 36, -3, 3, -5, 50, 59, 90, 47, 9, -26, 3, 96, 40, 17, -80, -100, -25, 39, 20, 26, -39, -12, 49, 49, -1, 46, 28, 84, -18, -1, 33, -67, 78, -21, 87, -18, -27, -15, -41, 4, 70, 38, 3, 66, 78, -38, 91, 43, -22, 90, 24, 87, 11, 5, -27, 4, -99, 67, -63, 79, 20, 30, -11, 31, -30, -38, -86, -89, -17, 87, 97, 95, 4, -55, -1, -21, -37, -65, -26, 92, 24, -3, 31, 77, 29, -43, 59, 77, -70, -44, 34, 95, -33, -7, -8, -63, -15, 66, -91, -64, 8, -11, 71, -9, 19, -83, -61, 84, 46, -11, -94, 10, 90, 51, 10, -57, 64, -50, 7, -6, 61, -72, 72, -71, -93, -63, 12, 75, -47, -85, -38, 65, -78, -64, 49, 2, -58, -39, 71, 11, 100, -46, -93, -72, 56, -25, -96, -48, -91, 47, -61, -28, -78, -65, 22, 24, 5, 0, -59, 12, -93, 77, -85, -90, 78, 86, 15, -30, -94, -32, 89, -90, 50, 78, 92, -87, 63, -37, -59, -42, -13, 32, -45, 44, -37, -21, 80, -37, -28, -59, -37, -78, 29, 66, 18, -80, -60, -40, -90, 95, 60, -36, 84, -33, -26, -69, -34, -57, -37, -78, -66, 16, -48, -40, -82, -80, -76, 49, 62, -13, -60, -61, -16, 34, -73, 17, -25, -65, 62, 90, 76, -48, 30, -27, -38, -21, -100, 14, 69, 86, -55, 86, -40, 33, -71, -89, 93, -31, 88, -82, 18, 70, 75, 30, -1, -37, 23, 58, 29, -70, -56, 36, -71, -54, 87, -60, -63, -36, 55, 2, -8, -41, 10, 88, -66, 0, 7, 22, -36, 21, -80, -50, 20, 36, -12, -15, -25, -94, 52, 6, 83, -37, -31, -55, 69, 87, -24, 59, 74, 51, -75, 2, -11, 70, -7, -96, 99, -60, 18, -16, 6, 67, 26, -73, -29, -95, -63, 83, -34, 26, -58, 72, -97, -62, -38, -84, -6, 78, -80, 69, -29, 52, -18, -70, 33, -63, 89, 44, 24, 6, 54, -34, -7, 82, 8, -16, 48, 10, 58, -94, 22, -18, -8, -58, -37, 52, -45, -94, -14, -52, -7, 13, 64, 33, -8, -54, 68, 33, -72, -94, 76, 68, -69, -79, -74, 15, -25, 92, -11, 43, 5, -75, 59, 83, -50, 0, 55, 50, -48, 9, 13, 100, 93, 74, -67, -22, -66, -23, -61, -3, -35, 28, -35, -89, 58, -43, -16, -22, -49, 43, 73, -87, 33, -26, 19, 86, -24, -9, -65, -12, 16, 85, 16, -58, -57, 52, -55, 4, 58, 0, -95, -69, -36, -70, -99, 40, -77, 94, -18, -66, 87, 3, -47, 28, -41, 62, 67, -91, -68, 87, -8, 81, 89, 0, 26, 62, -77, -37, 42, 87, 45, -78, -16, -30, -73, -95, 73, -97, -98, 66, 47, 30, 38, -82, 43, 27, 12, -6, -96, 63, 74, -17, 44, 72, 13, 62, -12, 13, 6, -94, 54, -71, -92, -92, -35, 51, -45, -91, 51, 12, 82, 19, 16, 70, -1, -7, 58, 37, -83, -33, 16, -45, -68, 51, 8, -81, 56, 81, 13, 81, 88, -65, 40, 67, 88, -88, 66, -86, 43, -20, -86, -86, 39, -13, 3, 69, -17, -86, 19, -76, 37, 41, -43, -60, -97, -18, 56, -55, 60, 99, -79, -99, -75, 98, -60, -88, 44, 65, -80, 100, -72, -86, 21, -38, 44, 32, 41, 56, -11, 29, -58, 71, 61, -31, 25, 70, 67, -70, 47, -93, 61, 18, -35, 77, 24, -96, 78, 50, -28, 91, 94, 61, 21, 71, -22, -71, 48, -89, -86, 69, -76, 39, -37, -100, 49, -30, -45, 37, -67, -1, 85, -6, -1, 1, -64, 4, 54, 70, 92, -20, 24, -34, -69, -95, 8, 96, 82, -81, -82, -71, -80, 19, 78, 65, -39, 68, -3, -69, -22, -4, -94, 62, 19, -98, 49, -9, -99, 95, 34, -5, 3, 17, 72, 58, 19, -24, 79, 24, 80, -23, -27, 74, 37, -74, -66, -16, -38, 78, 79, 2, 62, -37, 92, 53, 29, -95, 2, -19, 74, 58, 29, 86, 1, 44, 25, 15, -65, -47, -51, -68, -11, -63, -8, -49, 64, -76, 79, -90, -51, -7, 11, -5, -31, -66, -65, -47, -98, 51, -63, 37, -5, -59, -39, 76, -60, -25, 18, 97, 27, -43, -75, 37, -24, 31, -28, -78, -20, -33, 14, 69, 68, 93, 38, -50, 65, 40, -73, 67, 37, -36, 0, 89, 85, -92, -46, 38, -84, -66, -6, 55, -73, 90, 93, -5, -84, 81, 99, 85, -92, -69, 57, 30, -40, 84, -9, -95, 44, -57, 21, 52, 22, -26, 79, -76, -66, 63, 76, 76, -65, -76, -89, 4, -80, 63, 74, 97, -66, -15, -35, 6, -4, -20, 95, -42, -45, -95, -14, 36, 0, -27, 34, 1, -41, 6, -13, -8, 69, -27, -75, 18, -3, 97, 66, 53, 31, 93, -28, -19, 38, 54, 37, -15, 19, 34, -24, -1, 35, -5, 81, 52, -50, -73, -67, 82, -89, -65, -18, -14, 50, 17, 85, -22, 53, -62, 5, 91, 44, 35, -72, -95, -28, -28, 3, -48, -69, 48, -4, -4, 42, -47, -17, -67, 43, 73, -24, -79, -96, 53, -33, -88, -35, 60, 96, 60, -29, 99, -60, 93, 96, -74, 99, -87, -45, -20, 82, -8, -45, -44, 11, 78, -23, -92, -63, 62, -95, -48, 63, -80, 41, -25, 84, -13, 59, -92, -22, 1, 45, -45, -5, -36, 52, 9, 79, 49, 40, -95, -61, -62, -43, -72, 27, 38, -30, -78, -76, 31, -93, 57, 13, 46, -34, -36, 73, -79, 80, -59, 87, -82, -45, -49, -8, -1, -20, 26, -2, -61, 13, -99, -59, 61, 82, -95, -66, 22, -86, 8, -75, 48, -60, 49, -79, 42, 18, 34, 46, 49, 34, 0, 3, 2, -28, 46, 60, -10, -87, -65, -64, 52, 58, -65, -24, 100, 54, -22, 10, 35, -18, 20, -49, -2, -73, -60, -16, -16, -48, -83, -27, -63, -62, 42, -31, 36, -44, 69, -12, 35, 24, -3, -31, -19, -53, 45, 67, 38, 39, 79, 39, 83, -8, 49, -36, 19, -54, -83, 48, -53, 66, 9, -35, 91, -8, -25, -71, 85, 16, 75, -23, -40, 61, -89, -58, -98, -97, 95, -6, -62, -1, 2, -81, -98, -92, -14, -5, 87, -51, -13, -32, -12, -70, -9, 65, -50, -12, -35, -56, 5, 86, -51, -35, -82, 99, -12, -83, 41, 88, 21, 64, -49, -29, 83, -17, -61, 8, 38, 62, 19, 11, -91, 90, -84, -86, 18, -98, 62, -64, -96, -31, 21, 90, 51, -68, -83, 58, -62, -95, 1, -78, 78, 41, 50, -2, -81, 35, -29, -23, -89, -53, -8, -79, -97, -53, -54, 90, 48, 69, 4, -46, -24, 59, 78, 31, 30, -43, -75, 94, -64, 55, 66, -61, -65, 97, 12, -17, -54, 69, -47, 52, 14, 43, -3, -35, 29, 22, -38, 10, -12, 96, 37, -94, -30, -99, 39, 15, -35, 100, -96, -80, 45, -40, -17, -93, 13, -50, 44, 54, 86, -28, -76, 48, 100, 37, 73, -52, 12, 49, 2, 31, -59, 62, -11, -21, 72, 10, -99, -34, 58, 28, 23, 86, 69, 46, 69, 80, -84, 19, -31, 94, 35, -35, -56, 30, -29, -88, 20, -60, 24, 16, -12, 4, -2, -38, -73, -5, 12, 52, 30, -60, -63, 79, 74, 95, 16, -4, -2, 48, -83, 19, -70, -15, 81, 34, -86, -73, -43, -57, -38, -92, 4, -100, 33, 51, -78, 77, 73, 98, 31, 91, -74, 45, 100, -87, 39, 27, 44, -49, -27, 28, -67, -17, 83, -87, -55, 43, -44, 82, 19, 88, -19, -97, -42, -71, -7, -41, -72, 77, -1, -57, 92, 65, -28, 31, 49, -75, -22, 70, -30, -43, 62, 43, -53, 73, -7, 53, 51, -55, 58, 76, -79, 47, -48, -14, 52, -83, -52, 9, -5, 10, 42, -19, -8, 23, -57, -3, -56, -63, -40, -59, -46, -25, 98, 13, -88, 21, -57, -1, 81, 4, 40, -65, 46, -2, -35, 64, 13, -15, 81, 38, -76, -49, 27, 66, -59, 65, 32, 60, -78, 59, 59, -85, 12, -26, -31, -99, -65, 92, -14, 94, 0, -84, -34, 18, -54, 95, -68, -90, 49, 10, 9, -61, 16, 91, 1, 64, 77, 48, 33, -10, -7, -34, -75, 61, 81, -3, -90, 69, -78, 35, -72, 26, 26, 24, -84, 89, -9, 95, -21, -46, -30, 9, -86, -46, 39, -85, -77, 98, -37, -6, 52, -56, -82, 15, -96, -79, -36, -10, 96, -94, -96, 74, -48, 26, 21, -20, -2, -92, 29, -41, 67, 55, 20, 85, -64, -43, 95, -33, 84, -90, 34, -63, 37, -28, -57, 66, -14, -3, 30, 65, -96, 29, -56, 44, -53, -48, 42, -76, 2, 93, -27, -49, 10, 88, -83, -14, 18, 66, -80, 38, 65, -85, 67, 20, -55, -67, 28, -64, -50, 61, 19, -41, 96, -25, 60, 43, -81, 53, -23, -56, 88, 34, -80, -55, 71, -82, -3, -41, -62, -62, 75, 84, 76, 9, 71, -88, 73, 11, -71, -11, 71, 68, -8, -14, -19, 41, -21, 72, 44, -6, 84, 83, -54, -27, -44, 33, -66, -43, -90, 20, -79, -10, 22, -52, 49, -76, -69, -48, -45, -68, -23, -19, 48, -53, 5, -49, -38, -97, 77, -17, -85, -27, -60, -97, -18, -51, 27, -71, -7, 56, -95, -92, 38, -9, -70, 23, 95, -75, -42, 88, -16, -19, -4, 53, -12, 73, 77, 99, 59, -26, 55, 29, -92, -8, 70, 79, 19, 39, -94, 29, -55, -63, 34, -18, -23, -18, -31, -17, -43, -63, 55, 36, 56, 95, -51, 19, 55, -95, -48, 62, -48, 98, 45, -53, -98, 80, -76, 39, -49, -31, 13, 99, 35, 98, -88, 8, 94, -23, 86, 9, -11, 2, 22, 45, -38, -67, 92, 6, 41, 46, -53, -75, 42, -93, -32, -9, 0, -82, 4, 42, -68, -74, 6, 54, -58, -68, 48, -54, 94, 46, 92, 21, -24, -4, 81, 36, 52, 4, -2, 29, -65, -37, -66, 51, -54, -6, 65, 33, 7, -19, 100, 81, 43, -73, -20, -35, 72, -87, 72, -39, -68, 58, -65, -76, -97, -34, -34, -10, -67, -12, 34, 79, 97, 53, -60, -24, 94, -74, -38, 88, 97, 22, 30, 67, -53, -35, -7, -43, 100, -29, -10, -27, 3, 55, -97, -4, -71, 39, -92, 54, -53, -96, 79, -33, -38, 68, 4, -20, -55, 56, 53, -12, -72, 31, 84, 38, -83, 7, -61, 9, -18, 13, -32, -8, 91, -94, -23, 7, 24, -76, -4, -15, -18, -66, -99, 21, 41, -65, -69, 30, 83, -36, 100, 40, 75, 11, 72, -2, -75, 83, -59, 74, -10, -76, 40, 77, -87, 86, -46, -52, -39, -62, -17, 83, 63, -23, -42, -97, 4, -10, 73, -95, -43, 14, 39, 80, -97, 89, 22, 24, -95, -94, -7, 94, 51, 73, -99, 98, 64, 67, 17, 95, 74, 48, 82, 68, -17, 60, -92, -40, 1, -46, -54, 55, 68, -65, 66, -41, -25, 57, -98, 66, 68, -78, -20, -94, -69, 13, -28, -99, -12, 41, 46, -80, -16, 24, -71, -54, 35, -93, -54, 77, 77, -100, 57, 45, -22, -74, -18, 34, 65, -50, -57, 15, 15, -9, -7, 76, -45, 5, -100, -93, -54, 88, 37, -71, 0, 85, 77, 20, 81, -85, 74, -71, 71, -25, -40, 69, 23, 79, -89, -27, -16, 62, 56, 36, 5, -65, -56, -81, 82, -16, 3, 91, -71, 74, -68, 42, 68, -52, 60, 75, -96, -24, 60, -88, -36, 21, 41, 28, 64, 15, -53, 8, -94, 7, -59, 73, 4, -12, -58, 29, 47, -14, -42, -81, 100, 35, 68, -97, 83, -91, 36, 58, -16, 54, -91, 35, -99, 40, -70, -80, 65, 86, 28, -59, -86, 60, -21, -49, -35, 50, -26, 48, -6, 58, 27, 26, 60, -2, -89, 69, -49, 84, 71, -92, 59, -33, -18, -50, -98, 98, -37, -34, -55, -43, -98, 47, -98, -15, 40, -19, -15, 97, 84, 73, 44, 42, -9, -17, -9, -10, -32, 92, -13, -78, -18, 55, -13, -11, 79, 17, -54, -66, -61, 71, -53, -98, 46, -91, -19, -78, -78, 44, 65, 74, -51, -47, 90, 51, 20, -35, -90, -52, 22, 87, 65, 92, -47, 7, -48, 92, -53, 88, -48, -75, -38, 83, 56, -32, -87, 5, -72, -72, 38, 95, 52, 82, -60, -65, -42, 94, -1, 39, 42, 91, 30, -10, 27, -74, -61, 81, -57, 21, 74, 44, 88, 18, -41, 75, -53, -49, -6, 33, 2, 8, -35, 87, -20, 66, -74, -11, 39, 43, 7, 92, -75, 55, 77, -42, 20, 60, 23, 55, -27, -9, 14, 79, -1, 90, 76, 53, -21, 95, -91, 44, -76, -54, 79, 25, 62, -19, -78, -70, 35, 14, -87, -58, 23, -88, 29, -8, 83, 18, 12, -95, -15, -74, -49, -1, 65, 23, -15, 3, -90, -25, 98, -73, -72, -53, 32, 46, 24, 21, -74, -80, 29, -34, -65, -16, 17, -75, -36, 29, -75, -77, -60, 18, 63, -27, -100, -25, -67, -56, -58, -94, 47, 37, -93, -78, 6, 2, -42, -85, 78, 70, -31, 34, -21, -22, -60, -22, -63, 85, -96, -23, -4, 25, -69, 0, 41, -42, 95, 81, 32, -39, 89, -95, 24, 27, -34, -100, 12, -25, -38, -26, -36, -62, 9, -52, -99, -11, 97, -81, -30, 66, 71, 62, 23, -70, 0, 84, 98, 26, 18, -77, -74, -23, 40, 20, 51, -65, -28, -40, 30, 5, -22, -56, -7, 100, -66, -85, 31, 50, -75, 61, -17, 3, 23, 18, 73, -73, 61, 60, -70, 5, -56, -77, -53, -98, -11, -79, 68, -83, 33, -89, -70, 87, 34, 45, -85, 76, 11, 82, 39, -60, -29, -3, 69, 61, -94, 88, 17, -71, -49, -88, -47, 34, -44, -5, 50, 92, -42, 72, 81, 36, 44, -99, 33, -2, -48, 77, -66, -67, 78, 87, -100, -13, -60, -14, -31, -37, -13, 85, 32, 33, 19, 16, 48, 83, 28, 70, 83, 13, 45, 31, 81, 33, -21, 22, -86, 49, 33, 67, -38, -18, -85, -61, -49, 9, 35, -10, -38, 84, 19, 93, -32, -60, -32, 42, 64, -57, -79, -71, 25, 94, 16, -14, 60, -61, -11, 22, -17, 64, 30, 95, 47, 9, 39, 16, 17, -41, 7, 20, -33, 62, 40, 26, -31, -60, 12, -99, -6, -41, 84, -56, 7, 26, 2, 61, -43, 94, 4, -89, -21, 3, -95, 51, -23, 62, -23, -79, -43, -6, 79, -21, 57, -94, -79, -91, 28, 9, 87, -100, -77, -74, -14, 55, 6, 20, 77, 36, 75, 59, -90, 17, 77, -26, -73, -62, -38, 46, -55, 71, 11, -15, 89, -65, -14, -79, 55, 87, 66, 28, 78, 19, -26, -48, -86, -62, -69, 10, 18, -44, -72, 3, -23, 71, 9, 38, -5, -32, 26, -11, -42, -46, -6, 13, 2, -49, 43, -52, -78, 60, 71, -14, 49, -82, 34, 19, 31, -25, -4, 71, -6, 23, 35, -12, -75, 18, 74, -95, 12, 70, 97, -1, -43, 50, -4, -70, 47, -47, -28, -25, 88, -13, -84, 80, 64, 82, 83, -10, 73, -50, -14, -76, 52, -49, 9, 40, 14, -62, 11, 73, -52, -44, 57, 96, -25, 52, -43, 91, 27, -93, 33, 12, 26, -8, -96, 62, 86, -34, 84, -45, 92, 79, 29, 53, -90, 50, -21, -43, -90, 7, -20, -10, -20, 51, 50, 54, 55, -43, -29, -81, 3, -13, -34, -55, 21, -54, -57, -3, 45, 77, -48, 100, -52, -27, -73, -25, 58, 58, 13, 4, 15, 50, -33, -20, 83, -50, -30, -41, -8, 20, 37, 40, 7, -4, 16, -61, -32, -37, -41, 14, -10, 89, -20, -28, -85, -17, -30, 85, -48, -25, 76, -92, -33, -91, -66, 81, 88, 27, 26, 23, -1, 22, 84, -21, -97, 51, 67, 12, 19, 32, -89, -48, 5, 89, 85, -53, 15, 58, 26, 25, 37, -68, -80, 19, 6, -100, -26, -32, -55, -74, 45, 35, -73, -66, -69, -31, -70, -12, 62, 63, -43, 97, -69, 40, 40, -65, -13, 10, 4, -3, -4, -72, -49, 67, 3, 37, 45, -49, 9, -71, 43, 1, 53, 89, -64, -69, -2, -4, -47, -25, -21, 12, -31, 16, 61, 93, 22, 96, -16, 39, 14, 83, -70, -34, 4, 74, 38, -49, 40, 53, 56, 68, 59, -100, 92, -68, -19, 42, 99, -55, 46, -92, 4, -45, -60, 28, 78, -10, 19, -96, -83, 75, 25, -90, 67, -97, 91, 9, -30, -85, -46, -25, -2, -86, 40, 50, 65, 27, 93, -17, 65, 47, -35, 21, 87, -54, -67, -66, 50, -58, 9, 99, 13, 79, 62, 75, -96, -53, -22, -89, -25, 39, 62, -24, 19, 62, 49, -41, -93, -84, -29, 25, -35, 70, -66, 62, 81, 78, 29, -92, -6, -41, -70, -10, 18, 77, -6, -86, -38, -77, -17, 98, -62, -76, 7, 38, -6, 24, 94, 59, 97, 16, 80, -11, 24, -24, -16, -39, -28, -4, 25, -1, 9, -41, 10, -8, 27, 42, 87, 83, 1, -16, -3, 86, 41, 30, -90, 85, 43, -48, -42, 58, -61, 12, -52, -86, -54, 95, 92, 53, 92, -10, 65, 46, -95, -73, -47, 30, -23, -23, -56, 65, 20, -36, 45, 29, -63, 85, -52, -21, -60, -64, 78, -55, -28, 56, 54, -80, -26, -69, 57, 28, -82, -80, -5, -39, -90, -68, 35, -87, -100, 0, -27, 58, -25, 9, -7, 94, -63, -5, 17, 23, -20, -37, -48, 41, 58, 90, 55, 30, 13, 60, -43, -76, 11, -83, 6, -82, -21, 1, 87, -96, 25, 14, 37, 20, -60, -48, 86, -84, 75, -21, 100, -27, 1, 75, 48, -11, 86, -39, -52, -78, -57, -97, 47, -15, 14, 65, 29, -25, 15, -34, 7, 67, -12, -34, -20, 20, 22, 92, 97, -97, -24, 46, 18, -66, 28, -69, -54, -89, 76, 56, -87, 33, 72, -41, -85, 68, -4, 45, 80, -40, -90, 1, -68, 6, 40, 75, 24, 84, -66, 65, 66, 91, -41, 84, -66, -44, -2, -46, -43, 48, -24, 95, -2, -91, 81, 93, 29, -18, 10, -30, -76, -32, -11, 94, 40, -21, 14, -73, -10, -36, -62, -98, -1, 61, 68, -53, -56, 35, -17, 97, -87, 4, -76, 82, -45, 62, -21, -18, -81, -2, 89, 36, -66, -57, 28, -24, 87, -3, -85, 70, -47, 64, -99, 14, -70, 0, 81, -25, -49, 42, -2, -13, 52, -19, -27, -58, -50, -39, -93, 45, 82, 72, -61, 29, 60, 10, -88, 10, 44, 42, -21, 15, -99, 89, 62, -68, 4, 53, -19, 58, 29, 93, 88, 82, -9, 57, -75, -17, -45, -92, -18, 3, 23, -7, -67, 23, -87, 38, 88, -64, 74, -16, -36, 10, 94, 92, 66, -49, 21, -36, -49, -17, -70, -89, -32, 9, -38, 99, -20, -94, 79, -89, 40, -58, -38, -13, -100, 13, 2, -42, -11, -94, -75, -53, -82, 52, -23, -79, -9, -41, -71, -33, 59, 14, -58, -89, 76, -30, 27, -55, -32, -46, -49, 92, 98, 3, -96, -10, -78, 36, -88, -28, 35, -80, -66, 74, -8, 85, 9, 14, -78, -51, -1, 20, 95, -5, -1, -16, 95, 10, 92, -7, -65, 78, -18, 49, 31, 56, 62, -4, 58, -11, 98, 83, 46, -37, 10, -3, -17, -31, -89, 41, 12, 23, 78, -15, -50, -31, -94, -27, 10, 21, -22, -31, 26, -69, 63, 98, -60, -72, -91, -72, -22, 14, 11, -3, -57, -19, 18, 64, -51, 27, -89, 28, 63, 26, 25, -18, -92, -6, -1, -78, 12, -96, 80, -68, -81, 24, 55, -4, 76, 81, -35, -78, -24, 52, 49, -5, 2, -34, 51, -58, -82, 96, 53, 32, 29, 55, 12, -14, 32, 50, -5, -62, -77, 4, 56, -46, -87, 53, 79, -72, -86, 54, 76, -40, -90, 3, 73, 16, 48, -32, 65, 41, 70, -54, 11, 59, -2, -52, -41, -99, -75, 12, 67, 44, 53, -7, -60, -92, 86, 67, 65, 86, 32, -64, -20, -65, 13, -57, 7, -42, 13, -19, -57, 42, -58, -60, 33, -12, -80, -84, 67, -2, -99, -6, -85, -4, 7, 7, 41, 11, 98, 33, -23, -59, 56, 2, 25, -23, -97, 25, -51, 79, -54, -63, 51, 84, 84, 25, -25, 87, -83, -63, -64, -4, 14, -10, -31, 55, 37, -14, -84, -44, 41, 58, -5, -99, -47, -22, 79, -96, 92, -84, 13, -98, -100, 10, -29, -98, -95, 77, -85, 41, -39, -52, -76, -37, -44, -60, -41, 23, -21, 16, 9, -60, -2, -94, 17, 19, 52, 21, 90, 57, -16, -52, -72, -68, -68, -85, -17, 69, 59, 16, 96, 50, -79, 75, 5, -7, -35, 91, 80, -49, -29, 73, -58, 28, -2, -32, -18, 78, -50, 16, 8, -21, 38, 50, -84, -22, 82, 98, 34, -59, -55, 42, 17, -25, 11, -97, 33, -97, -57, 34, -89, 43, -17, 75, -37, -10, -60, -1, 59, 45, -21, -19, -64, -53, -88, 12, 5, -98, -100, -26, -100, 61, 82, -77, 69, 36, -53, -5, 89, -55, 56, 59, -30, -95, -76, 5, -55, -97, -36, 93, -91, -82, -3, -51, -98, 43, -80, 62, 34, -45, -72, -62, 25, 36, 94, -69, 93, -3, -10, 36, 62, 10, -52, -12, -3, -71, -70, -38, -86, -7, 68, 36, 62, -40, -59, -63, 42, -37, -27, -73, 67, 15, 18, 32, -38, -7, 87, -88, -34, 87, 53, 86, 43, -5, -97, -31, 92, -65, 50, -80, -49, 93, -33, 21, 52, -61, 6, -19, -77, 3, -42, 47, -42, -31, 67, 44, -90, 88, -89, 72, -100, 75, 100, -19, -95, -17, -50, 49, 36, -68, -77, 25, 6, 3, -77, -44, 57, 29, 99, 16, -94, -60, -82, 31, 98, 95, -39, -54, 73, 69, -38, -73, 90, -11, -77, 74, 60, 10, 97, -67, -57, -5, 66, 57, -6, 74, 83, -100, 100, -17, -40, 31, -12, 48, -8, -85, -7, 75, -50, -17, -18, -70, -87, -68, 87, -65, 52, 25, -86, 0, 4, 72, 56, 29, -20, -21, -16, -42, 87, 95, -77, -41, -39, 46, 7, -69, -89, -18, -33, -80, -66, -72, -5, -24, -45, -37, 23, -66, 32, 89, -74, 71, 48, 55, -68, -97, 57, -69, -83, -84, 32, 94, -77, 88, 74, -31, 87, 18, 68, 77, -92, -8, -55, 49, -74, 43, 32, 85, 51, 52, -20, 65, -77, 0, 64, 26, -84, 1, 8, 50, 35, -60, 8, -79, 27, -90, -94, 52, -29, 16, 90, -92, 7, -97, 33, 71, 55, 65, 26, 19, 36, -75, -33, 91, -77, -72, -74, 83, 7, 38, -28, -2, 51, 5, -47, 32, 80, 3, -19, -41, -3, 43, 51, 75, -57, 99, 67, 45, 62, -3, 76, -82, 61, -86, 34, 57, 18, 39, -65, 94, -39, 30, 68, 62, -38, -82, 28, -5, -68, -90, 27, 23, -99, 25, -47, -47, 41, 24, -8, -36, 78, -29, -30, 13, 23, -93, -33, -49, 61, 31, 29, -36, -23, 9, 17, -34, -56, -17, 38, -82, -22, 21, -49, 70, -71, 89, 92, 61, 47, -36, -60, -10, 32, -77, 18, 93, 38, 74, -77, -56, -13, -49, -83, -64, -46, 99, 62, 48, 80, 63, -14, 0, -18, -63, 5, 17, 64, -23, -70, -43, -83, -4, -15, -81, 80, -21, -84, -4, 86, 36, -91, -82, 30, -75, 28, -96, 33, 40, 87, 12, 75, -5, 88, 71, 24, 92, -87, -56, 37, -5, 20, 12, 32, -93, -12, -44, -86, -14, 84, 82, -19, 29, 85, -96, -85, 98, -13, 15, 55, 11, -57, 86, -56, -7, 27, -63, 15, -36, 33, 73, -74, -41, -37, -16, 89, -82, -91, 78, 54, 56, -91, -23, 68, -12, -26, 53, 11, -95, -10, -66, -91, 64, 61, -30, 18, 87, 38, -15, -61, 40, 5, 23, 12, 52, 37, -50, 32, -60, -42, 23, 56, 24, 73, -39, 2, -53, -38, -75, -87, -55, -31, -21, 28, 14, -54, 3, 14, -35, 14, 2, 83, -51, -31, -96, 86, 79, -85, -64, 11, -89, -7, 69, 47, -50, 5, 71, -11, 62, -75, -43, -59, 53, -39, 96, -32, -91, 18, 94, 2, -7, -64, -80, -60, 8, 67, 97, 43, 99, -20, -2, 77, -63, -2, -20, -58, 9, -96, -42, 94, 24, -20, 66, -92, 73, 18, -12, 38, 18, -25, 83, -100, 7, 80, 9, 66, -2, 55, -100, 19, 84, -4, -14, 63, 20, 1, -31, -68, 29, 44, 64, 66, -45, -33, 41, 18, 79, 65, 85, 4, -76, 36, 28, -26, 20, 27, -30, -60, -39, 3, -25, 60, 84, -97, 59, -29, 17, 40, 60, 3, 77, 25, -14, -17, -42, -12, 78, -79, -28, 15, -23, -46, -64, -86, -17, -78, -51, 85, 1, -34, -8, 32, 61, 80, 83, -6, 37, 1, 29, 93, 58, -41, -68, 25, -89, -57, -36, 84, -69, -32, 20, -13, -17, 42, -68, 92, -4, 67, 82, 85, 4, -73, 84, -87, 79, -95, 65, 99, -41, 70, 41, -58, -94, 39, 80, -11, -46, 55, 95, 70, -73, -49, -28, -89, -35, 23, -17, 62, -7, -63, -82, 36, 29, -1, -6, -84, -28, 20, -51, -15, 83, -27, -37, -59, -17, 46, -77, -38, -92, 2, 42, 13, -42, 58, -94, -59, -19, 78, 79, -39, 20, -30, 67, 11, -86, -17, 33, -29, -36, -17, -19, 89, -86, -65, 98, 77, -41, 69, 61, -62, -85, -77, 41, -33, -76, -66, -87, -48, 9, -98, 25, -87, -61, -74, -64, -97, -33, 91, -86, -35, -45, -95, 26, 29, -16, -80, -9, -33, 87, -71, -7, -39, -96, 11, -85, -85, -63, 83, 97, -34, -90, 45, 26, 53, -95, -48, -65, -32, 14, -9, -4, -57, -3, -22, -52, -4, -39, 51, 22, 18, -52, 81, -57, -14, 50, 20, -45, -81, -34, -28, -5, -14, -50, 29, 4, -78, -66, 17, -96, 77, -39, 60, 98, -20, 42, 97, -57, 88, 65, -55, 47, 57, -62, -64, -23, -93, 78, -67, 31, -93, 1, 6, -95, -73, -71, 46, -94, -17, -4, -31, 2, -82, 10, 34, 100, 51, -40, -68, 100, -30, 72, 64, 14, -4, -5, -73, 74, -67, 52, 71, 55, -36, -38, -78, 55, 37, 26, 65, -6, 46, 18, 25, -47, 42, -40, -85, -46, -44, 2, 77, 34, 0, -6, -72, 56, -6, 61, 2, 85, 42, 16, -52, -45, -10, -72, -84, -38, -72, -11, 12, -65, 21, 45, -53, -59, -6, -97, -58, -1, 4, 79, -55, -42, 7, -92, 33, 10, 30, -6, 15, -80, -67, -26, 100, 68, -5, -68, -2, 94, 10, 95, 19, -26, 0, -6, 64, -16, 12, 98, -1, -89, 79, 93, -35, -96, 81, -94, -35, 80, -63, -83, -95, -92, 14, -2, 42, -16, 77, -30, 44, 18, -74, 4, -26, 64, 74, -31, 42, 5, 2, 82, -43, 85, 31, 84, 29, -77, -75, -13, -86, 12, 83, 60, 33, -35, -87, -22, -56, -17, -7, -100, 27, -90, -55, -5, 22, 49, 49, 87, -37, 43, 1, 44, 31, 58, 68, 68, 24, 64, 15, 62, -2, 91, -67, -5, 16, 41, -57, -53, 80, -8, -85, -48, -40, 12, 41, 0, -81, -64, 42, -51, -81, -8, -47, -6, 20, 29, 4, -70, -87, 96, -84, 71, -24, 77, 68, 61, -65, 28, 90, 37, 66, -75, -75, 46, 53, -18, -37, 45, -16, 24, -78, -20, -13, -26, -78, 73, 30, -46, 63, -60, 93, -83, -55, 67, 23, 39, -78, 49, -16, 59, -43, -15, 88, -42, -54, -14, -30, -45, 42, -61, -56, 97, -86, -19, 71, -48, 65, 44, -29, 72, 25, 31, 24, 91, 85, 6, 72, 65, 3, 26, -94, -2, 61, 71, -36, 5, -68, -75, 84, -65, -23, -5, -53, -45, -51, -61, -73, 55, 10, -72, -61, -70, 9, -64, 13, 46, -38, 20, 70, -32, -39, 59, 76, 2, -8, -51, -43, 53, -99, 60, -4, 71, -11, 61, -49, -10, 34, -10, 86, -85, -4, 32, 52, 87, 33, 3, 100, 14, -64, -44, -40, 96, 4, 15, -48, 52, 8, -30, -20, 53, -59, 93, 15, 77, -38, -5, 39, -7, -56, -87, 12, 52, -98, 75, -46, -56, 42, -29, 51, -40, -99, -27, 37, 87, 62, -22, 67, 75, 92, -78, -84, 39, 45, -83, 26, 13, 99, -93, 12, 99, -83, -42, -85, -66, -96, 12, -86, -7, 38, 67, -64, 77, -25, 67, 43, -16, 52, -27, 97, 66, 28, -38, 54, 20, 42, -17, 69, 73, -15, 77, 76, 20, 94, 22, -74, -18, -20, -44, 86, 15, -26, -28, 37, -78, -10, 70, -56, -28, -81, 21, -18, 95, -29, -49, -27, -96, -63, -7, 1, -69, -92, 50, -32, 95, -89, -85, -69, -58, 17, 42, -5, 39, 62, 42, -87, 99, 70, -9, 97, -34, -73, 47, 94, 0, 69, -38, -56, 92, 54, -75, 2, 26, -48, 51, 8, -87, 8, 4, -71, -24, -51, 48, -93, 10, 86, -73, 99, 94, 47, -75, -14, 36, -5, -94, -22, -95, 89, -39, -78, -66, -78, -70, 2, -54, -40, 30, 62, -19, 41, -87, 54, -38, 81, -39, 61, -42, 11, 28, -79, -92, -92, 71, 9, -36, 56, 77, 27, 95, -26, -25, 48, -40, -50, 49, -47, -21, -41, 88, 18, 62, 36, -49, -97, -95, 64, 79, 67, -89, -38, -48, -70, 100, 99, -32, -47, -33, 27, -90, 0, -88, -99, 62, 50, -71, 78, 100, -36, 98, 65, 77, -44, 3, -36, -61, 64, 88, 10, -35, 78, -35, 67, 93, 44, 67, -41, 12, -5, 3, 46, 88, 71, 38, -88, 26, 56, -99, 81, -26, -55, 83, 99, -83, 4, 100, 1, -64, -63, -1, -47, 28, -87, -42, -58, 83, -85, 71, -40, 83, 36, -2, 18, 92, 94, 80, 93, -53, -85, -60, -50, -89, 69, 38, 35, -63, 78, 41, -75, 85, -29, -98, 64, -8, 27, 91, 76, -81, 21, 42, 26, 8, 87, -32, -48, 16, -94, -52, -96, 86, 96, -16, -92, 40, 97, 44, -38, -7, -70, -59, -90, -63, -19, -40, -7, 28, 37, 69, -30, 50, 92, 85, 17, 24, -88, 52, -48, -73, 19, -29, -87, -19, -42, -5, -34, 67, 54, -69, -25, -10, 70, -79, 74, -59, -37, 32, -73, -59, -94, 25, -21, -6, 33, 69, 82, -75]
Subarray found: [96, 39, -18, -15, -4, -43, 9, 16, 90, 87, 83, 24, 70, -67, 12, 42, 57, -34, 100, 76, -55, -21, 3, 79, 70, -5, 4, -62, -24, -87, -3, -10, 76, 39, -65, -25, 64, 95, 55, -72, 93, 16, -41, -20, 11, 22, -26, -66, -2, -35, -98, 15, 55, -17, -85, -25, -18, 80, 86, 7, -1, 24, -48, 30, 57, -24, 1, 3, 20, -76, 56, 54, -82, -44, 50, -45, -62, 78, 79, 96, 28, -26, -91, 45, -42, 35, 22, -38, -84, -6, -14, 7, 39, 31, -88, -87, -9, 42, -78, 80, 18, -58, -7, -39, 79, 30, -65, 5, -92, -3, 66, 67, -90, 90, 41, -57, 70, 40, -38, 77, 21, 36, -40, 24, -72, 19, -41, 35, 56, 17, 61, 20, 90, 49, -47, 12, -39, 81, 31, -48, -13, -26, -59, 99, 33, -1, -86, 80, -79, 73, -14, 34, -41, 83, 35, -87, 20, -9, 35, -100, -63, 20, 63, -15, 99, 100, -28, -72, -42, -89, -41, -77, -27, -43, -47, -70, 57, -54, 14, -44, 75, 82, -80, 25, 27, 96, -45, 13, 96, 4, 17, -69, -44, -90, -81, 62, -28, 53, 90, 26, 35, 12, -39, -33, 45, -15, 77, -90, 13, -72, 33, 21, 37, -82, 4, -42, 99, -48, -44, 46, 92, -14, 45, 46, -44, -16, 55, -98, -38, -31, 32, -16, -53, -41, 80, -1, -73, -54, 57, 14, 76, 94, 6, -76, -2, 14, -2, -72, 45, 91, 20, 13, -85, -30, 25, 53, -10, -36, 66, -16, 48, -25, 32, 59, 32, 34, 80, 62, -77, 92, 42, -38, 2, 79, 52, -97, -54, -18, -31, -42, 69, 82, 95, -50, 66, -97, -32, 42, 93, -54, -63, -44, -46, 76, 73, 29, 81, -89, 62, 28, 62, 36, -32, 8, 4, 53, 13, 16, -71, 66, 68, 13, -62, 67, -91, 69, -91, 98, -31, -38, -58, 73, -90, 15, 30, 52, 86, -29, 40, -86, 83, 76, -29, 49, -74, -43, -29, 21, -74, 77, -45, -78, 57, -62, 65, -15, 86, -82, -10, 82, 80, -63, -40, -37, -42, 23, -31, 48, 91, 78, 81, -4, 57, 88, -100, 37, 19, 13, -72, -57, 1, 51, -87, 5, 2, 15, -10, 89, 27, 74, -93, -12, -95, 40, -80, -58, -94, -15, 79, -58, -77, -80, -38, 53, -91, -58, -72, -36, 79, -57, -48, 57, 61, 79, 73, 68, 65, -66, 15, -3, 45, -33, 74, 82, 86, -82, 89, -41, -9, 75, 52, -30, -98, -81, -39, -32, -92, 87, -87, 87, 28, 43, -58, -99, -81, -88, 4, 74, 34, 16, 63, -62, 37, 51, -31, 34, 15, -20, 13, 100, 89, 90, -41, 70, -39, 59, -31, 68, -44, 82, 81, -11, 8, -80, -46, -31, -14, 93, -5, 19, 78, 28, -1, -15, 93, -72, -90, 7, 26, 67, -49, -56, -80, 71, -13, -41, -30, 51, -53, -28, 1, -61, -51, 75, -57, 0, -27, 97, 31, -81, -15, -25, -62, -59, 47, 11, 43, 22, 92, 28, -63, -86, -55, 26, 70, 66, -77, 27, 9, 78, 96, 40, 63, 80, 22, -30, -87, 47, -26, 74, -20, 70, -63, -98, -68, 81, 67, 49, -91, -90, -53, 76, -37, -93, 87, 93, 97, 67, 46, 54, -75, -4, 80, 44, -5, -53, -61, -60, 74, 74, 13, 43, -82, 54, -34, -85, -36, 4, 12, 77, 81, -52, -49, -71, 37, -83, -75, -82, 25, -48, -69, -73, -35, -43, 23, -55, -89, 35, -18, 92, 32, 95, -19, -3, 73, 32, -60, 79, -7, 56, -33, -7, -73, 23, 46, 9, -90, -47, 59, -87, 34, -33, -68, 62, 72, -20, 64, 33, 6, 54, 29, -29, 8, -11, -63, 29, -81, 72, 48, 96, -52, 38, 13, -2, -80, -9, -20, -27, 75, -67, 41, -5, 86, 82, -36, 42, 18, -48, -74, -29, 43, 96, 89, -71, 32, 39, 94, -49, -14, -86, 49, -72, -49, -43, -10, 75, 88, 97, 42, -51, 10, -34, 34, 36, -90, -36, 78, -42, -94, -62, 100, -58, -27, -57, 58, 3, 71, -62, -90, 22, 70, -45, -37, -11, 2, 20, 66, -97, 44, -34, 76, -3, 78, -7, 45, -25, 82, -72, 97, 14, -36, 79, 82, -71, -40, -19, 14, -69, 46, 62, -67, 83, -1, -98, 81, -78, 13, -83, 92, 60, 85, -63, -83, -66, 9, -58, -11, -87, 70, -89, -44, -4, -78, 16, 51, 41, 59, -71, -88, 23, -35, -77, 6, 1, 26, 22, 7, -40, 21, -37, -86, 26, -99, -30, -16, -52, 29, -23, 75, 63, -22, 18, 20, 14, -76, -64, -31, -16, -3, -55, -63, 84, -18, 46, 89, 22, -38, -73, -33, -16, 74, 68, 13, -65, 80, -59, 71, 86, -29, 89, -53, 75, 45, -29, -5, -70, -76, -75, -14, -45, -51, 52, -73, -1, -100, -9, 85, 4, 6, -80, -76, -41, -38, -14, -98, -28, -27, 63, -2, 1, 67, -67, -1, 9, 0, -15, -30, -26, -4, 93, 4, -63, 75, -66, 45, 64, 40, 97, -38, 49, 59, -21, -47, 48, 80, 5, -9, 14, 69, -61, -41, -47, 22, 99, 78, -20, -73, -88, 37, 73, 82, -45, -79, -35, 81, -48, -34, 82, 63, 88, 19, 60, -20, 84, 50, 19, -68, 65, 5, 77, 88, 71, 40, 69, -73, 11, -29, -87, -7, -17, 90, 49, -38, -8, 19, 76, 7, 97, 3, -4, 23, -85, 18, 98, 33, -6, -32, -29, -33, 98, -92, 78, -84, -45, -8, -73, -55, 41, -39, 89, -8, 57, 5, -76, 14, -87, -64, -42, 11, 53, 93, -65, 25, 2, -80, 56, -10, -85, 86, 35, 68, 73, 74, 14, 9, 66, 14, 82, 47, -66, 60, 52, -23, -30, 12, -67, 69, 37, 15, -16, -2, -94, -63, 60, 14, -50, -28, -33, -19, 87, -66, -27, -63, 91, -43, 37, -34, -57, -9, 90, 56, -60, 10, 53, -20, 77, 91, -17, -76, 58, -78, 64, -40, 37, -49, 22, 68, 26, 0, -52, -23, -68, -14, -19, -81, -66, -20, -44, 73, -11, 56, -52, -89, 43, 81, -2, -24, 22, -95, 55, 1, -25, 71, -47, 51, -89, -75, 86, -66, 20, -2, 79, 42, 39, -33, -67, 87, -64, 37, -6, 15, -28, 24, -53, 1, -79, 25, -8, -16, 43, -85, -11, -62, 52, -58, -22, 22, 53, 8, 47, 40, 71, 100, 23, -12, 41, -79, -42, -96, 80, 62, 91, -96, -39, 28, -28, -21, 93, 54, -3, 86, 34, 12, -100, 18, -41, 59, -5, 41, -96, -79, 91, 16, -63, -3, -71, -6, -12, -48, 37, -66, 76, 84, -98, -31, 42, 21, -58, -96, 27, -50, 24, 55, 22, 12, 43, -97, -94, -47, -50, -62, -8, 36, 13, 78, -9, -71, -82, -13, -37, 62, -5, 88, -82, 13, 62, -37, 32, -66, 69, 74, 56, -88, 52, 15, 96, 49, 14, 74, 92, 71, 26, 0, 64, 32, 2, -97, -63, 3, -40, -38, -40, 29, 41, -31, 62, 73, 91, -80, 66, 8, -29, -34, -93, -43, 13, 99, -69, -89, 47, 81, 62, 20, -66, -86, 0, -88, 25, 87, -46, -2, 78, 28, -80, -80, 67, -9, -28, -38, 1, -53, 87, -33, 97, -53, 1, 37, -53, 19, 19, -99, 44, -55, 71, 31, 56, 0, 76, 28, 53, 4, 52, 85, 26, 18, -24, -66, 37, -68, 6, 96, 18, 100, -78, -48, 77, -60, 38, 27, -60, -90, 48, -93, -93, 65, -53, -38, 54, -43, -75, 72, -72, 54, 69, -26, 62, 68, -59, 4, 29, -6, -92, 93, 71, -16, -55, 75, -9, -50, -59, -76, 5, 46, -24, -48, 1, 43, -94, -63, -37, 16, 47, 37, 1, 55, 99, 88, 75, 56, -15, -11, 48, -8, 40, 34, -87, -52, 6, 80, -49, 33, 22, 45, 28, 88, -52, 79, -64, -39, -27, -22, 38, -74, 3, 61, 97, -50, 61, 14, -80, -67, 96, 62, -60, 48, 33, 5, 58, -92, -58, -89, 78, -61, 53, 57, -63, -65, -42, -82, -88, -90, -20, 21, 91, -100, 94, 70, -80, -15, -94, 78, -76, 46, -95, -41, 15, -64, -37, -30, -69, -55, -34, 9, -50, 24, -1, -61, 33, -98, 53, -65, 100, -76, 47, 43, 61, -57, 54, 26, -71, 31, -67, 24, -61, 23, 68, -7, -18, -26, -92, 92, -50, 36, 96, 29, 100, -75, -22, 70, -73, 5, -2, 30, 39, -80, -19, -30, 57, 39, -22, -55, 49, 70, 91, 95, -85, 2, -1, -29, 13, 44, 66, 43, -41, 5, 87, 91, 26, -21, 70, 51, -76, -39, 40, 96, 67, -15, 9, 57, 50, -48, -85, -70, 43, 7, 3, 91, -90, -64, -93, 14, 69, -10, 36, 9, -85, 32, 41, -94, -37, -52, 4, -100, -53, -16, -10, -50, 30, -96, -35, 50, 31, -84, 32, -5, -100, -55, -70, -15, -26, -29, -24, -36, 11, -50, 68, 60, 57, 95, -94, 39, -23, -59, 10, 74, -29, 16, 56, 97, 10, 72, -12, 16, 79, 59, 35, 56, 88, 53, -17, 40, 20, -85, 42, -50, 3, -80, 74, 26, 21, -95, 42, -39, -77, 88, 60, 98, -69, -67, -45, -81, 69, 97, 92, 11, -44, 49, -18, -43, 43, -65, -48, -70, 51, -41, -6, 96, -41, 30, -24, 86, 13, -23, -84, 99, -53, -16, -55, -2, -14, -3, -82, -32, -65, 85, -86, 47, -45, -92, -99, 3, -14, 78, -92, -64, 37, -25, -61, 66, 41, 87, 88, 93, -71, -60, 95, 33, -57, 11, 99, -6, -36, 44, -75, 64, -55, 61, -24, -75, -93, -53, 10, 8, 14, -28, 24, -84, 73, 36, -13, -38, 100, -26, 63, -80, 76, 79, 17, -53, 37, 80, 12, 24, -73, 17, -62, 58, 0, 25, -66, -85, -33, -36, -8, -92, 30, -16, 11, -66, -78, 34, -35, 73, -46, 94, 63, -79, 43, 18, -29, 99, 6, 81, 64, 64, -64, -96, -53, -49, 74, -25, 78, -66, -65, 67, 10, -48, -82, 20, -45, 45, -44, 86, -88, 24, 31, -58, -62, 20, 6, -75, 4, 38, 98, -42, -3, -50, 87, 45, -74, -49, 28, -97, 82, 34, 76, 62, 20, 40, 70, 72, -22, 7, -58, 15, 60, 74, -31, -23, 10, 36, 66, -89, -54, 51, -27, 99, 12, 69, 57, 50, -89, -81, 24, 1, 80, 23, 45, -79, -59, 52, 81, 8, 1, 8, 12, -71, 81, -18, 99, 33, 58, 14, -23, -28, 82, 6, 93, 56, -62, -98, -24, 51, 86, -36, 71, -23, -78, -18, 56, 80, 52, -38, -70, -62, -1, 7, -12, -5, -60, 88, 13, 48, 89, 92, 75, -67, 93, 53, -47, -37, 10, 57, -80, 2, -22, -55, -33, 4, 86, 60, 95, 34, -69, -32, 58, 19, -67, -66, 14, 61, 15, 90, -62, -98, 0, -58, -38, 88, 76, -75, 71, -26, -25, 55, 66, 2, -39, 73, 10, -28, 59, 69, 72, -81, 83, -6, -32, 99, 20, 15, 78, -40, 65, 33, -7, -13, 44, 4, 16, -33, 63, -9, 67, 71, -45, -24, -71, -96, 18, 90, -39, 13, -98, -94, 60, -28, 52, -50, 25, 60, -35, -37, -89, 88, 4, 57, -57, 15, -58, -5, -27, 11, 76, -97, 4, -65, -41, -34, 88, -77, 58, 44, 71, 8, -8, -63, -14, 79, -20, 73, -59, 44, -69, 97, -71, 73, 2, -81, -17, -94, 41, 94, -21, 100, -49, 14, -50, 12, 21, -23, 42, 18, -40, -5, 79, 87, 37, 31, -1, -4, -8, -7, -20, -45, 27, -89, -43, 57, 24, 21, -23, -79, -9, -70, 92, 99, 42, -10, 6, -84, -54, 23, -8, -7, -32, 12, -41, 49, -12, -7, -2, -5, -71, -4, -14, -92, 29, 34, -34, -25, -50, 21, -27, 40, -99, -68, -45, -81, -57, -78, -48, 74, -49, 11, -65, -33, 40, -14, 51, 26, -85, -38, -17, 22, 35, 44, 26, -37, 55, -70, 27, 14, -33, -62, 68, 62, -26, 17, 68, -21, -13, -71, 97, -97, -10, -21, 78, -45, -96, -49, 20, -75, 84, -72, 65, 38, 83, -9, -97, -49, -36, -91, -47, -81, 24, -26, 23, 25, 16, 83, -97, 81, 3, -42, 46, -73, 36, -66, 28, 69, -84, -83, 76, -7, 40, 38, -51, -28, -35, -90, -47, 51, 60, -32, 45, 32, -76, 16, 65, 23, 19, -85, -94, -53, 83, 42, -67, 18, -61, 68, 37, -38, -30, 3, 23, -29, 47, -55, -44, 63, -38, 93, 0, -56, 55, 34, -37, -58, 51, -60, -60, 93, 33, -75, -1, -24, 65, -38, 36, 89, -10, -79, -77, 67, -6, -28, -55, 5, 76, 45, 17, 26, 20, 90, 67, -20, 13, -23, 68, 68, 88, -76, -40, 50, -32, -61, 44, -86, 90, -74, -97, -34, 90, -13, -86, -44, 40, -92, -33, 69, 5, -7, -20, -97, 67, -42, 55, -51, -62, -63, -73, 46, -95, 93, -77, 78, 96, 30, 43, -22, -100, 91, -56, -83, -31, -22, 50, 24, 57, -27, -27, -13, 64, -42, -43, -62, 76, 4, -7, -75, -94, 41, -2, -78, -69, -45, -88, -75, -1, -65, -52, -23, 2, 54, -36, -9, 48, 86, -10, 10, 21, 63, 24, 2, 99, 44, 46, 76, 74, 43, 34, -33, -71, 30, 53, -67, 4, 97, -14, 25, -81, 46, 2, -12, 67, 52, -93, 8, 40, -84, -99, -83, -85, -33, 45, 43, -18, -13, 8, -33, 35, 49, -99, 75, 13, -55, 23, 98, -38, -98, -31, 6, 26, 20, 60, 93, 2, 86, -77, -53, -60, -22, -52, 72, -63, 91, 34, -69, -48, 40, 11, -89, 76, -44, 56, 18, 55, 59, -85, 76, -67, -76, 44, -62, 72, 44, -43, 93, 0, -46, 21, 35, -50, -22, -46, 65, 35, 16, -18, 65, -6, 62, -13, -68, -11, 97, 24, -44, 31, 95, -90, -45, -40, -2, -35, -83, -52, 35, 44, 49, -83, -4, 63, -63, 76, 46, 21, -90, 41, -33, 11, -71, 69, -32, -26, -69, 60, -38, -55, 70, 21, 99, 98, -7, -73, -50, 99, 33, 81, -61, -66, 74, 15, 77, 7, 70, -18, 61, -16, 36, -21, -92, -98, 30, 88, 63, 35, -38, 76, 5, 93, -39, -34, -17, 88, 25, -77, 22, -12, -56, 15, -89, 80, 19, -86, -79, -31, -81, 50, -98, -61, -75, 30, -94, 51, -94, 17, 57, 54, -20, 54, 62, -90, -44, -35, -7, 92, -45, -49, 90, -38, -43, -18, 78, 33, 59, -45, -80, 11, -29, -93, -17, 48, 49, 26, -73, -49, 7, 31, -88, 23, -23, -65, 44, -66, -40, -44, 43, -9, 30, 17, -26, -32, 83, 1, -66, 14, -35, -82, 69, -100, 43, 80, 94, 32, 40, -21, 2, -25, 2, 68, -48, 71, 30, -7, 37, 31, -2, -3, -28, 31, 52, 10, -80, 26, -12, 13, 6, 91, -14, -20, -56, 74, -34, 61, 7, 80, -74, -84, 65, -66, 80, 14, -28, -90, 87, -40, 2, 88, -84, -92, -29, 35, -52, 91, -33, -48, 92, -11, 93, 4, -35, -82, 68, 7, 46, -25, -56, 59, -17, 96, -98, 1, -19, 80, 0, 49, 84, -67, 49, 54, 7, 19, -10, -64, 56, -62, -52, -12, -58, -2, -28, -22, 73, 16, -88, -31, -18, -67, -4, 2, 28, -62, -5, 88, -73, -20, -98, -5, 32, 91, 47, 84, -30, 96, -30, 32, -11, 29, -76, 38, -4, 4, -40, 77, -41, -41, -63, 0, -74, 16, -41, 3, 38, -7, 48, 4, 26, -41, -87, 51, 19, 52, 72, -10, 52, -12, -62, 87, 86, -16, -54, 88, 74, -78, -94, 66, 7, -14, -8, -4, -7, 82, -45, 94, 66, 46, 68, -96, 84, -44, -6, -88, 18, 18, 73, 62, 46, 35, -25, -5, -8, 77, -28, -55, -100, 51, -13, 19, 87, -53, -87, 52, -73, -73, 6, 33, 1, 89, 69, -44, -24, 59, -69, 93, -44, -70, 96, -48, -70, -83, -59, -99, 67, -67, 65, 79, -83, -73, 83, 26, 66, 27, -55, 22, -9, 40, 38, -44, -5, 97, -38, -39, -23, 28, 45, -94, 27, 0, -61, -44, -57, -31, 72, -11, -91, -59, 67, -1, -32, -32, 75, -46, 52, -39, 14, 24, 0, 0, 71, 65, 76, -2, 97, 18, -56, 42, -29, 34, 82, -13, 30, -30, 22, -13, -96, 74, 69, 61, 26, 99, 0, -97, -100, 96, 7, -2, -34, -6, -24, 23, -100, 74, 24, 59, -34, 16, 68, -49, -9, -90, -26, 14, -30, -82, 6, -54, 38, 97, -76, 52, -99, -15, 78, -2, -44, -60, -56, 51, 47, 8, 29, -11, -66, 8, 44, -21, -3, -65, 30, 22, 74, 35, 52, 58, 45, 54, 37, -36, 65, -54, -39, 55, -88, 34, 27, 19, -69, -88, -11, 90, -26, -77, 19, -57, -5, -15, -4, 22, -97, -94, 52, -16, -69, -31, -19, -12, -71, -39, 89, -35, 8, 80, 26, -41, 59, -6, -15, -13, 44, 8, 83, 72, 88, 85, 42, -99, 31, -92, 76, 15, 28, 24, -88, 30, -49, -77, -46, 18, 64, -79, 37, 20, 71, 16, 67, 69, 5, -84, 33, -55, -4, 60, -50, -81, 75, -45, -97, -31, 35, -57, -80, -83, 29, 88, -4, 49, -73, 89, -87, -14, 19, -20, 19, 21, -46, -61, -42, 57, 90, -89, -70, -20, -23, 87, -28, -56, 50, 22, 80, 36, -3, -45, -90, -86, -15, 25, 94, 1, 80, 98, 22, 37, 51, 25, 19, 48, 87, 77, 42, 17, 48, 63, -47, 88, -66, 25, -20, -42, 99, -72, 34, -69, -48, 90, -76, -69, 26, 79, 46, 12, -74, 79, 36, -94, -13, 40, 73, -73, 67, -8, -41, -21, 82, 47, -99, 30, -50, 9, 92, 70, -13, -70, -11, 71, 38, -21, 3, 27, 100, -90, -72, 57, -99, -75, 58, -85, 93, 24, 69, -65, -96, 80, 89, -39, 15, -58, 25, -82, -4, 81, 39, -98, -93, -24, -29, 57, 22, 8, 18, -15, 11, 27, -70, 30, 95, -59, 47, -45, 72, 44, 93, -40, -49, 17, 12, 100, 79, 100, 27, 80, 70, -13, -77, 61, 18, -39, -20, 37, 72, -7, -52, -73, 68, 6, 47, -42, 15, -69, -24, 80, 37, -42, -78, -47, -90, -38, 90, -12, -16, -53, -6, 65, 57, -94, 25, -98, 30, 80, -82, 81, 18, -73, -88, 85, -92, 30, 34, -2, 73, -74, 49, 64, -14, -42, -76, -96, 1, -39, 71, -60, 0, 31, 62, 73, -59, -71, 21, 17, -73, -62, 44, -61, -41, -42, 4, 67, -73, -46, 73, 55, 93, -44, 98, 62, -63, -80, 10, -20, 53, 16, 3, 40, -66, -72, -91, -5, -34, 4, 65, -79, -82, 33, 60, -5, -65, -10, 60, -63, -93, 22, 61, 11, 13, 69, -92, -26, -4, 18, 59, 5, -44, -66, -65, 21, 32, 78, 71, -73, -3, -48, 11, 57, 99, 39, 22, 7, 5, 31, 76, -19, -7, 53, -15, 55, 23, -50, 34, 37, 52, -26, 28, -41, -79, -56, -36, 69, 69, -75, 62, -49, 16, 92, -6, -47, -40, -94, -3, -43, 34, -35, 32, -45, 1, 96, 73, 92, -8, -100, 18, 100, 37, 7, -18, -59, -17, -93, -5, 69, 67, 44, 46, -37, 94, -49, 66, 21, 2, 50, 93, 13, -80, 48, -11, -74, 18, 21, 57, -99, 89, -36, 86, 9, -90, -54, -47, 39, -86, -54, -63, 46, -37, -75, -43, -100, 24, 83, -59, 35, 55, 40, 21, -42, -84, 50, 37, -80, 64, 65, -90, -25, 97, 74, 28, -100, 90, 36, -24, 39, 34, -19, 3, 71, -32, -1, 44, 18, -93, 19, -89, -36, -45, 34, 75, 79, 70, 91, 49, 18, -69, 97, -25, -33, -31, 46, -100, 29, 13, -63, -47, 31, 17, 63, 14, 16, 81, 100, 83, 81, 94, 4, 96, -70, 0, 93, 75, -98, 96, -53, -31, -2, 62, -51, 32, -12, -98, 82, 68, 42, 9, 5, -28, 99, -42, 87, 83, -19, -36, -95, -7, 18, -25, -96, -67, -59, -54, 61, -37, -24, -68, 35, 41, -99, -25, 47, -48, 10, -73, 84, -11, 16, 16, -93, 41, 90, 76, -78, 13, -89, 34, -49, 27, -19, 72, -77, 91, 37, -85, 30, -40, 94, 28, -22, 82, 22, 87, 49, 80, -48, 94, 75, -23, 77, 99, 70, -74, 64, 75, 23, 56, 88, -85, 42, -59, 98, 77, 41, 45, -80, 73, -82, -49, 42, 60, -69, 51, 90, 0, -3, -28, -58, -38, 21, -33, -56, 30, 87, -88, -89, -100, 3, 91, -49, 55, 47, -57, 66, 60, -52, 27, -84, 40, -41, 31, -20, 20, -22, 5, 23, -37, 1, 11, 91, -14, 33, 73, -60, 6, 10, 73, 4, 3, 79, -15, 48, 23, 73, 27, 79, -56, -59, -16, 73, 9, -85, -28, -95, 35, 32, 76, 8, 31, -89, 46, -48, 72, -11, 73, 8, 92, -33, -84, -83, 25, 55, -31, 82, 93] with a sum of 6621
Random dataset with 30000 elements: [-49, -93, 23, -75, -44, -96, -73, -15, 16, -22, -82, -59, 90, 88, -49, -72, 1, -29, 99, 12, -81, 14, -65, 34, -85, 25, -5, -95, -16, -88, 59, -75, -44, -86, 67, -5, -8, -1, -8, 4, -85, -69, 4, 96, -82, 66, -78, 47, -38, -67, -31, -100, -73, -68, 83, 2, 49, -3, -26, -11, 1, 23, 28, -77, 56, -84, 80, 98, -64, 79, 13, -41, -21, 43, -61, -98, -37, 51, 4, 56, -59, 88, 64, -19, 72, 92, 48, 12, -69, 28, 94, -24, 56, -87, -90, -78, -18, 85, 4, 44, 100, -40, 22, 34, -72, 76, 16, -31, 20, -56, 79, -8, -16, -23, 60, 68, -17, 38, -37, 47, -72, 92, -3, -10, -15, -48, -62, 72, 37, 12, -97, -16, 91, 5, 17, 34, -97, -47, 36, 38, -48, 50, -56, 14, 16, 4, -17, 33, -72, 20, 49, -86, 31, 97, -2, -2, 43, 88, 64, -26, 51, 44, -47, 57, 82, -88, 10, 18, 55, 24, -21, 29, 35, -61, 93, -100, 98, -64, 72, 76, -16, 24, -5, 11, 11, -90, -76, -95, -18, -44, 50, -15, -88, -13, -83, -11, 15, 15, -39, 89, -84, 22, 75, -99, 50, -89, 31, -12, 100, 81, 62, -5, 47, -51, 41, -66, -44, -24, -70, 67, 63, 6, -2, -73, -97, 47, -24, -90, 42, -82, 91, 61, -70, 39, 2, 42, -54, -73, 62, 30, 10, 28, 3, 53, 89, -75, 11, -19, 86, 24, 96, 31, 68, -26, 58, -39, -100, 46, -61, 100, 100, -81, -87, -43, 49, 66, 78, 36, 53, 45, -22, -16, -34, -35, -5, 46, 29, 20, 54, 83, -80, 93, 90, -96, 72, 23, -9, -44, -48, -57, 56, -64, -74, -3, -77, -57, -86, 94, 67, 92, 95, -88, -46, -21, 12, -62, 88, 38, -52, -24, 52, -5, 100, 50, 29, 24, -32, 29, -13, -41, -29, 48, -100, -50, 60, 53, 92, 57, -15, 39, 52, -15, 93, 40, -3, -90, 9, -14, 36, -47, 0, 13, 4, 9, -56, -39, 77, 97, -67, 59, -57, 8, -63, 3, -91, -77, -64, -94, 60, 3, 4, -84, -63, 18, -39, 85, -43, 3, 74, -19, -39, -79, 3, -92, 36, -33, 27, -79, 100, -31, 56, 2, -3, 99, -93, 79, -49, -48, 40, 55, 80, -21, 52, 33, -23, 12, 69, 89, -86, -93, -57, 68, 15, -95, -58, 39, -46, -66, 75, -27, -59, 43, -55, -9, 1, -54, 71, -17, -65, -33, 42, -70, 77, 10, 84, -4, -45, 57, -19, 6, 12, 90, 78, -62, 87, 9, 27, -62, -7, -18, -29, 92, -94, 26, 76, -28, -67, 58, -4, -88, -62, -94, -84, 9, 25, -25, 82, 49, -70, 91, -38, -70, -56, 84, 88, 13, 21, -13, 2, -8, -79, 7, -7, -99, -5, 47, -63, -26, 54, 4, -33, -16, 25, 68, 23, 46, 88, -12, -89, -44, 1, 81, -66, -47, -65, -8, -40, 48, -62, -38, 98, 46, 49, -21, -45, -97, -67, 21, -31, -34, -28, 18, -28, -18, 89, 59, -33, 75, 43, -66, 38, 30, -13, -56, -79, -35, -80, -81, -77, -13, -42, -40, -9, 34, -12, 5, 31, -72, 84, -11, 89, -47, 28, 10, -9, -47, 78, -20, -20, 9, -73, 75, 49, 25, -3, -29, 23, -9, -62, 90, 85, -57, -90, 43, 53, -66, -5, -56, -46, -84, 0, 44, 54, -47, -82, -87, 4, 23, -38, -91, 0, 5, 25, -53, -59, 20, -83, -75, -59, 81, 9, 20, 17, 15, -91, -16, 7, 91, 45, 28, -19, -52, 86, 16, 96, -93, 30, 72, 53, -98, -55, 1, 2, -16, 29, 84, 79, 29, 79, -73, 91, 53, -74, 34, 56, -57, -90, -1, -14, 35, 15, 17, -51, 63, 49, -30, -78, 22, 91, -26, -56, -80, 5, 63, -86, -33, 95, -73, 15, -9, -53, -17, -38, 45, -100, -66, -94, 43, -78, -43, -20, -17, -88, -13, -22, 17, 27, -90, 38, -57, -96, 70, 85, -66, -68, 72, 64, -19, -72, 21, 95, 11, -72, 29, 20, 2, -58, 2, 8, -48, 81, 73, -20, 22, 44, 36, -66, 34, 2, -77, 7, 19, 53, 50, 42, -82, 75, 81, -27, 57, 38, 60, -69, -6, 0, -99, -40, -33, 5, 14, -37, -78, 13, 20, -45, 81, 50, -95, 0, 58, 11, -71, -64, -65, -87, 96, -23, -43, -77, -82, 87, -34, -17, -4, -14, 40, -91, -74, 48, 11, 2, -84, 92, 6, -41, -15, 44, -61, -46, -19, 15, -56, 43, 43, -96, -51, 20, 62, 82, -47, 25, 30, 40, -59, -90, -10, 41, 33, 26, -59, -77, 29, 36, -17, 79, -1, -1, -60, -73, 4, -90, 4, -37, 22, 17, -7, 35, 31, -14, -81, -17, -28, 60, -26, -60, 41, -35, -73, 52, -71, -32, 63, -69, -72, 32, 92, -74, 63, -24, 78, 83, 96, -41, -42, 46, 45, 75, 84, 76, -55, -27, -60, -82, -67, -43, -58, 64, 75, -30, -83, -73, 8, -45, 56, 91, -82, 44, -50, -57, 24, 68, -99, 78, -29, -46, 70, 91, -43, -100, 28, 87, 50, 10, 97, 41, -96, 47, 33, 86, 18, -30, -38, 13, 56, -80, 7, -68, 59, -55, 64, -87, -73, 63, -79, -33, -85, -45, -29, -38, 61, -24, -71, -4, -67, 13, -56, -67, 7, -15, -41, -48, 100, 82, -70, 79, -13, 28, 92, 88, 82, 80, 54, 66, -93, 95, -96, -37, -36, -90, 40, 22, 74, -71, -86, 42, 83, -22, -38, -77, 85, -9, -9, 59, 32, 44, -41, 68, 73, 1, 20, 73, -49, -5, 22, 23, 32, 77, 15, -71, -90, -55, 6, 49, 96, 99, 18, -62, 40, 41, -18, -8, 100, 51, -41, -91, -21, 45, -52, -77, 91, -51, -79, 83, 23, 86, -63, -82, 71, -48, -7, 4, 72, 27, -94, 25, -72, -83, 87, -34, -98, 23, -78, 12, -20, -73, -5, -55, 25, -18, -100, 86, -71, 40, 91, 30, -69, 43, 60, -30, -28, -38, -23, 79, -45, 72, 75, -95, 37, 36, 64, 51, 87, 10, -46, -43, -48, 30, 37, 43, -31, 38, -98, -56, -12, 7, 19, 29, 93, 45, 64, -3, -62, 72, -56, -69, -18, 56, -3, 12, -68, 73, 51, 21, -4, 8, -18, 16, 36, 51, 42, 14, -28, -79, -40, -98, -97, 30, -74, -31, -9, -39, 16, -18, -52, -1, -57, 31, -53, -61, -42, 21, 97, 0, 31, 74, -85, -15, 37, 99, 92, -78, 99, 11, 55, -47, -50, -55, 70, -21, 36, -18, -76, 84, 15, 64, -33, -59, 69, 27, 10, -22, 24, 61, 16, 22, -85, 21, -44, 46, -24, -92, 55, 23, -77, 74, -14, 77, -83, -39, 38, -70, -33, 9, 7, -69, 0, 27, -79, -23, -70, 63, -66, -14, 41, -3, 79, -63, -70, -52, -52, 34, 81, 42, -98, -62, 0, -68, 87, -7, -36, 86, -11, -78, -76, 35, 45, 29, 26, 81, -95, 42, -1, -44, -95, -10, 72, -31, 76, -69, -3, 45, 31, 42, 78, 59, -51, -45, 65, 83, 19, 2, 47, 97, 83, 72, 78, 85, 74, -69, 21, -7, -22, 71, 43, -98, 56, 49, 100, -67, 0, 35, -89, -27, -61, 40, 18, 15, -50, -6, 49, -68, 61, -86, 52, -82, 91, -52, 99, -68, -38, 61, -93, 76, -17, 98, -38, -26, -85, -31, -51, 14, -19, 80, -7, 41, -16, 45, 84, -87, 24, 46, -67, 7, 19, 21, 91, -87, -99, -84, -27, 7, -91, -11, -55, -70, -29, -49, -97, -72, 88, 9, -52, 91, 8, -8, 64, 68, -87, -92, -82, 82, 95, 95, 82, 10, 45, 47, 14, 32, -41, 10, -31, -89, -44, 94, 86, -18, 91, 30, 37, 96, 55, -50, -73, -28, -92, 6, -33, -31, -67, 39, -85, 21, -21, -84, 86, -83, 35, -56, -51, -3, -14, 19, 4, 51, 24, -31, 85, -14, 74, 15, -61, 35, -31, 9, -54, 95, -27, 90, -7, 21, -7, 4, 15, 24, 66, -96, 40, -65, 73, -38, -53, 63, -87, 89, -79, 62, -6, -33, 10, -66, 48, 14, -98, -32, -20, -22, -6, -93, 47, 96, -59, 2, 91, -10, 75, 24, -85, 39, 79, 88, -51, 95, 3, 54, 47, 19, -37, 99, 91, -5, -9, -95, 66, 19, 78, 53, -76, 34, -81, 45, -70, -50, -41, 58, 44, -88, 91, 65, 29, 53, -58, 48, 56, -43, -57, -23, 24, 78, 38, 29, -75, 27, -23, 79, -2, -92, 95, -31, -7, 57, -87, 57, -25, 19, -13, -7, 98, 78, -55, -57, -2, -17, -27, -18, -36, -14, -26, -16, -35, 81, -100, -80, 44, -60, -67, 67, 53, -48, -60, -85, 32, 72, 18, -38, -47, 55, -13, 37, -39, -50, 83, -1, 31, 31, 59, 91, 8, -41, -75, -96, 80, -35, -39, 7, 4, -31, 99, -24, -93, -70, 22, 92, 54, -84, 0, -50, -31, -37, 57, -88, -81, 95, -76, -8, 10, 78, 15, 14, -18, -45, 33, 8, 13, 16, 39, 0, 46, 64, -43, -76, 35, 65, -66, 16, -31, 31, 35, 6, -48, -35, 38, 98, -42, -100, -66, 36, 74, 74, 90, -68, 51, 48, 85, 16, -33, -41, -58, 88, 82, -78, 5, -83, 47, -38, 22, -73, 14, 7, -74, -41, 26, 13, -19, -82, 97, -13, 30, 33, -51, -46, -89, 15, -88, 93, 8, 25, -11, -32, -92, -64, 67, -35, -54, -47, -41, 41, -59, 7, -51, -43, -36, -42, -27, 3, -16, 26, -24, 23, 73, -55, 100, 26, 1, -4, -89, -69, 42, -5, 16, 75, -88, 82, 6, 14, 32, 43, -54, -30, 14, -17, -91, -9, -13, -97, 70, 97, -66, -43, 80, -33, 45, -18, 98, -8, -30, 48, 80, -9, -31, -43, -75, -13, 41, 37, -25, -28, -68, 49, 18, 63, -98, 69, -48, -92, -38, 62, 87, -40, 85, 0, -90, -7, -82, 67, -88, -22, 69, -85, -36, 91, 73, 92, 26, -58, -55, -44, -94, -34, 49, 45, 16, 16, -24, 91, -11, -37, -44, 69, -95, -37, -53, -42, 41, -7, -84, -9, -17, 29, -32, 57, -41, 35, -59, 40, -16, -48, -63, 35, 33, -76, 24, -61, 9, 67, 3, 78, 15, -98, -27, -39, 20, 43, -18, 25, 12, 43, 9, -12, -70, -42, -58, 30, -57, 43, 80, -81, 100, 43, 17, -49, 10, -50, 41, 57, 44, 61, 31, 75, -62, -79, -66, -17, 83, -74, -98, 96, -61, 68, 97, 69, -7, 27, -51, 95, -58, 12, -5, -60, -13, -31, 90, -34, -82, -74, 7, -19, -20, 87, 93, -31, 39, 69, 18, 31, -90, 39, -60, 37, -77, 41, -10, 6, -50, 50, -40, -12, -91, 42, -17, 1, 97, -72, -99, -61, -20, -22, 37, -88, -92, 15, -81, 31, -48, 13, -59, -26, -19, 14, -50, 29, 65, -65, 78, 72, -89, 47, 12, -19, 91, 64, 6, -4, -48, -51, 96, -39, -14, -54, -29, -65, -17, 53, -47, 77, -77, -35, -14, 44, -6, 64, 77, -76, 88, 5, 100, 62, -100, 52, -42, -1, 79, 72, 61, -67, -49, -25, 15, 100, 45, 29, -87, 42, -9, -4, 85, 66, -18, -99, -38, 86, 1, -12, 63, -93, 60, -17, -11, 3, 58, 55, 81, -56, 15, 57, 67, 23, -97, 15, 50, 63, -46, 77, -66, 77, -32, -14, 40, 2, -96, -78, 61, -17, 13, 68, 6, 2, -37, -15, -5, -95, -52, -52, 71, 71, -69, -20, -52, -6, 28, 22, 82, 19, 88, 65, -53, 29, -1, 32, 19, 0, 40, -42, -54, -62, -72, 39, 72, -79, 18, -91, 52, -82, -57, -22, 37, -16, 40, -23, -50, 60, -47, 85, -90, 15, 85, 8, -31, 49, 81, 15, -39, -48, -21, 57, -71, 89, -79, 8, 47, 9, 57, 31, -28, 41, -51, -63, 74, 58, -94, -17, 2, 13, -34, 20, 4, 29, -19, -37, -28, 52, 40, -47, 59, -90, 48, 1, -33, -75, -70, -45, -78, -27, -87, 46, -20, -72, -95, -69, -35, 69, -5, 55, 13, 77, -17, 22, 64, -84, -5, 71, -24, 67, 16, -69, 99, -14, -55, -41, 37, -77, 36, -75, -73, 32, 36, 24, -72, -50, -78, 54, -87, -14, -79, -44, 47, -65, -9, -83, -93, -18, 24, 14, 80, -78, -43, -53, 98, 36, -35, 91, -64, 56, -34, -7, -35, -39, -68, 56, 5, -41, 50, -65, -59, 53, -2, 7, 31, 31, 100, 23, 32, 82, 70, 57, 47, -71, -84, 19, -77, -69, 23, 55, 0, 0, 43, 71, -73, 16, -37, -75, 4, 29, -87, 18, -34, 37, 55, -45, 80, 61, 72, -23, -26, -64, -16, -94, -56, 22, -75, -42, -61, 7, -22, 64, 4, -90, 68, -11, -37, 73, -43, -22, 96, -2, -98, -84, 56, 41, -3, 5, 87, -20, 41, -28, -86, 38, -86, -88, 41, 94, 21, 9, -60, -20, -53, -15, -35, -98, 4, 18, 14, -11, 51, 77, 72, -25, -53, 1, 59, -61, -32, 71, -12, -41, -11, -12, 100, -23, 22, -5, -35, -7, -97, -53, 31, -48, 19, -82, 36, -38, -29, -50, -2, 81, -2, 98, -69, -24, 88, 4, 1, 99, 7, -63, 83, 80, -64, -5, -11, -8, 43, 62, -31, -11, 59, 62, -18, 43, 44, -13, 81, -90, 2, -25, 76, -91, 83, 51, -74, 48, 64, 55, -26, 67, 26, 74, 40, 27, 86, -27, 100, 64, 81, 5, 28, -27, -100, 13, -75, 72, 24, 22, -61, 85, 22, -61, -32, 95, -51, 78, -41, -48, -28, -37, 1, -71, -87, -94, -55, 7, 67, -82, -46, -94, -61, 67, 66, -74, -14, -30, -39, -95, 9, -17, -90, 55, -84, -1, -80, 45, 79, -14, -51, -23, 47, -60, 73, -2, 78, 37, 14, -19, -42, -70, 47, 57, 44, -79, 75, 59, 28, 44, 7, 62, -85, -26, -7, -3, 83, 99, 10, -8, -48, 16, 66, 53, -98, -19, 79, 76, -88, 47, 47, 5, -90, 71, 0, 82, 16, 48, 59, -67, 92, -96, 55, 67, -49, 34, 55, -54, 89, -16, -53, -8, -7, -21, -28, -20, -77, -62, -23, -79, 39, 36, 43, -8, 36, -59, -45, 34, -38, 90, -67, -5, -87, 39, 94, 86, -76, -24, -59, -68, -28, 94, 43, -1, 20, 19, -56, 71, 35, -55, 90, -88, -87, -41, -61, -1, 16, 61, -45, 23, 16, -84, 10, 46, -24, -10, -95, -51, -50, 6, 61, 41, 0, 31, 60, 28, -47, -15, 23, 3, -31, 51, -91, 98, -98, -14, -30, -27, 16, -20, 62, 22, 76, -53, 64, -38, -23, 69, 5, 45, 62, 85, 30, 19, -50, -7, 12, -4, -18, -85, 44, 87, -72, 78, -68, -93, -21, -76, -1, -87, 88, -28, 70, 96, 60, -42, -10, 76, -39, -45, 91, -79, 73, 78, -48, -56, -46, -93, 52, 59, -11, 45, -41, 63, -56, 39, 17, 23, -9, -8, -52, -30, 79, -51, -29, 16, -34, 66, 52, -88, 50, -39, 24, -66, -100, -23, -6, -43, -46, -100, -54, 23, -30, -48, 24, 87, 28, 62, 60, 1, 68, 39, -90, -23, -78, 86, 25, 77, -83, -96, -74, 53, -54, -96, -7, -67, -96, 72, -88, 74, 21, -34, 47, 41, -39, 64, 37, 3, -3, 63, 58, 53, -29, -24, 17, -56, -13, 38, -20, 82, 12, 29, -18, 32, -20, -96, -67, -48, 85, 20, 96, 45, -44, 41, 46, -2, -87, 64, -87, -78, -56, -78, 85, -43, 3, 87, 79, -27, 63, 24, -60, -32, -7, 82, 97, 50, -88, -19, 44, 75, -46, -40, -28, 39, 12, -99, -91, 79, 53, -89, -89, 30, 74, -55, 68, -40, 78, 72, -18, 65, -91, -97, -15, -26, -79, -99, 10, 60, 64, 90, 57, 95, -90, 71, 93, -54, 69, -98, -13, 88, 67, 93, 10, -88, -99, 22, 96, 19, 100, -55, 7, 90, -63, 35, 8, -100, 50, -60, -99, 3, 33, -84, -68, -49, -13, 26, -4, 24, -53, -79, -81, 55, -91, -54, -30, -76, 66, 51, 50, 21, 41, 45, 64, 28, -94, 84, -65, 82, -62, 50, 43, -76, 93, 100, 97, 76, -92, -68, 87, 42, 36, 48, 7, -26, 6, -7, -19, -47, 94, -91, -38, -94, -56, 75, 40, -3, 74, -32, -94, 65, 16, 95, 95, 67, 66, 49, 16, -98, -56, 5, 76, -66, 8, -79, 52, 74, -12, -77, -47, -77, 59, -46, -4, 99, -24, -62, 84, -12, 88, 70, -1, -50, 82, -5, 96, 50, -67, 23, -88, 50, 25, 13, -24, 14, -67, 52, 47, -79, 10, -65, 55, 29, 69, -47, -51, -28, -20, 58, -94, -43, -96, 11, -70, 75, 96, -37, -24, -56, -73, -19, 65, -30, 17, 35, 15, 18, 53, 59, 16, 33, 79, 37, 82, -51, 49, 44, 22, 85, 66, -50, 77, 25, -57, -3, -20, -16, 58, -32, 13, 54, -18, 61, 85, -50, -88, 30, 74, -94, -12, -48, 58, 56, 74, -49, 38, 46, -40, 44, -55, 68, 64, 36, -78, -1, 9, 45, 11, -64, 31, 65, 71, -19, -12, -83, 77, -68, 74, -60, 56, -88, -95, -41, 40, -26, -6, 91, 30, -21, -51, -83, -56, -18, 28, 39, 34, 81, 97, -19, -25, -85, -37, -61, -99, 78, -27, -35, -67, 24, -86, 34, 27, 15, -72, -75, 70, -33, 48, -21, 28, 43, -80, 24, -75, -7, -5, -20, -16, 29, 79, -83, 57, -48, -53, 17, -51, 40, 2, -50, 57, 93, 92, -66, 2, 23, -77, 7, 71, -69, -100, -44, 14, -55, 20, -55, -44, 65, 75, 71, -84, 1, 69, 67, -88, 84, -39, -74, -47, -40, 62, 43, 65, 4, -60, 77, 9, -66, -58, -29, -1, -46, 64, 5, -94, 80, -40, -26, 98, -99, -78, -32, -89, 83, 63, -20, 0, 11, 65, 73, -43, 53, 56, -2, -78, -25, -72, 43, -5, -41, -96, 19, 85, 6, 71, 27, -38, -14, 1, -14, -79, -57, -65, -19, -81, -87, -10, 85, -41, 58, 52, -82, -41, -80, 24, 48, 38, -69, -83, 51, 41, -29, -18, -33, -76, 5, -65, 32, 8, -73, 99, 38, -58, -17, 52, 9, 46, -5, -61, 38, -22, -75, 25, 33, 83, -68, 7, 67, -73, 81, 5, 14, -53, -35, 62, -3, 0, 21, -83, -75, 67, 43, -19, -28, 34, 7, 10, 50, 38, 91, -58, -62, -10, -95, 25, -76, -94, -38, 67, -73, -11, 78, 58, 20, 15, -14, 50, 3, -71, 3, 70, -19, -50, 91, 87, -26, 9, -24, -9, -21, 22, -9, 4, -77, 51, -53, 95, -86, 18, -99, -58, 89, -61, -84, -88, -47, -41, 55, -9, -5, -65, -50, 92, 34, -67, -33, -7, 50, -9, 38, -12, 42, 18, -21, 89, -58, -51, 51, -99, -10, 0, -74, -20, -98, -15, -57, -51, 72, 52, 34, 42, -80, -2, -68, -4, 47, 81, 84, -17, 6, -74, 23, 16, -18, -58, 44, 47, 36, -44, -68, 19, 2, 27, -90, -84, 66, 58, 9, -41, -98, -44, 98, -76, -93, 25, -100, 55, -19, -83, -77, -66, 21, 59, -37, -13, -59, 54, 9, -100, -91, 9, -37, 27, 97, -98, 1, 98, 80, 65, -84, 81, 4, 47, 47, -18, 66, -29, 27, 13, -68, 20, -30, -57, 10, 50, -100, 85, -39, 26, -42, 34, 67, 36, 41, 22, 43, -84, 28, -10, -56, -1, 36, 68, -99, -79, 83, 47, -32, -71, 68, 45, 3, -84, -42, 8, 48, 64, -75, -39, 38, 39, 11, 83, -20, 95, -54, 81, -41, -76, -81, -50, -71, -56, -13, 14, 13, -55, 76, -81, -59, 45, 0, 4, -100, -72, 50, -88, 29, 23, 66, -23, 88, 88, -60, -54, -8, 37, -62, -66, -15, -51, 6, -34, -20, -27, -78, 72, 56, -68, 17, -29, -78, 76, -7, 67, 76, -13, 58, -84, 54, -50, -74, 11, 18, -23, -39, -12, 41, 3, -59, 36, 62, 44, -10, 48, 61, 76, -6, 64, 18, 38, -79, -38, -53, -14, 0, -25, -76, -56, 0, -22, -58, -71, -41, 82, 47, -17, -73, 1, 10, 46, -42, 18, 91, -14, 21, 8, 90, 22, 85, 39, -44, -31, 81, 69, 77, -40, -87, 1, 72, 29, 4, 21, -74, -53, 13, -69, 33, -7, -40, 95, 42, 66, -63, -94, 96, -76, 96, 1, 50, 50, 66, -73, 45, -95, -99, -98, 31, -1, 87, 6, 97, -80, -95, -52, 37, -5, -31, 86, -22, -74, 95, -12, -65, 25, -14, 61, -40, -84, -61, 50, -13, 16, -83, -38, -8, 17, 41, 22, 31, -65, -34, -89, 40, 21, 93, 14, -31, 66, -81, 21, 60, 29, 17, 26, -76, -28, -8, -96, 32, -96, -40, -32, 56, -25, 3, 88, -82, -96, -73, 94, 27, 81, -64, -59, 31, -52, 3, 97, 15, 75, 62, 0, -68, -85, 48, -1, -99, -14, 95, -53, 12, -70, -81, 94, 46, 25, -28, 43, -21, -28, -31, 64, -23, 60, 56, 8, -73, 78, -27, -64, 76, 48, -18, -93, -85, 60, 80, -86, 54, -41, -54, 66, -37, 32, 61, 57, 40, 100, 76, 93, 55, 98, -11, 65, 52, -27, 82, 1, 92, -75, -47, 68, -35, -55, -39, -46, 87, 21, -95, -65, -30, 23, 31, 41, 56, -70, 82, 56, 95, -73, -97, 78, 41, -53, -10, -9, 13, 98, 9, 3, 36, -18, 64, 92, -78, 0, 92, 26, 8, 49, 83, -95, -40, 89, 87, -34, 93, -84, -43, -87, -1, -53, -62, -2, -50, -40, 24, 80, 72, -66, -25, 69, -93, 5, -95, -80, -41, -87, -50, 28, 57, -8, -45, -46, -88, -91, -54, 17, 45, 36, 16, 1, 77, -22, 82, 57, 30, 16, 53, -54, -29, 69, -45, -61, 7, 27, 28, 69, -26, -15, 91, -18, 62, -83, -32, 10, -31, -61, 44, -56, 100, -96, 98, 62, -96, 0, -54, -47, -42, -87, -10, 23, -98, -8, -31, 69, -35, -37, -41, 14, -94, 34, 87, -18, 38, 21, 40, -4, 48, -51, 28, 71, 11, -93, 41, 14, -97, -26, 50, -72, -53, -34, 95, -30, -24, 21, -67, 8, -38, 57, 97, -96, -70, -39, -55, 63, 77, 35, -98, -9, -58, -16, 81, 8, -60, 77, -56, 44, -62, -52, 42, -4, -96, -4, -8, 45, 73, 73, -29, 59, -60, 97, -37, -99, 76, 81, -34, -26, 67, 16, 49, 47, -75, 54, -41, 19, 99, 92, -75, -93, 2, -99, -42, -67, 75, 43, -53, -64, -37, 81, 41, 60, 26, -48, -57, 64, -36, -41, -7, -29, -18, 46, -13, 66, 3, -4, 38, -44, -10, 49, -46, 90, 51, 10, 48, -38, 98, 64, -44, -90, -68, -42, 94, 4, -29, 9, -13, -4, -34, -51, -42, -75, -36, -63, -75, -41, 82, -66, 30, 8, 73, -72, 54, -17, 39, -45, -88, -75, -34, 23, -63, 94, 19, -65, 28, -99, -82, 42, -58, 1, 4, -60, -26, -48, 99, 0, 55, -87, -68, -78, -36, -16, -60, 60, 1, -28, 21, -90, 7, -16, 37, 67, 16, 43, -87, 62, 64, -65, -35, -74, 63, 28, 6, 70, 70, 37, -88, 18, -87, 95, 47, -39, 85, -88, 77, 13, 25, 57, 100, -62, -28, 12, -71, -25, 58, -97, 38, -67, 36, -93, 27, 54, 9, 12, -82, -14, -8, -27, 5, 10, -47, 40, -3, 40, 83, 8, 36, 47, -75, 4, -97, -54, -43, -16, -56, 1, -31, 66, 53, 70, 15, 10, -5, 45, -78, 33, -8, 51, 15, 78, -90, 70, -71, 42, 91, 19, 36, -66, -13, -53, 22, 70, 25, 4, -55, 0, -42, -58, 30, -99, -80, 90, 89, 35, 92, -41, 30, -17, 72, 1, 2, 84, 14, -67, -41, -68, 48, 38, -85, -60, 38, 99, 37, -15, 79, -30, -97, -53, -4, -11, 13, 52, -81, 96, -55, -74, 32, -49, -21, 35, 75, -66, -83, -94, 23, -99, 59, -12, -33, 76, 71, 3, -72, 94, -44, -83, 17, -97, 0, 53, -44, -25, -37, 37, -77, 51, -15, 38, -60, -15, -36, 96, -46, 19, -20, -81, -29, 44, 94, -4, -58, -60, -30, 26, 46, 46, -45, -77, 33, -53, 14, -34, -96, -82, -99, -26, 98, -73, -87, -18, -53, -62, 48, -42, -89, -53, 68, 85, -26, 93, -73, 18, 98, -47, 74, -79, -77, 10, -45, -5, 88, -27, -14, 95, 81, 21, 57, -21, 88, -24, 41, -87, 85, 18, 2, -39, -27, 89, 70, -48, -76, -77, -88, 23, 35, 34, -33, -27, 71, 42, 42, -79, -16, 0, 3, 49, 73, 19, 60, 92, 89, 41, -38, 11, 46, -97, 33, -25, 23, -23, 89, -78, 35, 87, -73, -96, 74, -32, -99, 89, 74, -12, -72, -4, 35, 43, -90, 99, -21, -62, -93, 56, -44, 18, -48, 55, -31, 52, 90, -95, 71, -38, -91, 26, -26, 33, 100, -62, 41, -72, -29, 99, -61, 46, -3, -87, -76, 29, 93, 51, 30, -35, 17, 44, 55, -89, -79, 86, 48, -71, -21, -8, -98, 22, -85, 97, 10, 65, -32, -12, 67, 99, 43, -84, -9, 54, -45, 93, -57, 51, -3, -35, 4, -23, 9, 6, 99, -82, -74, -84, 25, -76, -32, 83, 81, 61, -72, 98, 55, 24, -60, 96, -54, 77, 35, -3, -89, -52, -88, 28, -8, 94, 98, 81, 49, -34, 100, -53, -60, 66, 77, 30, 55, -45, 89, -9, -60, 62, 46, -40, -42, -53, 98, 77, -58, -69, 1, -90, 5, -43, 23, -82, -70, -59, 95, -26, 77, 90, 42, -29, -52, 73, 87, 12, 65, -37, 5, -21, -78, 2, 98, 75, 20, -61, 28, 30, 71, 21, 44, -12, -72, 36, 55, -98, 82, 35, 53, 76, -100, -16, -17, -12, 76, -77, -2, 36, 76, -75, -45, -83, -28, -77, 85, 4, -74, 67, -3, 47, 46, 89, -5, 78, -77, -58, -32, 83, -26, -97, 30, -50, 76, 26, 28, 7, -17, -51, -26, -33, 64, 35, 87, 34, -86, -17, 76, -19, 85, 15, 32, -84, -34, -58, 25, -42, 28, -57, -75, -47, 81, -57, -44, 96, -8, -5, -24, -79, -78, -70, 0, -22, -15, 51, -4, -80, 44, 41, -84, -80, -23, 75, 3, -37, -70, -91, 19, 76, -90, 31, 96, 8, -23, 17, -74, 61, -47, 82, -91, -85, 63, -9, -80, 0, 19, -62, -74, 80, 90, 61, 93, 0, -67, -100, 24, -21, 24, 39, 6, -45, -27, 38, 84, 99, 10, -98, -65, 15, 41, 73, -79, -9, -6, -8, 24, -76, -54, 98, 44, -43, -48, -87, 6, -75, -38, -37, -87, -91, 0, -62, 16, -63, -59, -67, 86, -75, -26, -50, -95, -69, -25, -95, 13, -19, 70, 44, 51, 70, 30, -91, -70, -26, -31, 98, 86, 53, 84, -1, -10, -68, -62, 25, -33, 33, 6, -95, 85, 85, 95, -93, -37, -39, 39, 95, 77, 63, 24, -73, -69, -66, 37, 31, -40, 42, 47, -19, 55, 32, -25, 72, -86, -9, 8, -16, 20, 78, -25, 73, 31, -94, -67, 39, -7, -50, 36, -73, 25, 93, 65, -1, 27, -99, 76, 6, -62, 52, -57, 57, -94, -25, -91, 68, 78, -43, 68, -82, -22, -15, -11, -63, 51, -70, -42, 12, 10, 22, 72, -44, -34, -100, -20, 83, -74, 3, 46, -63, -38, -63, -99, 30, -2, -86, -92, 49, 1, 79, -95, 14, 74, -63, -97, 55, -73, 14, -21, 97, -92, -99, -9, 33, 58, 59, 71, -74, 62, 68, 82, -94, -82, 36, 57, -54, 52, 16, -6, -26, -49, 48, 95, 95, 17, 71, -14, -78, 22, -49, 61, -1, -99, -74, -46, 24, 73, 30, 91, 49, -76, -72, 74, 80, 8, -4, 97, -71, -41, -31, -15, 75, 96, 54, -72, -45, 55, -59, 25, -65, 60, 55, 8, 21, 87, -94, 70, 64, -87, -40, -43, -8, -42, -30, 55, 73, -88, 70, -76, -79, -75, 85, -4, -99, 18, -20, -48, 75, -27, -65, -42, 69, -62, -100, 63, 31, 31, 44, 84, -98, 53, 39, -19, -35, -82, 47, 65, 67, -79, 74, 63, 36, 68, 11, -39, -75, -47, 27, 5, -24, 76, 62, 75, -8, 60, -37, 59, -62, -43, -54, 79, -30, 42, -26, 59, -25, -54, 19, -74, 29, -19, 14, 91, -47, -40, 30, -48, -88, -93, -12, -61, 48, -35, 60, 69, 86, 71, 56, -46, -7, 96, -5, -27, 100, -90, -79, 69, -29, -96, 3, 0, -76, -70, -80, 23, -32, -18, -18, 93, -93, -63, 34, -51, -22, 96, 67, 16, 65, 74, 87, 47, -84, 6, 59, -8, 50, -90, 76, -56, -28, 39, 50, 70, 92, -92, 87, -44, -63, 98, -70, -3, 87, -65, 88, -56, 10, -68, -78, 31, -50, -26, 84, -13, 9, 74, -19, -26, 92, 51, 74, 2, 67, -29, -86, 59, -42, -14, 66, 73, -38, -53, 77, -72, 72, -86, 7, 74, -41, 88, -66, -99, -19, -66, -74, 8, 95, 21, 78, 13, 33, 39, 75, -93, 55, 100, 1, 20, 87, 77, -81, 0, -90, -32, 85, -14, -72, 69, 12, -96, -43, -97, -69, 5, 79, -37, 55, -81, -99, -26, 37, 64, -7, 3, 31, -72, 31, -72, -54, -96, -53, -53, -8, 96, 44, -92, -2, -42, 3, -3, -6, 42, 10, 60, 81, 88, -89, 73, 36, 35, 31, 34, -25, -64, -31, 41, 11, 53, 34, 56, 89, 67, -99, -83, -19, -51, -93, 80, 9, -26, -1, -4, 58, 78, -48, -66, 50, 78, 28, 97, -14, -72, -30, 53, -70, -57, 38, 98, 63, -64, 45, 93, 45, 96, 61, -69, 9, 58, 0, 23, 69, -4, -49, -4, -20, -94, -72, -29, -51, -90, 93, -30, 26, 27, -33, -33, -47, 35, -19, 17, 56, -1, -4, -38, -66, 16, 92, -52, 35, -92, 87, -89, 53, -31, 77, -27, 74, 23, 97, -40, 2, -56, -96, -53, 57, -78, 17, -54, 7, 98, -91, -23, 75, 91, -97, -41, 9, -35, 57, 59, 61, 94, 84, 11, -63, -83, 85, 59, 65, 99, -14, 96, 12, 97, 23, 95, 2, -84, 34, 97, -47, -44, 57, 78, -8, -70, -96, 55, -39, 15, -98, -60, -12, -5, 96, -68, -3, 55, -97, -2, 70, -51, 49, 50, -35, -22, 26, -86, -47, -59, -67, 31, 53, -75, 84, 5, -99, -44, -35, 33, -6, 86, -26, -70, 9, 95, 6, 31, -6, -34, 17, -57, 8, 15, 21, 37, 37, -33, -39, -98, 9, -17, 46, 3, 18, -10, -69, 3, -12, -18, -19, 89, 98, -81, -23, -39, -55, 16, 71, 54, -82, -98, -92, -10, 82, 63, -58, -49, 21, 36, 52, 3, -43, -65, -66, 100, -53, -4, 1, 82, 34, -69, 84, -35, -16, 54, -87, 10, -11, 90, 46, -86, 30, 84, -96, 76, 98, -52, 67, -38, -30, -17, 4, -3, 88, -8, -31, -13, -42, -57, 37, 91, -41, 53, -47, 18, 46, 53, 15, 1, -49, 23, 82, -70, 60, -19, -38, -99, 61, 35, 76, 37, 25, 6, 75, 96, 36, -56, 16, 66, -6, -17, 52, -65, -45, -87, 60, 77, 59, 94, 43, 77, -91, 28, -97, 41, -98, 63, 54, -21, -16, 47, 52, -34, -67, -55, 95, 85, 91, 89, -57, 87, -31, 21, -94, -46, 6, -67, -25, 68, 14, -56, 77, -15, 24, 36, -81, 45, 56, -100, -64, 30, 28, 80, -46, 56, -56, -10, 16, -94, 58, -60, 69, 8, -64, 62, 14, 5, -96, -83, 60, -4, -56, 78, -22, 53, 99, 67, -34, 5, -33, 76, -25, 75, -97, 64, 94, 36, -54, -46, -9, -95, -83, -50, 26, -38, 10, 75, 95, -98, 19, -91, -86, -6, -21, -93, -53, -72, -70, 87, 44, 84, 98, -23, -96, -73, 9, 74, -49, 25, 17, -26, 32, 26, 89, -94, -88, -55, -71, -4, -86, -47, 87, -67, -97, -64, -31, -60, 53, 14, -59, 50, -29, 50, -63, 68, 51, -96, -12, 86, 11, -81, 34, 12, 38, -8, -75, 28, -23, 94, 4, -24, 16, -27, -22, 72, -35, 11, -26, -42, 85, -97, 40, -62, -29, 22, -75, -51, 23, -32, 52, -43, -100, 56, -65, -46, 85, 86, 4, 24, -95, -24, 97, 30, 49, 4, -37, -32, 14, 1, -36, -81, -96, -70, 99, 71, 89, 67, -97, 45, -19, 93, -19, -57, -84, -63, -82, 90, -46, 77, 100, -84, 12, 1, 72, 43, 51, -99, 59, -54, 14, -10, -38, -61, -51, 67, -30, -67, 88, -27, 36, -60, 48, 94, -100, 92, -50, 6, 85, -39, 20, 84, -5, 87, 77, -36, -58, -82, -91, 20, -82, -1, 70, 10, -36, 73, -37, -25, -95, 31, -99, 49, 67, -28, -22, 53, -28, 85, 81, 78, 10, -20, -34, 94, 83, -51, -15, 81, -87, -41, 8, 12, -61, -51, 87, 17, -13, 2, -71, -19, -19, 97, -21, 24, 80, -67, 79, 54, -53, -36, 9, -58, 99, -83, 27, -82, -20, -79, -35, -46, 0, 39, -48, 16, -80, -88, -83, -74, 65, -5, -84, 74, 13, 83, -79, 81, 61, -2, -99, -59, -41, -25, -94, -91, 22, -44, -31, 77, 84, 47, -72, -93, -33, 60, -24, 93, -98, 32, -89, -98, 1, 31, -82, -55, 13, 40, -70, -8, -91, -27, 14, -82, 56, 62, 18, -53, 19, -31, -46, 93, 78, 36, 1, 93, -67, -2, 9, -85, 1, -87, 100, -49, 34, -51, -46, 44, -19, -1, 27, 55, 93, 70, 9, 89, -13, 83, -25, 67, -44, 26, -97, -74, 55, -27, 90, 67, 44, 26, 42, -46, 20, -30, 32, 69, 50, 73, 59, -91, 52, 7, 86, -2, -7, 68, 82, 95, 75, -85, -67, -41, 29, -97, 84, 82, -21, -34, 48, 30, 62, 14, 15, -47, 80, -37, 70, 61, 55, -36, 14, 98, -25, 89, 92, -10, -76, -62, -70, 49, 11, 14, 12, -25, 79, 95, 19, -39, -14, 85, 50, 26, 43, -62, 32, -62, 64, -95, -85, -91, -59, -77, -41, 75, -36, -31, -55, -56, -48, 34, 76, -67, 86, 81, 20, -15, -76, -45, -99, -30, 0, 39, -92, 81, -89, -79, -88, 43, -15, 26, 60, 45, 100, -35, 19, 40, 2, 70, -96, -50, 20, -1, -19, 73, 32, -20, -74, -37, 57, 38, -77, -51, 96, -8, -91, -86, 45, 82, 69, 15, 33, 38, -65, 6, 33, 62, -85, 2, -29, 98, -93, -16, 86, 89, -84, 76, -48, 46, 76, -18, -70, 20, -95, 14, 37, -12, 27, -94, 30, 1, 11, 32, 37, -80, 68, 23, 42, 100, 55, -71, -88, 26, 49, 95, 80, -19, 88, -72, 17, 42, 75, 99, 5, -83, 20, 17, 44, -68, -74, 79, 39, 78, 28, -94, -71, -52, -28, 34, 35, -18, 24, 92, 96, 44, -76, -20, -84, 21, 16, 18, 54, 98, -54, -86, -25, 17, -29, 52, -33, 3, 54, 21, -20, -62, 47, -61, -84, -83, -71, 55, 22, 85, -44, 56, -72, 52, 24, -51, 6, -42, -68, 25, 57, 97, -1, 36, 64, 27, -18, -91, 72, 61, 87, -69, -98, 87, -94, 16, -24, 25, 16, 88, 27, -21, -37, -96, 2, 21, -90, 39, 40, -25, -12, 55, -43, 38, 40, 66, -49, -64, 4, 23, 77, -52, 54, -5, 99, -34, -64, 13, -80, 25, -63, -56, -13, 76, 40, -11, -59, -79, 64, 5, 82, -87, -96, 20, 21, 21, -100, 75, -47, 99, 35, -68, 16, 47, 28, 98, 35, -75, 38, 88, -42, -90, -38, -34, -72, 59, -60, 94, -36, -22, -9, -8, -90, -8, -93, -56, -24, 74, 1, 16, -91, -50, 61, 7, -26, 32, 2, -62, -13, -58, -81, 20, -74, -19, -94, -66, 28, -38, 35, 80, 68, -39, -27, 92, 53, -34, 62, -50, -93, -79, 49, -87, -35, -5, -82, -43, 25, 39, -10, -87, -3, 6, -46, -83, -28, 15, -34, 95, -81, 24, -98, -46, -88, -53, -30, -46, -5, -71, -50, -14, -7, 51, 56, -23, -29, 80, 47, -37, -61, -45, -49, 56, 21, 83, 94, 29, 44, -65, -22, 43, 3, -72, 76, 39, -21, -66, 75, -100, -84, 81, -56, -15, 50, -23, -7, 14, -7, -42, 91, 88, 71, -35, -43, -58, 48, 16, -80, 61, -29, 68, -60, 52, -50, -80, 7, 52, -91, 43, -66, 88, 26, -67, -31, 28, 85, 5, 80, 37, 71, 100, 24, 37, 85, -82, -72, -22, 6, -93, 16, 17, -92, 10, 89, 27, -57, 0, -77, 31, -33, -46, 65, -42, 25, 58, 40, -60, 38, -15, 80, 38, -13, -96, -98, -78, 56, -80, 96, 20, 8, -36, 72, 36, 89, -96, -97, 83, 77, 31, 62, -77, 52, -99, 29, 38, -39, -34, 63, 45, -10, -32, 59, -10, -80, -30, -100, 56, 59, -89, 63, -81, -18, 50, 81, -41, -71, -73, -90, 43, 98, 90, 24, -44, -10, 98, -81, 85, 26, 18, -16, 18, 63, -62, -31, 7, 43, -78, -52, -88, 79, -66, -16, 72, -17, -44, -20, 74, 22, -34, -58, -36, 64, -76, -20, -6, 12, 98, -86, -73, 87, 56, 50, 20, -10, 92, -14, -70, 9, -14, -65, -40, 59, -16, -34, 3, -3, 63, -64, -97, 27, -17, 13, 3, 64, -39, -90, -43, 40, 7, -80, 22, 44, -66, -55, 61, 32, -63, -37, 41, 16, -45, 97, -59, 96, 4, -85, 81, 64, -91, 59, -61, -45, 76, 19, 25, 93, 75, -53, 78, 42, -77, 18, -66, 96, -47, 17, -61, 13, -76, 57, -47, 69, 5, -52, -99, -91, -94, 10, 61, 46, -69, 78, 20, -34, 87, -25, -16, 38, -92, -100, 27, -37, -76, -81, -36, -46, -94, -26, -42, 76, -85, -7, -66, 10, 83, -96, -83, 84, -53, 83, -85, -58, -86, 96, -60, 13, 46, -75, -39, -6, 72, -53, -24, -42, -74, 20, 44, -8, 33, -22, 75, -90, 48, -83, 72, 58, -19, 46, -95, -46, -95, 33, 81, -13, -40, -76, -53, -92, 64, 10, -59, 87, 15, -28, 81, -67, -39, 63, 84, -13, -62, 99, -47, -100, -65, -87, -64, 3, -85, 36, -95, -67, 11, 20, 9, -84, 67, 17, -65, -35, -30, -88, -9, 90, -43, -17, 52, 0, -62, 84, 33, -75, -71, -49, 98, -7, 77, 89, 30, 57, 84, -75, 67, 45, 35, -79, 46, 12, 67, -97, -33, -15, -93, 33, 19, -3, -60, 2, -5, -81, 24, 86, 64, 67, -27, 79, 21, 4, 45, 70, -48, -51, 73, 73, -68, -83, 7, 48, 25, -37, -49, 5, 43, 3, -58, 39, -21, 56, 52, 58, -53, 60, -1, 33, -52, 46, 91, 58, -60, -2, 82, 42, 58, 1, 71, -1, 0, 93, -90, 92, 74, -65, -24, 77, 29, -20, 16, -83, 2, 27, -65, 65, -32, -6, -25, -11, 20, 98, -90, 33, 58, 8, -94, 63, 72, -16, -77, 86, 97, 26, 88, -94, 34, 64, -79, 22, 41, -29, 65, 100, -76, -27, -53, -71, -48, -84, -21, 71, -78, 82, -37, -59, 18, -48, 75, -33, -69, -42, 66, -71, 49, -65, 30, 24, -65, -67, 51, -92, 42, -79, 35, -30, -14, 52, -2, -30, 66, 60, -60, -44, -49, -60, -1, 49, -87, -95, 96, 19, -100, 8, -8, -47, 46, 14, 2, 22, -26, 86, 56, -2, 33, -61, -22, 94, -85, 77, -23, 33, -72, 3, -50, 74, 48, 69, -86, 19, -79, -89, 26, 100, 44, 75, -90, 8, 63, 49, -11, -40, 19, 52, 73, 57, 76, 100, 48, 97, -56, -48, -34, -68, 92, 7, 41, 33, -78, 74, 22, -92, -70, 71, 32, -90, -85, 97, -27, 7, -41, -2, 59, -65, -16, 10, -51, 28, 82, 18, 33, 55, 100, -68, 11, -90, 61, -90, 32, 45, -93, 53, 18, 27, -94, 45, -11, -56, 83, 43, -43, 57, 68, -59, 24, -80, -90, -99, 57, 39, -61, 35, 51, 67, 50, -22, -54, 3, 53, 81, -47, -16, -85, 69, 73, -5, 25, -97, -1, -73, -5, -3, -95, 84, -39, 72, 38, 32, -20, -28, -15, 19, 23, -80, 42, 62, 45, 63, -46, 94, 70, 41, -36, 41, 86, 15, -3, 75, 70, 2, 12, 65, -16, -97, 87, -37, 96, -92, -46, -23, 67, -58, -75, 36, 16, 60, 74, 30, 34, -33, 71, -46, 20, -11, 97, -81, 37, -82, -18, 21, -42, -44, -43, 45, -59, 28, 69, 87, -54, -44, -32, 88, 54, 19, -14, -68, 46, -24, 10, 76, 32, 29, 65, 77, -33, -32, -61, 3, 56, 37, -72, 78, 10, 82, 62, -15, 41, 77, -84, 18, 19, -76, -72, -100, 28, 46, 0, 57, -46, 85, -72, 67, -85, -24, 10, -33, 8, -91, -8, -48, 14, -64, 82, -81, 4, 46, -3, -44, -35, 39, 7, 83, -25, -50, -64, 3, -58, 22, 35, 33, 25, -73, -75, -48, 36, 30, -75, -99, 49, -87, 25, -23, 22, 12, 4, -4, 39, -61, -93, -10, -66, 73, 45, 84, -46, 74, 85, -69, -40, 59, -53, -62, 44, -88, -6, -96, -2, -10, -37, 56, 93, 20, -47, -68, -31, 88, 13, 46, -54, 72, 54, 99, -41, 37, 6, -75, -63, -14, -51, -20, 44, 65, 20, 22, -28, 41, -59, -31, -54, 30, 39, -54, -63, 13, 1, 71, -38, 24, 57, 35, -29, 80, -39, -38, 14, -75, -54, 97, 3, 67, -14, -87, 62, -58, 9, -62, -60, 48, 48, 77, 88, -8, 74, -78, 88, -38, 23, 37, 7, 96, 30, -76, -9, 23, -26, -55, -69, -67, 13, 30, 86, 47, -80, 98, -22, -41, -34, -9, -92, 6, 47, 71, -50, -98, -4, -3, 43, 5, 5, -21, -84, -81, 21, 93, 45, -83, -76, 95, 83, 34, 50, 33, 78, 4, 85, -36, 39, 50, -20, -82, 79, 83, 68, -58, -16, -17, -97, -32, -23, -82, 56, 27, 64, -13, -49, -2, 97, -81, -97, 77, -23, -98, -98, -35, 8, -8, 13, -100, -41, -45, 81, 1, 15, -77, -90, -82, -85, 30, -98, -39, -34, -19, 69, 5, -56, 76, 89, 8, 4, -77, 65, 37, -73, 48, -91, 38, -48, 29, -36, 100, -58, -29, -44, -84, -8, 45, 96, -87, -38, -4, -78, -73, 98, 32, -25, -39, 96, -34, -28, -96, 4, 31, 81, 80, 75, 19, -57, 62, -28, 82, 51, -80, 19, 13, 35, 43, -39, 91, -66, 69, -5, 70, 93, -92, 3, 60, 84, -81, 68, 54, 17, -47, -98, 51, -22, -17, -92, -43, 71, 61, -35, -37, -96, 18, -66, -37, 98, -59, -90, -24, -19, -91, -72, 20, -12, -40, -20, -65, 90, -3, 63, 57, -69, 78, 40, 77, 98, -50, 16, 58, 75, 86, -77, 63, 96, -42, -6, 74, -52, 52, 29, -97, -61, 7, 44, 58, 12, -43, -27, 90, 39, 92, -12, -41, 18, -14, 87, -28, 65, 66, 46, 43, 12, 98, -19, -61, -5, -63, 66, -83, 77, -7, 85, 24, -60, 54, 18, 49, -66, 36, 77, 71, 17, -84, -78, -21, 34, -92, 89, -51, -44, 25, -76, 81, -1, 76, -27, -87, 30, 58, -66, 41, -23, -73, -30, -92, 87, 4, 4, 86, -20, 32, 79, -14, 49, -3, -23, 74, 63, 1, 51, -44, 4, 76, 58, -8, 64, -88, -9, -41, -58, 93, 38, -82, -58, -51, 19, -42, 96, 74, 100, 94, 21, 86, 47, 22, -4, 59, 11, -56, 70, 83, -6, 51, -24, 59, -83, 59, 69, 100, 49, 29, 97, -72, 59, -12, 62, 51, 72, -61, 2, -75, 98, 25, 74, 20, 85, -32, 13, 10, -66, 71, 26, 95, -46, -94, 18, 100, 51, 29, 86, -60, 25, -76, -57, 16, 6, 13, 4, 61, 56, -90, -94, -22, -84, -42, 97, -33, 57, -99, -97, 35, -30, 88, -20, 17, -73, -76, 46, -87, 98, -88, 90, 16, 48, -65, -79, 18, -46, -93, -50, -41, 47, -61, -61, 81, -12, 18, 9, -10, -72, 46, -40, -4, 32, -19, 13, 77, 39, 38, -58, 52, 64, -6, 68, -51, -66, -51, 94, 87, 0, 83, -6, 26, -69, -54, -89, -70, 69, -84, 89, -3, -35, -64, 57, 40, -76, -53, 63, -71, -71, 94, -54, -49, -46, 58, 84, 65, -58, 81, 80, -98, -88, 61, -54, 38, 0, 20, 3, 67, -19, -75, -22, 56, -13, 52, 70, 21, 29, -58, -38, 63, 75, -40, -31, 48, 68, 4, -41, 94, 30, 66, 45, -13, 45, 45, -81, 15, 40, -94, -72, 44, 24, 90, 90, 100, 56, 60, 40, 12, -26, -9, 24, 100, -59, 47, 77, 28, -13, 15, -22, -8, 44, -93, -59, 88, -90, -60, -50, -32, -87, 31, -14, -65, -8, 13, 77, 83, -80, 35, 94, -31, 97, -78, 11, 68, -41, 61, -27, -62, -81, 78, -84, -65, -36, -59, 20, 34, 45, -48, 45, 65, 99, -81, -91, -2, 97, -91, -31, -75, 49, 31, -14, 68, 23, -97, -21, 50, -23, -47, 74, 17, -41, -47, -69, -21, -90, -87, 81, -34, -27, -2, -90, 12, 23, 7, 22, 84, 2, 38, 68, 45, 93, -39, -76, 92, -90, 47, 27, 67, -71, -99, 26, -1, 47, 68, -53, -42, 57, 3, -86, -89, -53, 81, -93, -55, -47, 56, -92, -36, 99, -7, 75, -58, -63, -10, 27, 64, -95, -27, 66, -78, -68, 71, 46, 42, 90, 64, 19, 2, -18, -68, -74, -96, -84, -1, -73, 62, 9, -29, 27, -28, 93, -64, 46, 86, 62, 13, 81, 56, -74, 55, 4, 47, 13, 14, 43, -85, 50, 85, 85, -50, -68, 37, 7, -4, -99, 26, 96, -100, -90, -60, 19, 76, 6, 49, 88, 2, 22, -86, -33, -5, -17, -25, -70, -41, 90, -22, 9, 68, 62, -24, -71, 75, -80, 54, -3, -44, -87, 92, -48, -13, 21, 8, -56, 23, -47, 30, 88, -65, -24, -24, -72, -71, 18, -85, -35, 56, -45, 43, -11, -35, 30, -10, -10, -50, -81, -11, 73, -14, 21, -67, -61, -67, 54, 2, 91, -59, -4, -38, -13, -97, 33, -91, -75, -1, 4, 33, 13, -21, 34, 28, 1, -46, 95, -77, -26, -30, 47, -85, 5, -46, -3, -8, -95, -98, 4, 87, -47, -26, 17, 90, -32, -44, 49, 13, -78, -48, 85, -81, 23, 84, -75, 53, 12, -80, -72, 43, -52, 7, -87, -65, -98, -89, 66, 70, -77, 53, 92, 28, 62, 82, 88, 67, 18, -77, -59, 6, -15, -80, -36, -87, 22, 82, 63, 41, -95, 69, 55, -89, 88, -3, 66, 67, 29, -98, -54, 84, 99, -75, 1, -52, -46, 60, 100, -63, -60, 97, 11, 35, 59, -88, -64, 95, 78, 42, -56, 19, 50, 98, 13, -48, 79, -31, -67, 74, 74, -3, 17, 9, -31, 87, 46, 94, -85, -100, 11, -13, 58, -89, -44, -28, 64, 7, 50, -85, 89, -20, -7, -80, -96, -48, 17, 61, 11, 68, 11, 69, -76, 39, 75, 100, 12, 90, 9, 72, -77, -51, -34, 58, -36, -77, -73, 48, 13, -76, -6, 52, -43, 32, -6, 21, -59, -5, -89, 93, -39, 89, -36, 55, -4, -64, -49, 42, -60, 40, -29, 43, -90, 19, 2, -98, -100, -20, -14, 4, 28, 29, 10, -72, -52, 67, -89, -94, -97, 46, -40, 23, 25, 66, -5, 10, 44, 26, 90, -76, 44, 21, 86, 65, 78, 85, 77, 67, -23, 58, 86, -2, -61, 6, 56, 84, 13, -35, -23, 63, 78, 92, -32, 94, -37, -42, -4, 21, 11, 37, -39, -31, 46, 0, 21, -97, 97, -16, 69, 88, -38, 90, -99, 57, 24, 37, 55, 40, 12, -100, -92, 38, 45, -27, 8, -23, 68, -92, -13, -66, 98, -55, 0, -18, 98, 99, 92, 57, -5, -45, 6, -71, 73, 52, -2, -77, -37, -71, -55, 61, -46, -2, -77, 7, -67, -44, 75, -93, -23, -5, -45, 87, -37, -11, 78, 31, 100, 56, 63, 18, -66, 46, -48, 76, 76, -97, 40, -11, -70, -98, -17, 71, -63, -28, 70, 35, 64, 38, 43, 88, -78, -65, -86, -79, -40, -47, 67, 0, -59, -58, -98, -45, 19, -3, 3, -86, 31, 55, -94, 35, 22, -53, -30, -84, 69, -80, -82, 39, 37, -28, 42, 97, -33, 23, 8, -10, -3, 85, 83, 37, 38, 82, 96, -15, 92, -81, 28, 90, 31, 69, -19, 22, 89, -62, -79, -17, 27, 21, 64, 53, 16, -58, -75, -54, -50, 65, -65, 5, 1, 44, -15, -37, -93, 82, -66, 74, -4, 73, -100, -19, -77, -21, 14, -48, -37, -54, 59, -85, -73, 98, -22, 12, -20, 24, 55, -78, 70, -70, -64, -67, 6, 83, -86, -71, 42, 28, 23, -59, 71, -94, -14, -68, -40, -38, 18, 29, 30, 47, 100, 35, 51, -98, 69, -43, 71, 61, 17, 87, 19, -32, 9, -70, -66, -39, 79, 20, 80, -50, -55, -80, 67, 79, 39, 52, 77, 79, -88, 84, 27, -10, -68, -48, -11, 11, 42, -66, -4, -41, -29, 75, 80, -65, -5, -99, -17, 42, 49, -82, -33, 92, -52, 3, -36, 53, 52, -58, -35, -72, -62, 62, -30, 94, -49, 7, 31, 81, 98, -38, 78, -49, -10, 54, 16, 32, 99, 21, -64, 27, 97, -78, -56, -49, -90, -79, 83, 36, 34, -62, 39, -59, 79, -42, -10, 6, -100, -99, -44, 33, 61, -3, -4, -60, -9, -73, -45, 100, -44, 80, -8, 83, -48, 29, -25, 49, -14, -53, 22, 51, -34, 67, -43, -82, 79, 85, 63, -91, -43, 33, 65, -4, 63, -78, -25, 73, 62, -55, -80, 85, 31, 64, -71, 89, 13, -5, -76, -38, -95, 9, -16, 48, -62, -51, -10, 19, 39, 49, -58, 80, 0, -3, -36, 33, 61, 88, 5, -75, -85, 88, -56, 57, 64, 80, 33, -22, -35, -89, -50, 26, -84, -91, -23, -14, 76, -16, -42, -40, 22, -37, -15, 51, -68, 72, 99, -4, -44, 79, -77, -44, -91, 55, -93, 1, 0, 30, -2, -41, 67, 61, 45, 65, 77, 47, 46, -79, 25, 76, -36, -15, -45, -30, 6, -6, -16, -44, -77, 75, -2, -71, 32, -15, -85, -46, 35, -38, 45, -51, 9, 86, -69, -10, 35, -77, 69, 41, -2, -62, -41, 48, -7, -55, 17, 73, 15, -52, -23, 82, 20, -88, -92, 31, -12, -48, 75, -53, -45, 69, -40, 98, -52, -31, -34, 84, 66, -51, -50, -49, 51, -43, 97, -16, 84, 100, -49, -23, 12, -34, -77, 82, -48, -19, -9, 98, -67, -76, -20, -20, -31, 12, 21, -51, 59, 24, 53, -77, -94, -10, -65, 100, -21, 25, -37, 83, 30, 16, -89, -44, 86, 38, 69, 55, 61, 53, 25, 8, -56, -35, 21, -26, 28, 73, -24, -33, 74, -18, 10, -24, -64, -44, -1, -49, -25, -76, 7, -30, -74, -43, 69, -36, 78, 75, 75, 55, -96, -53, -97, -47, -78, -34, -33, -93, 61, -25, 73, -36, 79, -1, -10, 79, 4, -60, 54, -72, -28, -55, -48, 58, -89, 43, 11, 45, -29, 18, -29, 74, -68, -61, 39, 11, -32, -48, -9, -2, 44, -87, -21, -6, 70, 58, 35, -79, 0, -75, 91, -67, 45, 43, 32, 6, 65, -34, 88, -32, 46, 17, -32, -53, -46, 38, -15, -61, 76, -61, -13, -41, 61, -74, -58, 73, -8, 42, 23, 41, -40, -85, 26, 97, 20, -66, -7, 13, -10, -49, -35, -90, -73, -45, -23, -28, -98, -43, -65, -35, 59, -53, 0, 26, 91, -72, -93, -78, -78, -59, -20, 39, 24, -99, 28, -47, 91, -13, -50, 69, -76, 14, 30, 68, 61, 5, -88, 99, -53, -51, -93, -61, -20, -1, -52, -88, -82, 30, -12, -67, -56, 61, 96, 49, 58, -33, -18, 58, 11, 20, 2, 71, -7, 18, -36, 48, -99, 16, -30, -79, -43, -89, 70, 81, 0, 80, -18, -35, 58, -80, -86, 61, -60, -87, 87, -13, 24, -84, -55, 4, 33, -13, -52, 41, -12, -55, 86, 53, -20, 23, 96, -20, -44, 12, -77, 84, -36, 70, 37, 3, -59, -49, 3, -47, 14, 31, 17, -64, -70, -20, 1, 1, -58, -77, -97, 27, -14, 48, 0, -47, -8, 90, 38, 32, 14, 1, -47, 74, -69, -89, 38, -64, 99, 74, -49, -54, 89, 41, -69, 82, -35, 54, 74, 2, -39, 11, 78, 81, -73, 66, 8, -91, -41, -73, -64, 13, -58, 22, 100, -19, 2, 52, 72, 50, -80, 58, -7, 16, 0, -44, 68, 40, -1, 100, -71, -33, -97, -43, 87, 67, -33, -89, 40, 41, 70, 15, -78, -84, 59, -49, 60, -24, 1, 66, 37, -60, -74, 36, -48, 72, -89, -30, 75, -72, -47, 42, -71, 66, -70, 70, -45, 76, -68, -91, 46, -91, 70, -58, 73, 51, 2, 79, -92, -64, -75, -8, -26, -72, -57, -67, -64, 14, -20, 0, -87, -11, 100, -12, 38, -94, -85, 48, -38, 79, 33, 2, 87, 74, 33, -40, -22, 97, 36, -95, -76, 87, 68, 1, 31, -83, -70, 96, -71, 0, 11, 53, 54, -27, 95, 5, -33, -30, 4, -68, 41, -87, 69, -98, 92, 45, -39, -31, -37, -79, -64, -6, -62, 37, -74, -88, -95, -62, 9, 99, 86, -70, 17, -98, -52, 10, -52, -64, -52, -46, 14, 50, -33, -53, -97, 75, 15, -1, -21, 6, 59, -33, -78, 2, 72, 77, -95, -40, 81, 5, 91, -19, -52, 85, -52, 75, 10, 0, -81, -63, -55, -65, -28, 52, -81, 58, 86, 22, 88, -82, -72, 36, 63, -88, -11, -19, 62, -7, 58, 73, -13, -41, -42, 72, 95, 91, -23, 99, -74, -61, 29, 98, -59, -43, 20, -94, -38, -81, -15, 33, -63, 55, 93, 26, -38, 53, -84, -75, -29, 26, 39, 47, 96, -37, 71, -25, -3, -87, 3, -10, -1, -29, 4, 68, -48, -67, -56, -26, -35, 43, 1, -40, -67, 98, 10, -59, -6, 68, 78, -91, -45, 86, 64, -6, 45, -33, 64, -35, -58, -77, -17, -100, 38, 8, -28, -87, 56, -34, 40, 39, 14, -70, -78, 64, -88, -30, -89, 6, -98, 16, 15, -100, -91, 84, 27, 98, 69, 17, -25, -59, -3, -78, -100, -42, 66, -13, 48, -82, 68, -71, 44, 87, 71, 33, 38, 0, 30, 8, -69, 9, -31, -22, -18, 29, -75, -72, -38, 66, 86, 70, 46, 92, -85, -81, 13, 48, -38, -50, 46, 74, -38, 8, -30, -90, 59, -100, 62, -91, -47, -91, -43, 54, 11, -19, -1, -58, 88, -23, -83, 35, 71, -88, 71, -9, -27, -28, 70, 73, -22, 71, -84, 86, -3, 1, -34, 55, -33, 17, -89, 2, 2, -47, -11, 18, 13, -43, 48, -64, -85, -23, 81, 30, -63, 75, 95, 94, 54, -85, 20, -20, -98, -95, 85, -29, 85, -29, -26, -20, -53, 1, -65, -97, -56, -87, -48, 50, 82, 83, 99, 72, -52, -83, -54, 62, -5, 81, 99, 51, -47, -34, 61, -41, -47, -43, -35, 52, 78, -21, -17, -87, -62, 58, -29, 70, -33, 5, 60, 77, -28, -16, -82, 65, 76, -16, 48, 52, 41, -82, -44, -91, -97, -85, -24, -51, 44, -40, -4, -45, -17, -66, -15, 24, 51, 40, -35, 54, 41, 62, -61, -18, 99, 84, 54, -43, -71, -89, -92, 51, 74, 32, -3, -59, 90, -25, 93, -21, 76, -98, 63, -38, -71, 53, 92, 31, 31, 38, 58, -77, -79, -98, -100, 23, 36, -66, 26, 6, 16, -33, -79, 2, -13, -25, -42, 10, 88, 32, -89, -94, 21, -53, -73, 27, -88, -51, 19, -6, -19, 8, 21, -91, 16, -51, 58, 32, 80, -31, 17, -53, -19, -64, 24, 72, 6, -85, -25, 21, -93, 67, -4, -59, -32, -48, -88, -7, -30, 49, 87, -91, -84, 86, -48, 33, 73, -30, -50, 16, -71, 78, 91, -69, -92, -93, 4, 45, 22, -8, -34, 87, -20, -69, -86, 25, 74, 95, -70, -91, -5, 59, 36, -12, 73, 26, 38, 54, 47, -37, 44, -42, 75, -80, -1, -77, 1, 40, 13, 26, -7, 64, 45, 79, 21, 51, 57, 94, -66, -43, -32, 76, -46, 88, -78, 90, -36, 11, 87, 45, -49, -54, -89, 43, 66, -31, 58, -30, -19, 12, 18, 0, 18, 38, 16, 27, -35, -20, -79, -68, -61, -45, -4, 37, 63, -15, -68, 15, -12, -47, 40, 21, 18, -85, 55, -84, 94, -11, 14, -74, -49, -23, 65, 63, -71, -78, -82, -40, -52, 88, 15, -75, 85, -39, -36, -66, 80, 84, 13, -51, 11, 0, 4, 24, -73, 26, -66, 94, 44, 2, -83, 6, -4, 92, 70, 84, -63, -75, 56, -64, -95, -98, -4, -77, -43, 81, 41, -51, 64, -62, 20, -46, -19, -59, -96, -26, -89, -9, 100, 51, 81, -92, 52, 75, 97, 98, -74, -59, 72, -38, -100, 91, -54, 87, -6, 50, 15, -10, -53, -20, 71, 93, -13, -86, 55, -54, -52, -35, 48, 94, 95, 62, -73, 97, 1, -91, -69, -39, -22, 78, 50, -82, -77, 15, -28, 68, 25, 56, 42, -61, -81, 74, -90, 36, -25, 88, 73, 32, -39, 94, -13, 59, 6, 2, -84, 84, -56, -5, -29, 17, 60, 36, 58, 11, -18, 86, 34, -12, -44, 11, 13, 71, -9, 90, -6, 61, 7, 98, -94, -62, -97, 28, -76, 92, 48, 12, 71, -76, 18, -63, 89, 30, -16, 61, -16, -72, 1, -1, 14, -71, -80, 97, -39, 82, -93, 28, -91, 22, -9, -63, -37, -34, -39, -37, 46, -60, 51, -11, -72, 12, 67, 97, -66, 45, -93, 30, -95, -26, 56, 15, 18, -49, 25, 45, 17, 7, 10, -100, 66, 58, -49, -67, -7, -12, 91, -98, 11, 23, 19, 86, 28, 6, -35, 46, -12, 50, -85, -55, -43, -74, -72, 69, -13, 91, 49, 23, -89, -13, -33, -78, -25, 62, -59, -2, -4, 20, 46, -46, -8, -86, 5, 84, 51, -21, -63, -34, 67, 29, -85, 98, 79, -48, 78, 54, 63, 93, 9, -80, -76, 45, 82, -2, 0, -91, -100, -42, 86, 91, 30, 87, 0, 52, 5, 87, 35, -76, 98, 73, -23, 61, -88, -63, 89, -74, 86, -7, 18, -32, 82, 97, 11, 79, -11, -4, 79, 2, -90, -56, 60, -68, -39, -19, -96, -97, 54, 19, -28, 28, 36, -67, 67, 12, -32, -35, 80, -62, 56, -23, -1, -54, -72, -70, 45, -73, 47, -6, 51, 32, 92, -49, -61, -85, -29, -55, -93, 22, 94, -91, 32, -31, -6, 45, 52, -61, -32, -92, -10, 56, 2, 36, 7, 88, -38, -13, 41, 5, -53, -98, 24, 74, 84, -64, -47, -61, -98, -28, -84, -85, 60, 18, -14, -31, 10, -6, 78, 89, -41, 38, -66, -87, -76, 38, -52, 83, 71, -90, -53, -92, -12, -1, 60, 39, -17, 93, -50, -60, 45, 86, 44, -48, 93, 50, -63, -16, 17, 55, -54, -69, 86, 46, -97, 55, 78, 5, 42, -61, -39, 48, -10, -89, 93, -5, 64, -59, 38, 67, 20, 28, 71, -19, -54, -70, 14, 30, -52, -25, -12, 80, -22, -63, 73, 74, 13, -53, 27, 25, 61, 54, 2, -93, 93, -54, 44, -5, 15, -81, 91, 6, 14, -21, -84, -81, -76, -43, 2, -85, 16, -95, -62, 4, 94, -83, 74, -92, -22, -19, -95, 27, -12, -96, 57, -33, 17, 30, 37, 51, 36, -94, 74, 9, 33, 16, 88, 87, 81, -14, 50, -46, -23, -82, -41, -22, -71, -21, -3, -71, -78, -52, 70, 84, 38, -73, 20, -85, -12, -71, -83, 16, -100, 33, -86, 48, 63, 84, 36, -33, -45, -36, -11, -43, -8, 31, -17, -11, -43, 89, -87, -67, 42, 47, -70, 29, 7, -45, -99, -14, -77, 15, -21, 87, 5, -67, -76, -8, 26, 25, -1, -33, -7, 12, 14, 4, -30, 44, -56, -80, 54, -26, -43, -16, -94, 61, 89, -38, 47, 14, 79, 89, -89, -45, -88, 57, 80, 78, 90, -18, 82, -47, -90, 44, -25, 12, -30, 12, -88, 54, -18, -91, 95, 83, 26, -88, -70, -68, 61, 71, 74, -36, 33, 9, -68, 85, 97, 94, 22, 43, -76, 71, 74, 100, 36, 39, 1, -26, 51, -65, 57, -36, 65, 97, 98, -32, -56, 73, -55, -51, 53, -78, -14, 11, -18, 7, 37, 80, -99, 2, -42, -69, -18, -41, 83, 98, -65, -60, 67, 65, -63, -88, 37, 90, 27, -26, 31, 70, -12, -47, -28, 3, 92, 95, 71, -46, -67, -44, -44, -61, 49, 12, -52, -79, 0, 74, 92, -84, 9, -100, -41, 67, 20, -41, 81, -49, -59, 3, -71, -69, -38, 28, 0, 8, -9, -92, -32, 49, 76, -12, -70, -80, 32, 6, -66, 12, -90, -38, 55, 10, -72, 29, 49, -75, -47, -63, -9, 49, -38, -64, -22, 93, 1, -15, -49, -14, -58, 18, -86, -30, 73, 96, -25, 49, -60, 97, 79, -16, -23, 76, -46, -24, -11, 100, 72, 18, -37, -42, 17, 36, 54, -82, 77, -91, 73, -61, 62, 74, -8, -42, 82, 5, -95, 16, 47, 5, 17, 6, -60, -36, 47, 38, 33, -64, -95, 71, -27, 9, 50, -32, 47, 37, -94, 54, -88, -85, 68, -91, 32, -2, -72, 46, -37, 48, 13, 49, -89, 90, 31, 74, -33, 21, 47, 53, -37, -37, -76, 14, 55, 96, -25, -99, 24, 58, -48, -50, -23, 78, -11, 66, 46, -67, 43, 69, 81, -40, -93, 68, 24, -2, -55, 79, -96, -78, -96, 92, -49, -20, 73, 20, -5, 64, 30, -19, 71, -55, 86, 90, 20, 9, -32, -22, 60, 32, 26, 40, -65, -50, 77, -85, -6, 53, -4, -92, 22, 33, -67, 71, -10, -93, -45, 3, 3, -75, -59, 14, -42, 5, 61, -34, 99, 31, -12, -48, 37, -33, 95, 76, -51, 9, 83, -97, 70, 34, -20, 43, 85, -10, 91, 48, -9, -71, 70, 99, 24, -27, -44, -76, 87, 11, -49, 48, -21, 92, 67, -99, -23, 43, -46, -55, 100, 82, -70, 10, 31, 29, -96, 28, 68, -58, 83, 87, 62, 31, 55, 69, -96, 94, -66, 90, -32, 66, 35, -16, -27, 80, 15, -17, -96, -21, 82, -52, -40, -87, -72, -99, -54, 49, 66, 7, -38, 93, -87, 88, -16, -6, -1, -50, 28, 42, 72, 63, -6, -3, 47, -67, -91, -24, 62, 40, 62, 41, 34, -60, -36, -30, -19, 15, -52, 86, -81, 8, 91, -32, 32, 10, 71, 57, -72, 48, 22, -68, 52, 41, 13, 62, 75, 38, 22, 57, 57, -54, -50, 95, -32, 43, -90, 96, -74, 75, -35, 87, -71, -34, -41, 93, -23, 40, 45, 15, -95, 76, -99, 24, 43, -35, -33, -79, 21, 33, 73, -27, 40, 15, -61, 56, 71, 97, 68, 70, 29, 86, 12, -83, -42, 55, 45, 4, 44, -2, 48, -37, -19, -13, -10, 99, -51, 47, 8, -48, 67, 79, -91, -21, 78, -28, -49, 17, -98, 22, 64, 55, -53, -36, -68, 77, 83, -43, 98, 24, -27, 57, 34, -92, -79, -26, -60, 24, -58, 30, 85, -61, 68, 64, -45, 24, 48, -71, -37, 27, 84, -35, -26, -56, -88, -40, -17, 36, 47, 68, -97, 50, 0, -97, -23, 13, -96, 1, -6, -84, 68, 28, -16, 63, -14, 23, 88, 88, 66, 52, -4, -38, 63, -98, -78, -89, 55, -85, 2, -45, -75, -42, 57, -60, 75, 41, -32, 65, 46, 99, -94, 69, 67, 32, -64, 17, 82, 35, 13, -69, 89, 17, 84, -60, 14, 99, 80, 41, 38, -88, 17, 100, -27, -70, 28, 96, 34, 54, -69, -88, -55, 14, -21, -38, -28, 23, -62, 23, 76, 9, -73, -58, -57, -92, -31, 33, 97, -25, 6, -64, -67, 45, -56, -24, -1, 11, -75, 24, -33, -55, 46, 16, 67, 43, -24, -99, 19, -44, -65, 15, 21, -22, 90, -47, -21, -61, 80, 16, 86, -2, -69, -72, -19, 80, -67, 83, -49, -8, 5, 93, -67, -76, -65, 1, -44, 36, -33, -11, 86, -41, 98, 43, 52, 97, -73, 84, -39, -90, 49, -43, -99, -42, -44, 11, -93, 26, 72, -77, 76, 92, -13, 67, -56, 9, 35, 37, 65, 54, -3, -90, -67, -70, 44, -12, -85, 70, -21, 6, -26, 78, 94, -37, 13, -23, -46, 63, 91, 77, 68, 48, -26, -25, 80, -77, 38, -65, -26, 91, 30, 100, 71, 54, -19, 59, -83, -64, -44, 55, 26, -10, -62, 15, 25, 65, -40, -37, -65, 55, -1, -12, -44, -75, -92, -64, 0, -95, 44, 99, 32, -28, -79, -27, -89, -2, -51, 70, -91, -78, 15, -47, 49, 5, -35, 97, -75, -33, 99, -56, 15, 60, -96, 8, 68, -12, 43, 29, -92, 26, 10, -81, 91, -81, 91, 53, -34, -55, -41, -83, 90, -87, -84, 7, 89, -36, -22, -34, -15, 80, -56, 35, -53, 19, 43, 40, 38, -8, 70, 58, 88, -70, 14, 65, 83, 59, -58, -100, -17, 65, -30, 65, 83, 3, 55, -79, -7, -73, -45, -19, 93, -63, -48, -24, 29, 40, -53, 98, -20, 26, 2, 30, -43, 93, 61, -32, -25, -84, -46, -45, 38, -47, 78, -93, -17, 10, 69, 13, 83, -47, 93, -100, -85, 67, -90, -11, -40, -25, 92, 75, 96, 99, 47, 22, -55, -95, -78, 91, 12, -89, -75, 76, 95, -89, 45, -67, 90, 84, 55, -69, 96, -59, 89, -39, -82, -73, -48, 42, 74, -21, -37, -16, -97, 11, -16, 33, -43, 34, -58, -20, 18, -51, 92, -68, 74, -61, 32, -43, -84, -30, 71, -91, 61, 16, 21, 9, -18, -85, -68, -17, 88, 89, -22, -98, 69, -79, 5, -92, 77, 3, 10, 90, -11, 0, -98, 71, 7, -69, -57, 10, -42, 25, 74, -30, -5, 13, 48, -25, 70, 99, -68, -3, 76, -15, -14, -71, -86, 10, -42, 86, -5, -22, -13, 4, 6, 58, -93, 66, 10, 92, 30, -26, 0, -75, 46, 45, 14, -20, -42, 58, 60, 22, -81, -52, 10, -48, -62, -11, 95, 72, 74, 99, -30, -96, -22, 63, 94, 91, -17, 11, 10, -70, -84, -26, 58, -41, -100, -27, 33, 91, -23, 71, -7, 21, -29, 76, -16, -97, 61, 80, -73, -73, -26, 70, 47, -57, -36, 26, 23, 7, 95, 97, -50, 57, 31, 3, -19, 20, -33, -30, 7, 11, 13, -27, 64, 65, -29, -79, 10, -65, 57, 90, 51, -69, -50, 0, 97, -19, -82, 34, -21, 77, 70, 34, -79, 88, 51, 4, -50, -99, 82, 81, 7, -62, 91, -46, 84, -87, -1, -88, 58, 31, -36, -56, 35, -44, 21, -21, 51, 60, 97, 3, -77, -10, 46, 97, 79, -66, -5, 9, -51, 38, 26, -97, -47, 72, -77, 96, -1, -37, -18, 35, -55, -52, 74, 85, 42, 80, -83, -80, 73, 87, 27, 9, -100, 98, -74, -11, -55, -71, 2, -28, 45, 70, 64, -74, -10, -62, -33, 25, -71, 5, -4, 60, -24, 97, 66, -70, 69, 20, -95, -54, 16, 10, 51, -41, -96, 99, 73, 16, 8, 5, -40, -82, 50, 23, -11, 61, 1, -73, 15, -28, 4, -17, 13, 41, 27, 94, -18, -44, 3, -32, 23, -100, -22, 38, -1, -94, -16, -6, -91, 91, -72, -84, 23, 17, -79, -38, -17, -82, -33, -3, 9, 100, -55, -8, -30, -99, 72, -34, 52, -65, -36, 36, 28, -94, 40, -7, -24, -35, 49, -10, 27, 63, 66, 78, -30, 76, -24, 74, -69, 33, -29, 60, -41, -70, -93, 16, -96, 13, 75, 90, -13, 16, -37, 75, 10, -48, 42, -60, -82, 29, 63, 84, 89, 49, -80, 99, -64, -70, -92, 17, -11, 73, -4, 48, -25, 86, 0, 32, -82, 95, 18, 46, 0, -44, 20, 67, -68, -89, 76, 48, 26, -53, 23, 69, 9, 49, -97, 28, -56, 27, 26, -93, 26, -12, -82, 74, 81, 56, -60, -50, -85, 48, -89, -11, 40, 13, -85, 88, -97, -15, -25, 18, -50, -50, 47, 5, -25, 59, 27, -47, -53, -10, 3, -49, -75, 26, -38, 83, -22, 75, 67, -84, 22, -82, -2, 100, 82, 5, 12, -43, 72, -72, 12, -68, -95, 38, 5, -61, 25, -5, 98, -4, 16, 25, -14, -63, 53, 21, -53, -64, -16, -71, 96, 61, 76, 73, 71, -94, -20, -5, 95, -10, 62, -32, 18, -14, 40, -38, -3, -6, 36, 39, 42, 22, 17, -60, -28, -29, -53, -67, 3, 62, 2, -67, -33, 68, 76, -27, -43, 32, -99, -15, -86, -37, 10, -97, 49, 56, -7, 9, -31, 37, -61, -99, 33, -10, 89, -98, -16, -94, 3, 69, 57, 94, 91, -78, 18, 5, 15, 51, -75, 42, 52, -64, 39, 39, 15, -38, -49, 97, -26, 91, -82, -80, -94, 16, -7, -23, 25, -86, -38, 69, -79, -93, 45, -44, 20, -7, -23, 41, 32, 83, -30, -53, 55, -69, 98, -22, -22, -86, -32, 31, 38, 9, 26, 22, 84, 22, 22, -76, 96, -69, 61, -31, 80, -96, -86, 80, -73, -14, 27, -80, 59, 88, -19, 96, -100, 63, -95, 41, -17, -94, 4, -39, 45, 20, -92, -18, -100, 0, -82, 36, 72, -26, -64, 61, -64, 32, -70, -88, -47, 14, 1, 16, -7, 63, -65, -48, -77, -51, 81, -88, -38, -49, -43, 59, -84, 33, 18, 95, 22, -21, -89, -71, -2, -2, 43, 46, 95, -1, -79, 23, -50, 62, 22, -86, 83, 28, -94, -55, -6, 55, 64, 0, 8, -61, 56, -23, 82, 81, -40, 63, -65, 47, -20, -66, 52, -22, 89, -70, -47, -69, -78, 42, 34, -35, 67, -24, -36, -9, 7, -80, -76, 21, 100, -1, -35, 44, -98, -57, 86, -61, 44, -89, 94, 75, -54, 33, -64, -56, -48, 14, -3, -19, -19, 90, -27, -20, 15, -19, 77, -4, -97, 52, -77, -54, 47, 94, -62, 100, 69, 54, 15, -83, -95, -20, 2, 54, 62, -16, -1, -39, 66, 87, -65, 60, -92, 36, 3, -83, 17, 26, -78, -43, -82, -91, -83, -37, -65, -56, 72, -77, -65, -17, -99, 73, -93, -11, -77, -65, 76, 15, -24, 46, 65, -41, -67, 41, -5, -34, -55, -37, 9, 60, -31, -13, 0, 19, 8, -40, -28, 91, -98, 87, -55, -16, -15, 34, -37, 13, -10, 79, 82, 90, 81, 85, 75, 74, -46, -62, 19, -60, 56, -32, -16, 55, 26, 25, -17, -78, 11, 82, 50, -15, -53, -53, 22, -40, 7, 0, 63, 68, 98, 59, 63, -22, 95, -1, -95, 100, -85, -47, 19, 67, -89, 33, 30, 63, 38, -11, -92, -77, -78, 81, 75, 67, -32, 17, 92, 33, -85, -87, -82, 66, -68, 26, 81, 77, 51, -62, 17, 91, -30, 51, 94, 38, 94, -38, 63, 78, 57, -8, -10, 30, -65, 3, -4, -48, 71, -40, -46, -86, -41, 60, 83, 79, -89, 94, 1, -8, 93, 88, -57, 32, 31, -47, -67, 73, -87, 25, -47, -42, -79, -13, -21, 66, -66, -77, -64, 56, 55, 96, 86, 66, 64, -37, -4, -38, 97, 38, -38, 5, -35, 80, 27, -98, 31, -66, -18, 22, 28, 71, 36, 20, 89, -34, -5, 84, -34, 57, -68, 61, -31, -90, 5, 24, -34, 3, -5, -17, -57, 66, 0, -77, -23, 91, 5, 29, 63, -83, 68, -13, 20, 25, -24, 39, 48, 56, -11, -13, -4, -83, 81, 56, 28, -92, -77, 6, -2, 59, 60, -96, -43, -26, -20, 65, 49, -83, 41, 89, 53, 93, -86, -64, 93, -1, -39, 22, 47, -1, 92, 32, -27, -17, 61, 84, 66, -44, -5, -34, -48, 74, -34, -5, -58, 27, 17, -73, 87, 43, -90, -15, 97, 27, -92, -59, 60, 8, -32, 83, 21, -71, 98, 40, 79, 73, 45, -68, -19, -37, 8, 28, -78, 35, -79, 9, 53, -1, 14, 45, -84, 77, -67, -100, 28, 84, -25, -49, 55, -74, -14, -96, 5, -23, -4, 66, -70, 28, -21, 63, -61, -90, -30, -25, -86, 29, 94, 14, 74, -77, -64, -15, -53, -83, 66, 56, 46, 87, -50, 91, 10, -80, 38, -61, -66, 89, 56, 38, -19, 86, -98, -13, -8, 95, -69, 7, -95, 42, 68, -50, 21, 94, 11, -74, -10, 88, -47, 25, 53, -2, 49, 11, 32, -30, 55, -10, 42, 50, -99, -68, -44, 63, -7, -15, 82, -62, -8, -32, -1, 78, -8, 79, 37, 35, -95, 100, -2, -1, -59, 28, 18, 42, 48, 6, -32, 74, -10, 24, 30, 90, 72, -39, -97, -93, -63, 34, 63, -45, -56, 15, -68, -71, -97, -28, 35, -75, -96, 43, 68, -51, -79, -27, 0, 36, 73, -58, 23, 37, -63, 38, 52, 37, -68, 73, -55, -24, 72, 84, 89, -48, 0, 27, -12, -70, -57, 99, -45, 80, 44, 82, -96, -83, 92, 91, 53, 20, -32, 7, 78, 94, -9, -38, -97, -83, -6, 10, -73, -36, 24, -68, 26, -50, -13, 16, -83, 39, 54, 42, 51, 34, 27, -37, 71, 48, 81, -33, 29, 16, -33, -79, -5, 61, 99, -87, -79, -36, -89, -67, -60, 50, 48, -72, 3, 68, 26, -51, 58, -96, -2, -78, 41, 46, 23, 64, 66, 73, 44, -89, -33, 7, -6, 34, 91, 45, -56, 69, 92, 72, -76, -98, -6, 14, -84, -40, -12, -28, 84, -86, -68, 70, -2, 50, 59, -18, -91, -65, 83, 94, -81, 46, -56, 73, 28, -100, -80, 95, -69, 87, 64, -89, -100, -60, 24, 16, 93, 84, 68, -5, -37, -56, 52, 64, -99, 94, 15, 32, 42, 14, 42, -76, 31, 60, 77, 62, -17, -54, -29, 60, 37, -26, -2, 40, 47, -84, -12, 67, -28, 95, -18, 56, -93, -75, 8, -83, -36, 49, 3, -7, -52, -28, -26, 1, 8, -72, 73, 52, -98, 98, 95, 80, -77, -46, 47, 81, -86, 54, -65, 92, -97, 57, -52, 44, -95, -90, -15, -47, 70, -40, 61, 25, 42, 33, -22, -62, -40, 41, 59, 22, 27, 64, 70, 60, -66, 96, 42, 49, -50, -4, 65, 38, 63, 32, -63, 49, 97, -81, 27, 38, -3, 37, 9, -11, 1, 57, -8, 94, 72, -32, 69, -85, 0, 44, 97, -14, 70, -72, -64, 10, -59, -22, 49, -6, -58, -23, 96, -20, -56, 92, -57, -43, -50, 47, -64, -62, 16, 13, 57, 45, 1, -12, -83, 17, -62, -64, 50, 68, 74, -86, 20, -11, 68, -45, -79, -7, 17, -15, 83, 27, 13, -18, 78, -59, 15, -36, 87, -62, -70, 61, 0, -82, -56, 57, 50, -89, -7, 38, 66, -87, -31, -33, 76, -94, -55, -99, 43, -48, -77, -36, -99, 51, -58, -50, -29, 80, 67, 72, 3, 45, 33, -19, 100, -90, 87, -65, 55, -26, 65, 13, 27, -80, 1, 21, 67, -18, 64, -83, -10, 5, -16, -76, 21, 39, -28, 91, -40, -72, 22, 80, -9, 91, -80, -25, 92, 6, -3, 16, -21, -19, -100, 32, -39, 2, -97, -3, 49, -46, -22, -16, 75, -34, 29, -4, -11, -66, -40, -93, -53, -8, -69, 100, -82, -92, 86, 91, 47, -99, -42, -85, 64, 10, -78, 83, 8, -1, -93, 65, 11, -80, 95, -11, -49, -62, 65, -37, -70, 48, -53, -90, -52, -79, 24, -96, -62, -65, 85, 70, -52, -58, -70, 5, 15, -84, -9, -99, -27, 43, -62, -6, 58, 90, -77, 43, 4, -95, 5, -50, -39, -89, 65, 58, 6, -49, -6, -80, 27, -84, -78, -11, -73, -73, -93, 35, 44, -17, -37, 71, 9, -70, -78, -5, 44, 20, -4, -83, 43, -90, -95, -37, 29, -73, 61, 48, 22, 21, -79, 22, -3, -79, 81, 23, -10, 14, 55, -40, -79, -64, -29, -97, 88, 30, -86, -91, 83, 7, 43, 62, -40, 1, -49, 77, 56, -79, 81, -80, -65, 73, 6, 13, -22, -89, 67, -92, 52, 65, -95, 54, -46, 27, -23, -91, 47, 8, -12, 35, 9, 89, -94, 64, 72, 76, 91, -61, 91, 44, -64, 30, -41, -23, 30, -18, 56, 67, -38, -72, -78, 78, -97, 100, -11, -93, 74, 30, -29, -60, -22, -61, 84, 72, 15, 26, 89, -24, -62, -57, -85, 12, 22, -53, -86, 47, 33, 95, 71, 37, -22, -27, -38, 90, -92, 56, 59, -86, -7, -62, -65, -75, -34, -99, -80, 48, -58, 26, -57, 99, 55, -36, -26, -37, 14, -93, 52, -68, -48, 31, 54, 23, -79, 48, 18, 16, -88, 12, 57, 37, 13, 25, 78, 71, 25, 55, 23, 34, 53, 11, -50, -14, -87, -17, -74, -67, -67, 78, 50, 5, -1, 54, 74, -4, 4, -48, -90, 76, 0, 25, -45, -48, 28, -4, -59, 93, 97, 7, 55, 10, 85, -97, -3, -79, -40, -5, -14, -5, 25, -14, 69, -26, -69, -89, -30, 60, 44, -33, 72, 98, 2, 77, 5, 87, -34, -77, -2, -40, 18, -6, 72, -96, -66, -66, 7, -93, -36, 62, 62, 79, -8, -33, 100, -12, -82, 15, -14, -80, -59, 7, 66, -78, 10, -83, 95, 100, 44, -17, 21, 29, -69, -92, -80, -60, 87, 99, -11, 16, 29, -77, 87, 15, -1, 39, -61, 23, -3, 95, -62, 44, -82, -77, -39, -85, 41, 57, 86, 67, 65, -33, -57, 11, 90, -24, 37, 68, -15, 4, -27, -36, 29, 39, 28, -60, 11, -76, 35, 7, 86, 85, 82, -71, 58, 78, 2, -94, -56, -84, -25, -14, 98, -90, 78, 36, 73, -43, -85, 77, 12, 89, -17, 13, -7, 74, 5, -81, -93, -20, 100, -48, -15, 92, 52, 49, -10, -35, -41, -67, -2, 83, -14, 84, -46, 10, 47, -23, 22, 28, -40, -28, 57, 49, -57, -33, -72, -97, 75, 5, -56, -88, -1, 84, -100, -71, -64, -25, -85, 80, 2, -40, -91, 54, -49, -4, -32, -13, 79, -18, -23, 24, -20, -12, -70, 14, 9, 80, 66, 96, 58, -89, -37, 56, -45, -94, -22, -97, -19, -65, 87, 100, -3, -26, -89, -55, 75, -80, -25, 49, -24, -79, -38, 85, 36, 21, -79, 81, 98, 18, -75, -69, 63, 24, 25, -9, -18, 52, 37, 20, -75, 93, 3, 47, -92, -7, -79, 49, -56, -27, 52, 36, 49, -98, -70, -43, 86, -61, -89, 90, -88, -82, 35, -44, -22, 11, -52, -27, 5, 66, 51, 42, 98, -22, 6, 30, -97, 58, 68, 61, -60, 17, -94, -96, 88, -85, 89, 39, 16, 57, -22, 8, 40, 86, 96, 5, 68, -32, -92, -46, 2, -57, -72, 73, -61, 30, 29, -1, 10, -89, 13, -17, 71, 61, 96, -70, -33, -33, 7, -31, -78, -77, 25, 48, -72, 69, -98, -20, -87, -34, 8, 27, -40, 12, -46, -90, -29, 49, -69, 25, -85, -55, -69, -91, 13, 55, 90, -62, 88, 40, 77, -16, 45, 11, 3, -30, 20, 2, -26, 22, -89, -71, -27, 80, -16, -9, 66, 54, 32, -17, -66, 49, -32, 88, 89, 80, 63, -78, 49, 53, -77, 43, -54, -74, -62, -14, -25, 41, 73, 56, 91, -38, -31, -82, -69, -51, 30, -42, -74, 28, -56, 49, 64, 32, 74, 40, -74, 18, -19, -77, -25, 36, -47, 69, 88, -35, 55, -25, -64, -88, -92, 87, 42, -73, -41, 30, -61, 71, -37, -59, -3, -22, -27, 13, 36, 35, -24, -65, 16, 61, -79, 13, -8, 56, -91, 48, 1, 58, 77, 18, -35, -94, 79, 10, -3, -54, 92, -2, -26, -19, 100, -4, 71, 12, 10, -26, -70, -100, 84, -17, -17, -67, 42, -78, -9, -78, 5, -29, -19, 46, 60, -53, -59, -2, -43, 96, 93, 39, -56, -10, -27, 94, -1, 64, -79, -40, 17, 45, 41, -12, 83, -5, 10, -93, -60, -51, -45, -11, -69, -90, 30, 92, -12, -69, -97, -15, -50, -29, 73, 93, 90, -1, -11, 93, -8, -85, 44, -92, 65, -98, -29, 4, 71, 82, -100, 14, -3, 48, -10, 66, -7, -30, -97, -70, 58, -52, 99, -3, -6, 70, -69, -71, 49, 11, 56, 38, -19, 6, -30, 69, 99, -43, 4, -7, 80, -78, 90, 48, -24, 35, 97, -74, -72, -66, 3, -20, -16, 34, 59, 4, -43, -73, -69, -77, -23, -57, 97, -13, 51, -96, 93, 67, -10, 56, -31, -49, -82, 61, 18, -7, -40, 70, 53, -30, 40, 54, -62, -86, 37, 27, 54, 8, 91, -36, -58, -48, -98, 100, 73, -65, -31, 35, -32, 73, -49, 66, 9, -83, 43, 11, -97, -71, 61, -99, -38, -11, -14, 33, -26, 54, 42, 38, 69, -57, 98, 20, 88, -63, 6, -41, -17, 98, -87, 96, -93, -21, -44, 48, 8, -91, 89, 3, 91, -54, 23, -3, 39, 16, 29, -91, 10, 3, -73, -22, 80, 41, 17, 17, -36, -46, 61, 76, -32, -17, -71, 1, 15, -79, 11, -75, 84, 61, -41, -36, 3, 17, 34, 31, 80, -86, 17, 10, 44, -74, -3, 76, -19, 83, -42, 87, 24, -32, 42, -57, 31, 14, 50, -27, -90, 58, -65, -2, 71, 97, -81, -55, 86, -34, 1, -14, -80, 35, -79, 44, -99, 53, 65, -62, 58, -7, -19, -84, 18, 85, 92, -19, 21, -78, -30, -91, -19, -41, -88, -14, 35, -44, 94, -33, -62, -69, -9, 39, 39, -24, -36, -47, -15, 62, -54, 86, 2, -15, -57, 48, 54, 71, 6, -3, 95, 29, -26, 58, -85, 27, 46, -56, -23, -100, 52, 55, -74, -3, 35, -65, 62, 10, 84, -32, 59, -41, 64, 35, -28, -83, -89, 68, -76, 98, -92, -75, 54, -44, 37, 84, -39, -62, 80, -59, 54, -20, -28, 81, 47, 92, -75, -88, 58, 99, -77, 98, -44, 8, -89, -47, -96, 1, 61, 94, -53, 23, 68, 85, -58, 52, 61, 9, 59, -56, -71, -67, 59, -25, 19, -93, -87, 40, 87, -81, -94, -96, -7, -69, 72, 19, -42, 20, 32, -2, -69, -97, 6, -96, 4, 31, 59, -53, 50, 38, -90, -42, 28, 89, 61, 86, 86, -49, 23, 66, -92, -4, -98, -37, -58, 82, 6, 33, -9, 47, -2, 77, -61, -82, 18, -89, 61, 68, 87, 55, -14, 11, 37, 17, 45, -38, 49, -32, 38, -16, 43, 16, -54, 65, -41, -81, -51, 12, 71, -48, 87, 93, 11, -42, -21, 17, -100, 66, 74, 77, -36, -94, -13, -22, 72, 54, 33, -33, 72, 4, 4, 60, -50, -44, 86, 3, 92, 90, -27, 12, 78, -72, 50, -38, 56, -12, -56, 77, 32, 61, -11, -24, 7, -94, -28, 18, -89, 63, -45, 98, -46, -70, -77, -7, 7, -36, -56, -41, -29, 99, -14, 84, 96, -16, -47, 66, 48, -44, 71, 98, -89, -20, -34, 79, -66, 71, -15, 93, 72, 2, -18, 50, -8, -23, 65, 99, -67, -62, 28, 12, 6, -93, 46, -94, 23, -82, -17, 42, -32, 88, -96, -52, -95, 34, -78, 33, -60, 24, -74, -73, -34, 97, -34, 37, 36, 71, 28, -3, -58, -21, -82, -36, -57, 68, 75, -27, -17, 59, 25, 31, 18, -94, 48, 78, -43, -74, 84, 65, 70, -40, -27, 29, 55, 41, 45, -26, 80, -20, -76, -97, -2, 61, 36, -81, 58, -93, -94, -74, 63, -33, -31, -71, -60, -25, -67, -88, -2, 94, -32, 57, -13, 21, 78, -11, 13, 52, 95, 98, 27, -31, -81, -52, -47, 13, -91, -35, 6, 76, 10, -35, 84, 36, 30, 11, -48, -86, -24, 77, -21, 84, 37, 37, -73, -3, 93, -79, -13, 1, 62, -95, 84, 72, 4, -60, 53, -5, 57, 55, -52, -86, 37, -86, -15, 27, 65, 42, 61, -34, 64, -88, -10, 55, 4, 94, 86, 28, 55, -81, 30, 8, 66, 59, -75, 87, -100, 17, 59, 29, -100, 67, 75, 69, 74, -27, -85, 7, -59, -57, 59, -26, -77, -18, 87, 11, 68, -71, -72, 95, -37, -28, -43, 75, -48, -80, 99, -29, -17, -66, 65, 64, 23, 68, 77, 31, -91, 65, 51, -22, 90, -77, -83, -98, -43, -74, -57, -86, 92, 86, 4, 1, -77, 64, -3, -14, -75, -47, 6, 0, 21, 14, 57, -46, -65, 56, -28, -56, -21, -37, -78, 52, -7, -25, 43, -13, 13, -44, 61, -34, -6, 35, -61, 51, -51, -22, -16, -76, -80, -45, -59, 17, 10, -36, -32, -19, 86, -11, -80, 2, 0, -35, 85, -81, -59, -58, -14, -8, -25, -33, 97, 83, -56, -52, 95, -96, 60, -97, -1, -13, 5, 97, -51, -88, -34, 51, -56, -29, 46, 66, -77, -93, -70, -98, 73, -4, 82, -75, -79, -81, 9, 71, -40, 83, 73, 26, -52, 67, 21, -24, 58, 23, 67, 96, 37, 19, 64, 85, 65, -94, -1, -47, -2, 95, -3, 56, 66, 76, -43, -45, -24, 50, 48, -48, 94, 69, 22, 66, 59, -96, 98, 20, 65, -17, 83, 59, 58, -53, -85, -78, -88, 6, 34, -22, -63, 81, -3, 56, -21, -43, 95, -42, 78, 80, -49, -86, -15, -49, -3, -85, 27, 82, 59, -74, 75, -82, 41, 36, -56, 17, 69, 41, 10, 25, -33, -64, -68, -54, 58, -82, -20, 45, 30, -30, -97, 73, -82, -26, 78, 0, 66, 17, -1, 84, 16, 20, -98, -80, 16, -22, -87, -31, 47, -83, 22, -85, 21, 10, -17, 39, 86, 92, -85, -31, -100, 37, -23, -50, 84, -38, -15, -15, 54, -77, -49, -37, -70, 92, -45, -18, 1, 29, -14, -29, 15, 34, -19, 34, 4, 87, -68, -48, 70, -68, -7, 37, -77, -63, 28, -2, -72, 11, 56, -90, -57, 47, -49, 41, 80, 87, -71, 64, 45, 38, -11, -87, -34, 51, 34, -36, -58, 87, -1, -73, -79, 83, -39, 54, -47, 68, -31, 96, -31, 96, 5, 0, 33, 23, -46, -34, -11, -12, -70, 63, 46, 95, 73, -48, -11, 75, 0, -68, -95, -93, -42, 59, -71, -35, -53, 57, 76, -92, 92, -68, -24, 76, -44, -56, -93, 4, 32, -47, 71, 41, -47, -45, 52, -73, 72, -60, 42, -28, -35, -22, 78, -93, -1, -48, 48, 86, 37, -6, -30, 56, -31, 26, 25, 29, 19, 57, -52, -83, -45, 24, 67, -43, 45, 4, 60, -75, 5, 17, 57, 20, -79, -53, -51, -23, -4, 69, -85, -79, -24, 72, 25, -6, -93, -10, 73, 36, 6, 21, 31, 98, 99, 35, 23, 47, 55, -80, 36, 74, 72, 75, -97, 12, -32, -86, 73, -83, -71, 17, 32, -61, -42, -14, -9, -67, -55, 92, 1, 91, -50, -95, -19, 58, 83, -39, -47, -99, -12, 64, 91, -73, 11, -61, -81, 50, -62, 50, -72, -60, -77, 57, 54, 92, 6, 57, 56, -9, -99, -8, -75, -96, 30, 99, 79, -24, 82, -95, -5, -48, -73, 41, 76, 74, -31, -31, -7, 36, -72, 7, -28, 8, -2, 12, -77, 5, -95, 57, -38, -6, 64, 37, -59, 27, 37, 39, -32, 49, -38, 57, -23, -92, -71, 70, 63, -20, 51, -41, -43, -60, 1, -99, -34, -38, -94, 59, 84, -44, -49, -9, -93, 34, -50, -27, -97, 25, 0, -16, 44, -40, 20, -34, 41, 4, -7, 74, -4, -14, 38, -36, 51, -46, -94, 80, 20, 10, 25, -92, 38, -72, -59, 20, -22, 23, -2, 1, -41, -45, 72, 73, 42, -16, 44, -21, -15, -92, -57, 78, 0, -68, 78, 69, -64, 74, -75, -21, -19, -100, -93, 94, -15, 53, -6, -39, -63, -96, -14, -57, -49, -6, -69, 23, -42, 74, -73, -84, 95, -78, 93, 23, 32, -23, -12, -34, 15, 48, 39, 66, 85, 5, -88, 25, 90, 48, -41, 0, 29, -27, -80, -10, 80, -75, -56, 93, 24, 0, 98, -35, -52, -49, 54, 96, 30, 74, -50, -61, 35, 26, 49, 49, -96, -47, -93, 78, -72, 89, -100, 60, 98, -31, -29, 79, 51, 70, 61, 11, -11, -40, -25, -87, -85, -58, 72, -21, -100, -78, -34, 46, 27, 83, -44, 69, -61, -21, 100, -48, -16, 4, 3, 80, -84, 22, 80, 14, 37, -91, -77, 67, -88, -16, -37, -84, 4, -55, -59, -90, 72, 24, -91, 41, 73, -52, -76, -100, -94, -61, 64, -73, 70, -83, -25, 69, -80, 30, 18, -25, -35, 88, -63, -28, 29, -26, -27, -90, 32, 39, 15, 46, -76, 87, 27, -72, -31, 89, -76, -14, 53, -6, 70, 81, 23, 93, -63, 33, -32, 50, -90, -61, 95, -9, 87, -32, 94, 65, 92, -3, -78, -21, 91, 10, -22, -68, 58, 94, 94, 19, 38, 86, 29, 10, -66, -13, -28, -52, -14, 2, -94, -88, -22, 4, -63, -23, -94, 2, -43, -14, -7, -60, 89, 49, -18, 99, -5, 11, -33, -10, 31, 9, 55, 14, -32, -95, 92, -45, 98, -1, -42, 48, 65, 14, -2, -10, 35, -72, 99, -27, 67, -43, -16, -46, 25, -94, 47, -77, -55, 26, -69, 38, 98, -5, 31, 44, -3, 9, 74, 51, 45, 6, -39, 14, -13, 96, -86, 40, -83, 65, 71, -99, 6, 68, -97, -66, -36, 100, -49, 58, -9, -82, 98, 67, -13, 77, 98, 66, 100, -61, -96, 13, -26, 66, -17, 83, 17, 99, 90, 37, -24, -53, -1, -66, -47, -87, -59, -71, -21, 11, -29, -98, -49, 90, -43, 1, 72, -48, -75, 82, 55, 74, -40, 100, 44, 98, -25, -74, -80, -46, 87, -50, 42, -31, -83, -15, -16, 53, 72, 39, -49, -21, -95, -98, 6, -94, 48, -45, 91, -86, -5, 84, -57, 9, -44, 73, 83, 44, 30, -53, -75, -1, -81, -38, 20, -30, 25, 86, -76, -91, 51, 72, -60, -84, -55, 2, -92, 46, -40, 49, 25, -72, 11, 93, 12, 46, -63, -97, 48, 32, -23, -65, 49, -13, 27, 38, -29, -69, -39, -97, -40, -50, 17, 17, 26, 88, -49, -92, -90, 30, 83, 98, -29, 59, -36, -21, 90, 1, 80, 15, -20, -19, 36, -24, 19, 53, -52, 25, 82, -76, 65, 48, -9, -14, -15, -51, 67, -7, -35, -18, 22, -92, 57, 98, 73, 72, -58, 95, -93, -100, -98, 33, 17, 83, -35, -78, -15, 4, 79, -73, 22, 64, -21, 77, 42, 1, 32, -13, 35, 79, -20, -23, 5, 87, -76, -49, 56, -77, 59, -17, 74, -70, 19, -77, 6, 15, -67, -53, -95, -69, 14, 29, -38, 72, 78, -42, 16, -77, 85, -85, 100, 51, 45, 89, -98, -52, -42, -24, 61, 96, -32, -2, -13, -76, -4, -34, -54, -15, -59, -17, 84, 53, 40, 50, -67, 88, -36, 13, 44, -82, -11, -63, -31, -71, 57, 28, 83, -20, -80, 44, -87, -6, 3, 19, -36, -77, 65, -44, 48, 66, 99, 19, 92, 86, -66, 26, 41, 30, -96, 8, 85, 89, -52, -54, -77, -5, 53, 65, -45, -61, 8, -96, 22, -20, 42, 35, -86, 71, -40, -22, -60, 20, 96, 12, 66, -31, 51, -100, -1, 75, 35, 57, 12, -22, -16, -49, -89, -72, -66, 6, -83, 0, 9, 73, 43, -83, 91, -80, -96, -26, 76, -33, 31, -41, 65, -32, 51, -40, 60, -58, -51, 20, 96, 64, -57, -64, 44, 36, -52, 76, -32, 84, 56, 98, -35, -13, -76, 4, -79, 2, 59, -73, 51, -48, -84, -83, 7, 88, -35, 48, -17, -66, 72, 90, 99, -96, 55, -98, -51, -43, -24, -47, -41, 35, -87, 37, -41, 97, 51, 33, 96, -11, 40, -61, -61, 12, -78, -65, -22, 39, -24, 18, 11, -12, 20, 0, -23, 40, -60, -77, -10, 2, -46, -92, 4, -68, -21, 39, 25, 21, -9, -89, 91, -44, -96, -17, -20, -23, 99, 61, 85, 63, -95, -16, -3, 32, -29, 69, -1, -89, -28, 90, -15, 57, -21, -95, -36, -61, 32, 0, 51, -21, 16, -84, -17, -32, 49, -32, -60, 27, 48, 4, -69, 34, -100, 15, 87, -65, 46, 30, 2, 92, -17, 36, 33, 65, -72, 76, 27, -2, -22, 64, -79, -2, 72, -52, -64, 75, 33, 63, -45, 31, 3, 69, -63, 98, -59, -85, 82, 10, 80, 17, -41, -31, -12, 96, 4, 72, -31, -67, 14, -19, -60, 16, -35, 43, 4, -85, 64, -56, -61, 89, 94, 2, -4, 68, 58, -63, -58, 46, -11, -43, 8, -90, 63, -85, 39, 45, 45, 0, -72, -80, 95, 19, 85, -48, -39, 2, 96, 51, -76, -48, 22, 10, 70, -32, 35, -56, -32, 17, 97, 58, 11, 25, 17, 15, 14, 38, -35, 86, -14, 81, -98, 60, 22, 73, -54, 75, 87, 78, -96, -61, -36, 16, -81, -83, -21, 83, -28, 9, -19, -19, 56, 95, 77, 86, 94, 76, 77, 60, 54, 21, -83, -80, 67, 46, -41, 73, 3, -4, -94, -64, 1, -96, -18, 43, -48, 75, 61, -94, 74, 77, -18, 91, 54, -75, -23, -69, 25, -86, -77, 80, -55, -32, 52, 97, 29, -89, 100, -69, -13, -80, 58, 21, 53, -12, -72, 23, -35, 44, -53, -4, -57, 85, 30, -71, 50, 57, 30, -70, 42, 28, 28, -19, -44, 88, -96, 36, -12, 58, 30, 1, 62, 40, 66, 93, 68, 2, -57, -49, -92, -1, -56, 93, 45, -20, 40, 40, 53, 68, -80, 33, 89, -89, -60, -11, 69, -65, -63, -68, -83, -76, 22, 64, -87, -31, -26, 34, 70, 22, 82, -29, 54, 61, 13, -75, 89, 77, -96, -92, -4, 26, -32, -80, 75, -92, -74, -5, 0, 4, 82, 54, -84, 24, 40, 75, -29, 61, 20, 25, 28, 66, -67, 9, -53, 76, 64, -72, 89, -28, -98, 24, -96, -42, 86, -74, 91, 95, -62, -29, -19, -63, 58, -22, 20, -73, -20, -13, -38, 77, 75, -51, 23, -96, 88, -13, -33, 6, -98, 81, 14, -34, -92, -94, 46, -93, 88, 52, -78, 57, 1, 59, 59, 12, 17, 86, 85, -98, -22, -12, 51, 67, -62, -59, -23, -7, -50, 47, -92, -7, 48, -69, 40, -92, -4, -58, 27, 74, -8, -40, -62, -35, -51, 51, -65, -81, 23, -79, -16, 85, -96, 4, -87, 97, -39, 23, 56, -82, 35, 23, -61, 87, -4, 96, 19, 0, -21, 98, 93, -34, -1, 48, 94, -33, 10, -38, 12, 73, 79, 91, -91, -10, 52, -55, -32, -74, -78, 94, 41, 14, -70, -98, 3, 56, 31, -50, -9, 72, -21, 48, -49, -57, -81, -24, -56, -66, 1, -12, 78, 41, -94, 36, 44, -31, -39, -36, 22, 58, -19, 88, -63, -31, -17, 91, -64, 17, -79, -69, 94, -65, 18, 0, -40, 75, 49, 84, -20, 28, -96, 13, 11, -12, -14, 55, -65, 48, -82, 98, -77, -94, -61, 18, -31, 58, 37, -15, -95, 80, 88, -96, 46, -26, -48, -97, 27, -48, 0, -20, 30, 46, 72, -91, 24, 79, 95, 90, 16, 39, -38, 100, 58, 18, -2, -16, -81, -61, -56, -48, 5, -71, 63, -94, -13, 44, 45, 90, 71, -78, -99, -72, 89, -40, -37, -94, -65, 48, -92, -25, -21, -17, 64, -92, -50, 27, -8, -60, -1, -82, 91, 82, 60, -9, -58, 28, -52, -84, -91, -52, 26, 75, -99, 39, 21, 43, 84, -50, 15, -87, 52, -74, 59, 35, 73, 67, -83, -88, 83, 25, 38, -63, -6, 91, -82, 95, -81, -60, 88, 72, -27, 62, -65, -74, 55, 74, 0, -74, 44, 0, -21, 25, 74, 70, 8, 40, 56, -85, -45, 86, -86, -4, 3, -52, -87, -93, -24, -72, -16, -10, 81, 27, 91, -75, -52, -68, 8, 99, -17, 0, -17, -64, 11, 79, 42, 42, -84, -89, -13, -93, 80, 19, 20, 71, -100, 36, -84, 6, 92, 18, -91, -29, -64, -63, -57, 83, 82, -63, 8, 9, -39, -30, -68, 68, 94, 92, -12, -70, 63, -59, 50, 97, -53, 71, -40, -38, -51, -17, 14, 69, -11, -55, -35, 5, 71, -31, -78, -100, -97, 71, -4, -36, -30, 41, 59, 31, -19, 43, -67, -81, 29, 49, -99, -63, 1, 18, -32, -44, -51, -52, -13, -50, -90, -87, 74, 85, 11, -75, -21, -10, 43, -15, -45, -61, -49, -33, 28, 58, 53, 50, 90, -42, 26, 81, -71, -29, -22, -22, -26, -23, 3, -86, 19, 18, -54, 43, -94, 74, 43, 72, -38, -26, -8, -39, -44, -68, -63, -88, 19, 60, -74, -12, 97, -60, -63, -44, 3, 79, -18, -1, 93, -58, 4, 42, 44, -81, -20, -39, -44, -74, -76, 41, -28, -26, -60, 98, -28, -42, 9, 7, -33, 15, 94, -30, 42, -70, 40, -100, 44, 48, 47, -96, 61, 30, 25, -98, 87, 18, -11, -100, 36, 97, -47, 21, 12, 26, 55, -78, 25, -21, 23, 88, -61, -35, -6, 75, -100, -98, -88, 35, -100, -12, -50, -93, -12, 89, -30, 80, 47, 16, 39, 55, -81, -71, 23, 75, -60, -60, 39, -41, 19, 24, -5, 100, -46, -95, 17, -7, -40, -74, 20, 14, 89, -69, -71, 76, -76, 94, -61, 18, -55, -15, -17, -97, 94, -40, -92, -81, -17, -45, -36, 24, -17, 50, -21, -47, -67, -10, 11, -88, 63, 70, 18, 47, -34, 15, -79, -67, -81, -42, 40, -67, 42, 6, -62, 5, 86, -55, 71, -56, -22, -69, 61, 34, 0, 45, 90, 66, -3, 50, -28, -66, -61, 41, 23, 32, -4, 36, 38, 72, -50, 82, -59, -64, -75, -51, 88, 12, 6, -18, -49, -35, 75, -82, -90, -28, -12, -73, -33, 38, 80, 62, 64, 84, -66, 31, -1, 11, 58, -87, -7, -21, 95, 68, -70, 67, -62, 93, 51, 33, 15, 14, 74, 15, -43, 45, -35, 39, -23, 11, 63, 25, 6, 38, -11, 20, -64, -49, -27, 85, 27, 49, -79, 34, 76, 5, 7, 36, 39, 15, 73, -67, -76, -87, 44, 25, -32, -15, 3, 16, -11, 83, 26, 96, 57, 20, 35, -62, -73, 29, 92, 15, -20, -41, 66, -78, 55, 13, -5, -48, -56, 52, 10, -77, 44, -41, -70, -48, -10, -37, -76, 46, -27, 93, -49, -59, -40, -87, -25, 54, -45, -3, 88, 20, 26, 24, 36, -68, 19, 1, -78, 97, 29, -83, 42, 53, 32, 47, -27, 59, 5, 24, 57, -33, -61, -51, -61, 47, -100, -59, -30, -62, 62, -43, 58, -34, -94, 59, 30, 10, 33, 36, 97, 16, -25, 46, -40, 29, -10, 35, 28, -12, -62, -85, -13, -76, 27, 52, 70, -100, -92, 19, -18, -92, 18, -4, 48, 79, 30, -65, 25, 30, -16, -3, 60, 28, 4, 46, 35, -75, -10, 69, 5, -66, -10, -99, 88, -11, -64, -71, 1, -80, 71, 77, 36, -56, 86, -49, 90, 52, 74, -42, 34, -94, 7, 13, -50, 27, 75, -31, 71, -38, 23, 19, -37, -63, -1, 33, 27, -90, 61, 17, 69, -34, 23, 0, 75, 41, 60, -62, -86, 27, 77, 50, -92, -84, -45, -39, 9, 64, 51, 20, 1, -28, -49, 44, -19, -40, -40, 8, -90, 9, 93, 29, 78, -11, -50, -19, -20, -1, 92, -38, 22, -34, 64, 58, -96, -67, -19, -30, -90, -6, -50, -59, -84, -60, -18, -47, 93, -65, 61, -4, 8, 79, -40, 63, -86, -44, 28, -30, -17, -53, 3, -88, -35, -66, 61, -75, -43, -68, 29, 29, 57, 98, -90, 68, 15, -39, -81, -88, 89, -36, -87, -90, -13, 58, 68, 21, -51, -79, -62, 15, -96, 62, 53, -60, -91, -83, -69, -24, -85, -24, -96, -25, 42, -83, 2, -13, -45, 99, -92, 35, 98, 49, -23, -29, -55, -55, -57, 87, 24, -92, -8, 77, 21, 75, -17, 19, 71, -1, -79, -68, 32, 73, -65, 82, 90, 72, 53, -59, -85, 16, -44, 7, -41, -19, -15, -18, -79, -51, -54, -5, -91, 81, -98, -92, -65, 1, -81, 9, -35, -57, -79, 53, 99, -18, -25, -26, 78, -92, -24, 60, -87, -48, -2, -27, 57, -38, -45, 26, -31, -29, 89, -7, -24, 48, -31, 97, 91, 80, -57, 49, 94, -32, -21, 53, -17, 52, -10, 50, 95, -3, 43, 42, -85, -91, -67, 50, 8, 37, 85, 6, -9, 68, 1, -31, 15, -49, 68, 12, -33, 28, 76, -79, -59, 51, 32, -25, 73, 42, -11, 92, -86, 13, 55, -93, 27, 19, -81, -35, -51, -44, 23, 98, 22, -86, -42, 49, 21, -24, -14, 46, 31, 11, -20, 37, -16, 35, 8, -4, -60, 95, -90, -87, 53, -67, -79, -42, -78, -85, -49, -49, -57, -73, -86, 10, 56, -29, 65, 74, -100, 78, -92, -47, 41, -1, 86, 29, -15, -23, 35, 51, 50, 100, -28, -30, 71, -20, -37, 77, 65, -19, 19, 34, -94, 65, 36, -16, 99, -53, 10, -40, 42, -16, 77, -87, -13, 66, 18, 45, -24, 3, -93, 7, -63, -34, -82, -41, 93, 7, -24, 17, 16, 69, 62, 4, 68, 70, 6, 62, -98, 40, -38, 72, 35, -100, -40, -13, 76, -56, 27, -88, -22, -26, 11, -22, 81, -66, 20, 71, -45, -49, 5, 42, -66, 68, -78, -89, -73, 91, -11, -35, 40, -27, -91, -88, -18, -56, 60, 85, -31, 11, -22, -2, 66, -1, 44, -85, -55, -99, 100, -11, -43, -19, 81, -29, 43, 100, 72, 55, -10, -30, 55, -55, 30, 89, 55, 12, 25, -26, -32, -47, 88, -85, 77, -76, -86, 24, -12, -48, -46, 10, 70, 100, -75, 13, 38, -89, -27, 1, 54, -62, 50, -98, -78, -40, -59, -98, -32, 79, 72, 92, 23, 15, 95, 91, -41, 25, -51, 51, 89, 14, 96, 92, 81, 58, -8, -55, 35, -88, -18, 57, 12, 27, 92, 57, -37, -17, -94, -80, -34, 49, -5, -67, 9, -6, -77, 86, -73, -33, 56, 40, -63, 82, 52, 41, -47, 13, -19, -52, 35, 7, 84, 41, 91, -80, 23, -67, -59, 99, 75, 30, 15, -69, -28, 47, -60, -44, -49, -19, -32, 83, 72, -5, -89, 92, -82, -25, -100, 33, -69, 26, 3, -35, 23, 76, -64, -35, -32, -20, -62, -24, -35, -95, -44, 79, -51, 71, -40, -87, -70, -20, -80, -97, -91, 25, 74, 51, -44, 59, 21, -30, 67, 28, 86, 91, -91, 57, -21, -4, 85, 22, -4, -61, -31, -85, -100, 63, 53, 25, -84, -23, 67, 86, -87, -23, -8, 91, -75, 7, 1, -5, 16, 90, -4, -98, 64, -34, -99, -88, 37, -76, -18, -87, 66, -80, 63, 26, -57, 13, 39, -24, 9, -29, 75, -7, -62, -42, -31, 1, -18, -53, 89, -92, -23, 91, 59, 69, 35, 53, -72, -18, 53, 99, -76, -39, 56, 11, 41, -28, -38, -1, -28, -55, -26, -89, -11, 32, -75, -77, -71, -65, -92, 48, -97, -25, -56, 2, 78, -17, -83, -62, 72, -48, -76, 94, -97, 51, -39, -28, -40, -30, -26, -2, 82, -12, -11, 86, -87, 51, 98, -43, -16, -79, -54, 59, -37, -24, 42, 42, -40, 37, -42, -6, -32, 0, 49, 7, 5, 60, 4, -46, -30, -84, 78, 11, -59, -30, 76, 52, -12, -37, 19, 99, -63, 98, 10, -69, 78, -51, -85, -86, -93, 8, 12, -26, -45, 0, 38, -57, -59, 60, -20, -96, 41, -3, 33, 11, -58, -1, 23, -94, -78, 66, 75, 0, 85, -28, -22, 23, 52, 71, -20, -57, -66, 16, -72, -62, -76, 76, 23, 8, -68, -91, 13, -53, 40, -36, -23, 42, 34, -52, 29, -94, 25, 93, 85, -100, 0, 18, 18, -1, -77, 75, -46, -42, -46, -65, -28, -92, 58, 34, 35, -99, 69, -69, -58, -19, -12, 71, 71, -94, -55, -83, -28, 32, -35, 23, -75, 71, 61, -15, -50, 43, -57, -89, -47, -11, 27, -38, 64, -85, 42, -8, -3, 31, 78, 30, -23, -100, 93, 30, 51, 38, -67, 8, 5, 85, -8, -84, -53, 52, -71, -36, -40, 41, -2, 82, 64, 4, -44, -74, 0, 0, 71, -68, -17, 17, 83, -51, 60, 62, -61, -58, 70, -86, 16, -88, -19, 84, -74, -61, -12, 55, -47, 59, 52, 67, 7, -74, 63, -85, -94, -81, 51, -57, 100, 40, 1, 50, 13, -52, -92, -46, -56, -64, 82, 76, 88, -55, -38, -43, -2, -59, -24, 7, -60, 75, 80, 22, 19, -28, -89, 15, -6, -82, -73, -9, 22, 22, 98, -85, -29, 15, 92, 60, -45, -27, -98, 26, 8, 67, 86, -62, 58, -62, -10, -83, -50, -68, 34, -10, -47, -55, -22, -63, -1, -40, 56, 65, -18, 16, 18, -84, -81, 59, -67, -6, -55, -80, -31, -92, -25, -3, 2, -33, -69, 15, -33, 90, 39, -25, -46, 93, 0, 83, -51, -33, 57, 19, 41, -94, -70, -97, -25, 96, -84, -84, 20, 70, 74, 4, -97, 20, 33, 100, -92, 61, 20, -64, 68, 22, -40, 15, -49, -33, -88, 28, -32, 12, -14, -3, -5, 27, 14, 73, -80, 86, 13, 5, -50, 82, 3, 74, -74, 85, -100, -66, -11, 55, -25, 100, -55, 38, -26, 80, -78, -36, 5, -49, 44, 64, 28, -47, 43, -20, -12, -80, 97, 32, 76, -91, 57, 55, 33, -92, -23, -68, -53, -74, 62, -72, 62, -50, -29, 20, -64, -32, 85, -40, -62, -79, -30, 28, 98, 94, -6, 82, -18, -11, 15, 78, 33, -90, -18, 90, 100, -14, -58, 87, -89, -77, -34, 43, -53, 96, -77, 88, 62, 45, 85, 91, 32, -36, 19, 21, 14, 94, 21, 90, -90, -3, -1, -60, 94, 35, -45, -54, 86, -16, -67, 98, 23, 24, -49, 17, 80, -97, -69, -85, 57, -27, -50, 91, 3, -100, -95, -43, -11, -69, 2, -70, -22, -86, -62, -43, -46, -41, -31, 81, 46, -34, 89, -6, 57, -53, 5, 18, -69, -1, -45, 97, -81, 2, -14, -42, 12, 89, -64, -71, -37, 68, -64, 47, 9, -95, -100, -92, -71, 34, 13, -74, -11, 82, 67, 52, 60, 59, -96, -9, -46, -28, -87, -87, 92, -99, -72, -70, 19, -74, -14, 37, 77, -82, 25, -6, -26, -75, -75, -38, -78, -41, -75, -57, 54, -32, 51, -32, 27, 15, -77, 23, -58, -1, 85, -100, -73, 49, 29, 1, 23, -23, -63, 95, 69, -100, -42, -33, -72, 34, -22, 27, 29, -36, 3, 17, -34, 65, 34, -35, 7, -3, 26, -9, -12, -59, 77, 11, 4, -18, -19, -94, -35, -24, -7, -61, -16, 66, 64, -94, -39, -41, 38, -33, 90, -2, -66, -86, 58, -17, -37, -92, 70, 57, -9, -79, 89, 2, -40, -61, 47, 57, -100, -39, -57, -86, -49, 35, -83, -42, -21, 46, 68, -54, 69, 44, -31, -31, 89, -76, 78, -65, -85, 49, 27, 93, 56, 31, 16, -65, 89, 10, 62, 23, 84, 35, 74, -22, -35, 39, -40, 80, -73, -92, -80, -87, 93, 12, 55, -30, 97, -83, -18, 73, 86, 31, -21, -86, -52, 44, 58, 20, 72, 93, 83, -75, -94, -86, -47, -17, -37, 70, -46, -45, -57, 62, 26, 93, -80, -88, -88, -33, 84, 43, 10, 82, 28, -9, -56, 62, -50, 6, 88, -38, 21, -72, -2, -34, -69, -62, -42, 34, 29, -86, -68, -55, -42, 6, -94, -27, -72, 48, 98, 43, 82, -35, -92, 76, -60, -93, 67, -36, -30, 21, 82, -38, 53, -50, -81, 56, -75, -9, 93, 54, 53, -63, 94, -18, -33, -26, -29, -26, 99, 4, 8, 72, -93, 21, 100, -31, -57, 2, 54, 26, -82, 2, -28, -34, -12, -22, 42, 32, 92, 59, -16, 6, 9, 53, -59, -27, 9, 13, 39, -31, -95, 97, -49, 30, 62, 45, -20, -48, -32, -61, 64, -10, -58, 80, 34, 54, 29, 27, -11, -13, 19, 70, 77, -80, 6, 92, -34, 95, -60, 21, 75, 69, 55, 79, -36, -52, -53, 80, 35, 72, 84, -55, 34, -49, 11, 35, -99, 69, 85, 48, 45, -13, -75, -72, 76, 59, 58, 95, 92, -18, 52, 75, -17, 86, 49, 90, -93, 57, -20, 90, -13, -55, 81, 49, -61, 28, 16, -32, 0, -25, -79, -5, 67, -99, -63, -58, 2, -9, 58, -76, -86, -70, 39, 70, 19, 95, 95, -100, -16, 17, 14, -47, 83, -47, -51, 25, -53, -78, -9, -97, 8, 45, -16, -76, 73, -36, 50, -95, -68, 51, -71, -86, -37, -65, 68, -25, 14, 81, 62, -49, 28, 50, -50, -7, 54, 39, 53, -81, -59, 84, 43, -11, 41, 72, -70, -84, 15, -32, 96, -2, 47, -94, -97, -68, 97, 17, 12, -65, 51, -4, 56, -43, 26, 84, -83, -52, 43, 64, 16, -15, -28, 89, -17, 67, 60, -12, -35, -22, 74, -31, -79, -68, -46, -64, -45, 69, 38, 85, -88, -91, -21, -75, 40, 51, 70, 21, 68, -42, 82, -52, 63, 24, 59, 33, 26, 7, 12, -92, -60, 41, -41, 27, -73, 95, 56, 76, -72, 55, 87, 86, 82, 25, -50, -24, 29, 95, -66, -24, 83, 45, -86, -22, -45, 100, -11, -61, 46, -64, 33, 43, 43, 30, 13, 20, 35, -99, 22, -82, -7, -55, -59, -92, -32, 53, -10, -57, -33, -99, -35, -24, 50, 31, 59, -50, -97, 32, 49, -45, -85, -79, 27, -60, -90, -91, 55, 68, 76, 21, -68, -98, 14, 70, 22, 79, -8, -100, 70, 48, 50, 8, 74, 69, 10, -9, 77, -55, -37, -1, -61, 23, 87, 29, 31, 33, -57, 59, -12, -66, 57, -2, -78, -7, 75, -78, -6, -85, 95, 88, -38, -86, 68, 40, 86, 96, 53, -53, 64, 61, -64, 86, 36, 72, -57, 61, 14, 0, -38, -57, 29, -30, 61, 23, -95, -17, -86, -93, -52, 38, 17, 100, 80, 95, 58, 87, -28, -99, 49, 94, 79, 88, -51, -67, 47, -71, 95, -58, 60, 52, -52, -43, -63, 7, 4, 86, -17, 39, -92, 97, -1, -80, 0, 97, -77, -76, 94, -62, -37, -37, -96, -98, -96, -49, 62, 38, 81, -92, -75, -38, -17, -3, -41, 55, -13, 23, 76, -95, 77, 100, 30, 98, 72, -42, 37, -65, -77, 72, -88, -44, 86, 51, -53, -3, 6, 43, -70, 22, -72, 55, -60, -3, -34, -43, -3, -35, 64, 96, -48, 98, 70, 59, -52, 1, -63, -98, 99, 98, 70, -22, 52, -58, -21, 4, 9, 34, 51, -17, -61, -48, -17, -31, 8, -31, 30, -55, -10, -24, -69, -12, 2, -39, 33, -88, 44, -87, -45, 29, 73, 76, 94, 65, -50, 99, -20, 36, 62, 98, 29, 84, 94, 6, -7, -85, -8, -11, 18, 70, 96, -13, 23, 49, -38, -21, 12, 57, 92, 53, 12, 35, 11, -81, -94, -44, -69, -29, 38, 60, -8, 76, 30, -92, 98, -91, 13, -3, 49, -14, 25, 3, -58, 28, 78, -27, -1, 94, -70, 27, 25, 54, 100, -80, 18, 24, 13, 43, 49, -83, -17, 76, 13, -36, 21, 70, -64, -94, -80, 57, 94, 80, 42, -21, -46, 5, -30, 38, -51, 60, 36, 2, -33, -69, -71, 7, 52, 54, 56, 61, 21, -30, -91, 99, 20, -50, -66, -94, 1, -9, -24, -31, -23, -53, -18, 41, -4, -90, -26, 55, -15, 65, -4, -30, 54, -16, 84, -83, 91, 7, -81, 74, -12, 56, 33, -38, -59, 36, -22, -61, -11, -59, -29, -95, -56, -14, 82, 47, -92, 80, 94, -49, -70, 65, 38, -19, 12, -27, 85, 59, -48, -66, 36, 75, 44, 73, 1, -90, -21, 5, -61, 1, 77, -88, 54, -20, -6, 50, -31, -33, -27, -28, 33, 21, 55, 98, -48, 60, -61, 94, -85, -72, -42, -54, -6, -33, -89, 42, 32, 73, 56, -100, -4, 85, 60, -10, 98, 69, 94, 28, -34, -7, 76, -58, -14, -77, -23, 88, 31, 58, -92, -21, -40, -39, -46, -91, -63, -27, -61, 73, -49, -63, 26, 49, 36, -62, 22, 31, -71, 47, 21, 53, -91, -25, 90, 28, -47, -61, -89, 9, 96, -58, 42, -59, 25, 21, 24, -54, 76, 1, 61, 16, 68, -63, 77, -54, -1, 27, -93, 30, -73, 55, 65, -67, 74, -35, -80, 32, 57, -81, 81, -94, 63, -88, -80, -95, -62, -45, 89, -1, -6, -72, -70, 8, -32, -75, 94, 24, -57, 84, 18, -46, -63, -77, -46, 25, -40, -27, 91, -59, -18, -31, -82, -32, 52, 85, -82, 65, -73, -12, 81, 90, -28, 95, -43, -67, -96, -46, -30, 57, 20, -13, 56, -61, 62, -22, 64, 0, 83, 89, 24, 78, 33, -24, 83, -42, 30, -83, 43, -2, 94, 65, 78, -95, 78, 92, -60, -18, -73, 23, -36, -53, -1, -63, 15, -41, 80, 17, -12, -78, -85, 79, -73, 81, 92, 25, 66, -28, -19, -92, -74, -81, 95, -90, -44, 66, -46, -67, -35, 26, 71, -16, 42, -70, 39, -45, 87, 49, -89, 90, -89, 94, -7, 37, 23, 58, -87, -15, 93, 46, 3, -66, 99, -2, -18, 29, 24, -82, 91, -3, 1, 28, 26, -11, 32, -64, 65, -87, -20, -93, -40, 98, -96, 6, 9, 44, -82, -83, 94, -67, 92, -48, 36, -69, -17, -84, 3, 79, 91, -84, 53, 16, -98, 93, 95, 62, 53, 3, 90, 44, 18, 41, -13, -48, 46, 41, -62, -85, -34, -79, 91, 79, -6, 80, 64, 52, -58, 23, -9, -87, -54, -69, -20, 4, -75, 63, -92, 32, -76, -76, 49, 76, 71, -4, 25, 29, -89, -64, 52, -23, -77, -60, 3, 36, 84, -28, -11, -14, 62, 48, 96, -82, 81, 27, 81, 80, 7, 53, -56, -45, -95, 82, 99, 100, 3, 76, 92, 93, 81, 92, -48, 39, 40, -41, 56, -9, -61, -46, 80, -52, 82, 23, -3, 86, -18, 72, 72, -43, 76, -6, 79, 10, 90, -63, -100, -45, -39, 87, -86, 78, -40, -55, 71, -85, -22, -35, 91, 47, -45, 28, -100, 16, -70, 94, 10, -77, 59, 34, 44, 66, -31, 47, 81, 79, -50, 94, 89, 87, 69, -47, -49, 1, -12, 56, 20, -84, -22, -89, -1, 26, -64, -11, -30, 79, 87, 56, 35, -86, -69, 71, 51, 43, -37, -11, -88, -69, -50, -94, 13, 88, -76, 46, 41, -15, -56, -79, -18, -9, 97, -81, -72, -42, 19, 85, 32, -75, 92, 28, -96, 79, -55, 56, -84, 21, -85, 87, 69, 81, 38, 57, 8, -99, -9, 30, -42, -54, -9, 0, 22, 58, 88, 39, 25, 81, 1, -78, -93, -18, -70, -13, -65, 67, 7, -36, -7, -90, -63, 94, 99, -89, 61, 43, 24, 14, -90, 77, 59, 45, -58, -53, -63, -68, -66, -7, -40, 38, 97, 0, 91, 67, 16, -74, 13, -63, 76, -93, -60, 96, 80, -27, -98, 90, 45, -38, 24, -66, 59, -47, 90, -8, -2, 36, -82, 54, 84, 1, -20, -99, -26, -28, -83, -59, -70, 81, 47, -37, 52, 72, 30, -43, 6, -37, 15, -77, 10, -85, -2, 68, 45, -90, -37, -4, -40, -56, -8, 51, 53, -75, -21, -24, -27, 3, 22, -29, 84, 81, -72, -90, 99, 93, 74, 52, -84, -15, 65, 88, -56, 90, 73, -84, 59, 40, -3, -9, 95, 36, -9, 30, 13, 71, 40, 61, 64, 100, -75, 70, -9, 61, 16, 57, -55, 56, 13, -1, 97, -7, 73, 15, 76, -60, 18, 33, -61, -54, 47, -55, 62, -22, 51, 52, -5, -10, 99, -46, -26, -60, -61, -58, 49, -53, 95, -1, -87, 99, -56, -87, 17, 88, 53, -100, -11, 7, -9, -98, 79, 78, -39, 80, -97, 80, 89, 4, 60, 38, 93, -59, 66, -46, -27, -85, 38, 22, 63, -10, -87, 29, 83, -48, 50, -34, 72, -20, -11, 33, 52, -30, 63, -58, 83, 44, -61, -3, 82, -31, -50, -34, -74, 92, -44, 44, -41, -8, 6, 20, 98, -70, -1, -86, 44, -75, 26, -63, -9, -27, -71, -75, 36, -53, 86, 24, -49, 13, -54, 74, -97, 51, 9, -70, -52, -100, -95, 100, 86, -85, 4, 87, 86, -78, -97, 53, -38, 6, -29, 31, -38, 9, 11, -35, 49, 14, 69, 80, -94, -5, 50, 19, -53, 45, -77, -66, 84, 33, 62, -76, -72, 1, -100, 49, 40, -50, -79, -13, -3, -13, -3, -43, -77, -1, 31, 34, -53, -81, -56, -41, 23, -79, 100, 50, -73, 37, -76, -85, 3, -55, -12, -32, 94, -25, -89, -42, 99, 26, 51, 98, -12, -85, 19, 13, 7, -22, -76, -24, -12, 1, 8, -19, 80, 49, 66, -75, -61, 88, -25, 6, -42, -67, 29, -50, -56, -81, 3, 30, 21, -97, -52, 74, 8, -79, 67, -26, -79, -23, 76, -92, 74, 28, -29, -69, -50, 69, -89, 37, -63, 10, -76, -35, -89, -27, 3, 57, 69, 79, 0, -98, 76, -36, -98, -62, 84, -36, 85, 86, 41, 54, 30, -23, 62, 79, -48, -86, -81, 45, -59, -16, 45, -50, -33, -87, 25, 9, 61, 98, 2, 9, -25, 90, -38, 10, -86, 5, -18, -61, -20, 92, -35, 41, -43, 66, 28, 61, 31, 79, -5, 68, 19, 16, 61, -4, 95, -63, -70, -65, 75, -87, -81, -62, -26, 27, -27, -43, 14, -81, 47, -17, -83, 6, 53, -22, -1, 11, -38, 68, 65, -4, 54, -16, 16, 15, 89, -64, -50, 86, -32, 43, 66, 75, -35, -56, -18, 2, 67, -58, -81, -36, -4, -99, -19, 80, -68, 82, 50, -99, -31, -5, -78, 13, -11, 43, -1, 47, -100, 56, 80, 66, -63, 1, -77, 30, 29, -44, -65, 41, -77, 68, 58, 38, -32, -22, 90, 7, -80, -95, -76, 83, -80, 48, -88, 45, 69, -72, 19, 54, -2, -7, 9, 66, -98, 63, -91, -44, -44, 43, 76, 52, -97, 1, -53, -97, -85, 90, 15, 71, -7, -71, 73, 72, 17, -62, 60, 18, 27, 45, 96, -84, -49, 64, 41, 65, -29, 37, 24, 51, -55, -15, -49, -81, -62, 18, 94, -80, 59, 37, -75, 77, 45, -58, 6, -22, -57, -47, -48, 35, 62, -33, -45, 39, 45, -86, -54, 100, -15, 98, -3, 83, -12, 22, -65, -61, -74, -11, 70, 77, 86, 95, -7, 29, 89, 16, 30, 57, -17, 76, 43, -57, 86, -12, 18, -10, 16, -98, 58, 79, -89, 99, 22, 44, -69, 88, -16, 57, -44, -38, -10, -61, 3, -21, 68, -74, -5, -77, 52, 34, -52, 81, 86, 80, 28, 91, -71, -40, -5, -11, -12, -13, -29, -35, 79, -85, -40, 18, -16, -20, 73, 23, -57, 69, -24, -11, -4, -63, 37, 30, -9, -89, 99, -9, 52, 61, -60, 31, -33, -11, -83, 37, 35, -73, 46, -7, -87, 32, 38, 58, -97, 93, 84, 36, 51, -79, -82, 23, -56, 3, 4, 89, -11, 11, 45, 15, 36, -11, -40, 4, -16, 1, -59, -23, 90, 4, -73, -57, 28, 82, -14, -61, -1, -66, -98, 18, 22, 12, 74, -95, -23, 87, -5, 92, -77, -46, -89, -46, -66, 38, 60, 60, -72, 56, -45, 41, 43, -85, 82, 27, -8, -45, -46, 90, -54, 43, 59, -57, -54, -78, -39, 27, -75, -45, 62, 81, -28, -55, 93, 70, -66, -24, 27, -33, 55, 63, 13, -38, -21, -68, -76, -16, 73, 71, 34, 8, 29, 19, -96, 95, -97, 10, -98, 9, -51, 89, 73, -29, -36, 69, -10, -11, 7, 21, 38, -32, 32, 53, 37, 39, 96, -88, 45, 55, 27, 29, 29, -3, 47, 78, 71, -27, 39, 85, -87, 92, 16, 92, 87, -83, 33, -37, 30, -65, -42, 22, 69, -60, 69, 86, 19, 61, 14, -78, -26, -99, -85, 11, -59, -38, -96, -79, -50, 48, -98, -93, 62, -58, 89, 56, -25, 37, -28, -97, -84, 79, -24, 99, 11, -80, 37, -49, 79, 31, 52, -18, 53, 75, 53, 1, 52, 75, -48, -1, -15, 75, 42, -52, -34, 45, -27, -76, -2, 94, -65, 16, 79, -29, -7, -64, -21, 4, 61, 38, -32, 79, -62, -6, -100, -91, -32, 98, -28, 23, 50, 6, -30, 17, -31, -29, 91, -93, -38, 54, 61, 19, 63, 47, 41, -37, 93, -1, -95, -76, 68, -46, -18, -82, -80, -87, 16, -50, -88, -25, -13, -4, -85, -21, -23, 9, 68, 73, 39, 9, -40, 39, -94, 38, -25, -64, -85, 10, -84, 90, 49, 90, 9, -14, 48, -70, -75, 6, -77, 36, 95, -23, 51, 84, 9, 42, 26, 64, 61, 95, 8, -10, 84, -62, -98, -77, 74, -24, 92, -2, -90, 40, -52, -14, 37, 65, -7, 80, -88, 6, -14, 58, 32, 78, -13, -32, -54, -78, -28, -100, 3, -50, 85, 31, -79, 67, 22, -51, -90, 65, 83, 11, -21, -43, -21, -8, 5, 8, -11, -6, -28, 95, 28, 93, -21, -17, -61, -82, 53, 29, -23, 54, 68, 83, 58, 27, -99, -29, 85, -64, 45, 78, 87, -50, 85, -80, -93, 5, -2, 36, 95, -61, 37, 83, 50, -82, 22, 96, 6, 97, 49, -77, 21, 29, -84, 76, -69, 37, 92, 77, 95, 48, -53, -98, -31, -20, 3, -76, -17, 40, -51, 73, 29, 60, -18, -50, -4, 72, 21, 57, -65, 21, -43, 96, 19, -4, 76, -57, 12, -69, -20, -1, 70, 16, 36, 59, -15, -99, 84, 73, 2, 59, 12, 18, 63, -20, -62, -21, 18, 25, -4, 74, 29, 80, 89, -64, -4, 87, 94, -9, 91, 11, 17, -90, 21, 57, 61, 87, -67, 6, 62, -53, 89, -1, -23, -21, -49, -52, 46, 97, 51, -47, -93, -28, -78, 96, -93, 43, -55, -86, -47, -34, 4, 71, -55, 19, -61, 55, 47, 76, -77, 32, -51, -73, -70, -72, -16, 81, 86, -31, 72, -75, 46, 52, -50, 26, 40, -67, 60, -63, 45, 66, 85, -25, -92, -87, -90, -66, -88, -18, 43, -66, 51, 96, 87, 39, -29, 32, 84, 46, 10, -59, -83, 7, 26, 66, 70, 24, 83, 89, 71, -34, 12, -68, -18, -87, -35, 84, -56, -88, -88, 61, 43, -95, 92, -70, -65, 52, 55, -28, 23, 40, -43, -61, 74, 97, 24, 74, -73, 34, -79, -34, 53, 55, 49, 36, 75, 76, -37, -6, -67, -72, -82, 35, 88, 47, 46, -42, 95, -92, 36, -59, 9, 95, -55, -64, -62, -41, -45, -24, -71, -52, -78, 25, -68, 21, -4, 17, -88, -95, -71, 22, -27, 65, -62, 0, 47, 51, -70, -93, 43, 50, 53, -46, 16, -92, -79, 22, 21, 18, 31, 40, 48, -55, 17, 90, -46, 2, -79, 62, 8, -66, 98, -15, 60, -16, -89, -5, -25, 59, -8, -23, 52, -73, -51, -5, 96, -57, 15, -91, -75, -38, -56, 72, -18, 4, -47, -97, -11, -69, 6, -75, -9, -2, -20, 86, 20, -28, -13, 95, -9, 47, 14, -14, -43, 38, -39, -41, -27, -45, 47, 21, 42, -73, 58, -33, -16, 74, -93, 41, -67, -36, 6, -59, -6, 73, 59, -44, 6, 89, 99, 83, 65, 9, 54, -22, 34, 48, -65, 8, -70, 89, 62, 29, 98, 14, -74, 40, 7, 44, -36, 50, 23, 7, 69, 71, -41, 58, 29, -11, 74, 57, -28, 79, -63, -59, -1, 3, -13, 56, 74, 34, 68, -97, 71, 12, -42, -24, -84, 85, 5, 100, -100, 42, -88, -56, -22, -44, -5, 46, 26, 42, 1, 42, -78, -3, 60, 54, 53, -7, -45, 91, 51, -42, -7, 13, 90, -82, 97, -77, 82, 37, 5, -24, -14, -75, -60, 52, 29, -45, -97, 25, 48, 89, 3, -100, -17, -72, 58, -75, -21, -91, -85, 91, -18, -65, 39, 46, 45, -30, 0, 40, -66, 84, 55, 27, 88, -16, -9, -30, -67, 90, 74, 2, -28, -40, -99, 19, -49, 8, 85, 23, 65, 22, 49, -7, -49, -49, -62, 62, 70, 38, -94, 59, -26, -1, -11, -86, -42, 32, 6, -32, 6, -19, -18, -36, -64, -83, 88, 23, 93, 38, 30, -50, -43, 60, -93, -61, -60, 82, -46, 50, 73, -69, -56, 21, 23, -5, 53, -26, -64, 15, 67, 96, -86, -3, 92, 11, 35, -51, 66, 37, 30, 93, -93, 48, 4, -22, -61, -62, 68, 59, -80, -82, -55, -51, 77, 3, 14, 3, 77, -58, -21, -96, -30, -77, -6, 85, -82, -64, 1, 88, 76, 10, 89, -54, 41, -75, -46, -67, -82, 57, -34, 63, 9, -41, -58, 78, 49, 76, 61, -81, 31, 71, 90, 84, 91, 19, 63, -37, 8, 27, -15, 22, -74, -99, -56, 96, 87, 43, -98, -90, 65, -29, 15, -50, -53, 21, 62, -11, -43, 4, -86, -52, -64, -43, 95, 72, 43, 78, 61, -56, -17, 82, 72, -64, -87, -63, 24, 60, -11, 30, 40, -21, -65, -50, -54, -98, -47, -64, 82, -10, -44, 37, 57, -82, -26, 85, 17, 47, 17, -99, -73, -82, -50, -22, 92, 18, 23, 21, 74, -47, 65, -94, 81, 87, -86, -4, -53, 41, -3, 28, 73, 27, -33, -24, -65, 14, 73, 75, 75, -73, -93, -70, -23, -20, -13, 88, 64, -19, 83, -81, 26, -92, -76, -26, 83, 92, -33, 93, -74, -59, 13, -66, -34, -26, -98, 11, 9, -49, -3, -47, 86, 46, -71, 55, 77, -31, -16, -36, -35, -20, 99, -45, 100, 58, -24, -50, 90, 54, 1, 87, -17, -31, -95, -15, -85, 75, 7, 72, 50, -38, 50, -35, 49, 50, -21, -65, -77, 10, -61, -80, -25, -4, -76, 72, -24, 95, 100, -65, 40, 50, 77, -83, 66, -51, 41, 100, 69, -79, 8, -19, -39, 81, 2, -55, 37, 45, -73, -90, -80, -33, 50, -44, -17, -50, 64, -75, -28, 93, 51, -96, -1, -7, 0, -22, 64, -49, 6, 76, 74, -10, 98, 59, -58, -91, -60, -82, -7, 42, 15, -91, 94, 40, 45, 49, -57, 54, 44, 86, 30, -30, 7, 68, 34, 67, -2, 80, 70, 40, -94, -48, -25, -15, 22, -36, -23, -62, -6, 48, -100, -3, -27, 47, 4, -43, 29, 72, -52, -50, -87, -23, -75, -57, -42, -53, -4, 96, 87, -45, 29, -58, 17, -95, 60, -67, 63, 97, -60, 7, 81, -4, 47, -24, -53, -30, 92, -23, -34, -92, 29, -78, -85, 75, 67, 84, -85, 89, 32, 89, -29, -7, -11, -56, 10, 92, -80, 67, -37, -7, -84, 48, -60, 72, 32, -99, 42, 13, -47, 82, -24, -16, 1, 83, -60, -5, -41, 97, 37, 4, 46, 98, -75, -100, -38, 3, -2, -66, -100, 22, 8, -88, 52, 31, 1, 3, 0, 11, 55, 29, -92, -17, -57, 72, -60, 36, -33, 10, -63, 65, -89, 5, 9, -70, 90, -96, 100, -47, 13, 17, -53, 91, -1, -36, -52, -23, 42, -62, 12, -96, 45, -22, 40, -22, 75, -77, -89, -36, 74, 61, -54, 38, -35, -88, -90, 6, 45, -94, 89, -10, 34, -37, 0, -9, 55, 57, 75, -51, 75, -81, -82, 55, -45, -17, -16, -31, -1, 100, 78, 18, -61, 91, -47, 0, -41, -61, 48, -28, -47, 76, -15, -88, -99, 8, -54, 72, -47, 36, -90, -91, 6, -83, -58, 71, -30, 15, -25, -9, -61, -97, 62, 4, -68, -100, 79, -8, 55, -44, 91, 78, -38, 99, -76, 7, -56, -97, -65, -63, 77, 30, 4, -84, 50, 52, 13, 42, 38, -61, -1, 4, 73, -42, 81, 4, 71, -88, 14, 36, -62, -23, -34, 98, 81, -52, 67, 80, -41, -25, 48, 80, 95, -53, -36, -55, 33, -79, -14, -90, 3, -70, 27, 4, -59, -10, 5, 40, -69, 45, -86, -50, 26, 36, 27, -70, -67, -65, 48, 38, 44, 84, 45, -92, -77, 56, -42, -96, -51, -94, 72, 49, 67, 71, 6, 47, 77, -65, 18, -82, 1, -8, -11, 79, -47, -12, -34, 83, 9, 95, 82, -75, -94, 42, -61, 48, -8, 78, 13, -21, -15, 92, -60, 16, -6, -43, 54, 14, 81, -35, -43, 27, -60, -44, -96, 27, -20, 27, 58, 29, 25, 92, -30, -36, -56, -96, -38, 48, 76, -89, -90, 36, -61, 63, 42, 80, -84, 85, -45, 68, -98, -15, 27, -76, 54, 77, 34, 86, 94, 39, -2, 86, -68, -34, -87, -50, 71, -87, 51, 28, 65, -84, 13, -39, 12, 17, 11, 13, -16, 10, 2, -89, 39, -80, 79, 64, -90, 23, 91, -25, 73, 7, 39, 99, -41, 11, -87, -38, 97, 27, -64, 66, -82, -72, 47, -81, -41, 23, -64, -70, -88, 44, -56, 40, 75, -67, -18, 54, 17, -29, 32, -28, -82, 94, 2, -98, -100, 83, 89, 26, -18, -22, -52, 13, -1, 41, 9, 46, 30, 57, -31, -91, -100, 52, 98, -58, -94, -2, -73, -35, 82, -83, -96, -31, -27, 63, 30, 9, -8, -48, -95, 58, -90, -85, -18, 39, -48, 49, -48, 77, 86, 69, 96, -42, -45, -49, 63, -36, -15, -25, 2, -14, 34, -97, -88, 6, 20, -62, -92, -88, -2, 17, -31, -43, -18, 71, 18, 24, 38, -90, 52, -46, -27, -13, -16, -45, -69, 39, -87, -54, 2, 95, 70, 9, -5, 18, -90, -1, -37, 56, 33, -66, 78, -89, -6, -35, 20, -18, -98, 8, 65, -39, -80, 52, -21, 58, -92, 20, 32, -41, 97, 55, 73, -100, 53, 34, -21, -37, -95, 8, 83, 99, -63, -19, 73, -8, 64, 76, 56, 77, -100, 54, -57, 54, 62, 24, 12, -24, -4, -95, -94, -78, -93, 90, -69, -97, -17, 50, -82, 6, -16, -5, 63, -52, 61, -74, 6, 86, 31, -24, 15, 18, -18, -9, -73, -23, 3, -86, -46, 46, 35, 2, -14, -91, 31, -30, -55, -9, 12, -56, 67, -40, -23, -66, -51, -45, -75, -68, 99, -90, 100, 0, 2, 20, -28, -76, 54, 98, 40, 68, -76, -75, 44, -17, -70, 8, -91, 17, -8, 61, 79, -57, 76, 79, -7, -17, 38, -17, -47, -26, 60, 96, -7, 27, -7, 11, 47, -69, 27, -88, -73, 19, 17, 74, 25, 49, 34, -89, 86, 6, -26, -27, 46, 98, 67, 61, -62, 1, 98, -94, 2, 41, -2, 89, 5, -60, 73, -97, -48, -14, 24, -66, -15, -43, 8, -72, -14, 56, 41, 91, -76, 17, -78, 32, -81, -22, 94, -27, 60, 8, 88, 6, -35, -12, 85, -15, 24, -8, 5, -40, 24, 26, 29, 21, -81, 46, 54, 16, -15, 86, -60, 39, 80, 23, -92, -22, 50, 12, 65, 69, -57, -57, -80, -88, -87, 35, -100, 17, -19, 25, 75, 27, 30, 74, -13, -94, 55, 97, -31, 17, -60, 58, 96, 32, -3, 42, 40, 23, -83, 61, -50, -10, -8, -1, 51, -37, -40, 9, -64, -23, 89, -81, -43, 26, 2, -53, 8, 36, -56, 5, -60, 48, 85, 20, -43, 25, 97, 16, 96, -47, -55, 90, -8, -56, -57, 20, -5, -75, -79, -4, -46, -99, 90, -85, -76, 50, 45, 14, -97, 73, -95, 62, -10, -71, -43, 28, -45, -78, 88, -10, -63, 26, 8, -87, -43, -77, 43, -57, -61, -19, 94, -4, 90, -5, -32, 34, 1, 35, 68, -90, 92, 17, -46, 89, 100, 99, 96, 5, -7, -51, -80, 77, 35, -76, -25, -95, 10, -83, -34, -51, -78, 10, 51, -47, 28, 18, 46, 93, -54, -39, 31, -45, -42, -88, 19, -14, -31, 40, 42, 40, -41, 56, 68, 97, -6, 6, -6, 35, -62, 96, 85, 89, -14, -12, 49, 80, -8, -66, 47, 6, -82, 78, -57, 45, -9, -96, 53, 77, -59, -50, -50, -72, 7, 0, 16, -63, 43, -81, 57, -96, -55, -27, 48, -54, 5, -24, 70, -86, -81, -49, 31, -62, 72, 45, 80, -96, -45, 7, -39, 68, 44, 65, 62, 49, 9, 74, -67, 24, 25, 52, 64, -4, -6, -92, -14, -24, 99, 16, 43, -56, 15, -62, -92, -39, 22, 59, -32, 59, 18, -41, -39, 18, -54, -33, 27, -90, -20, 66, 80, -7, 82, -48, -29, -11, 76, 55, -4, 37, 7, -14, -100, -20, -13, 5, 10, 100, -61, 15, -74, 82, 98, -12, 29, 41, -30, 77, 27, 93, 50, 20, 19, -93, -88, -54, -28, -60, -8, -98, 23, -50, -34, -87, -72, 47, -20, 92, 62, -61, -17, -20, 32, -56, 57, 98, -30, 53, 3, -19, 15, 25, 68, -19, 56, -91, -23, -96, -47, -13, -15, -43, 97, 38, 29, 47, 66, -33, 69, 37, -7, -95, 13, -93, -22, 72, -76, -21, 85, -100, 84, -30, -59, 32, -96, 8, 65, -77, -91, -54, 18, -67, -30, -9, 95, -84, 24, -51, 7, 60, 68, 54, -7, -47, -53, 75, -79, -95, 89, 68, 81, 80, 66, -60, 62, -29, 14, -18, 61, 95, -26, -20, -79, 31, 4, -25, -30, 73, -94, -23, -83, -78, 86, -67, -94, 10, 33, 78, 13, 91, 71, 17, -4, 91, 34, -9, -54, 44, 69, -12, 99, -33, -69, -21, -69, -83, 39, -17, -57, 90, 96, 36, 75, -97, 29, 28, -86, -23, -17, 78, 17, -21, 53, 21, -13, -54, -88, 93, 80, 81, -79, 20, -54, 5, 65, 21, -42, -67, -9, -20, 52, 49, 50, -22, 36, -85, -54, 93, 51, 71, -61, 88, 61, -3, 62, 17, -83, -5, 45, 41, -71, 53, 68, -21, -95, -48, -21, -3, 100, 87, -20, -69, -9, -96, 17, 29, 37, -11, 26, -5, -1, 10, 20, 70, -23, 41, -93, -35, -66, 25, -24, 10, 24, -40, 40, 8, 31, 91, -30, -18, 95, 59, 98, -38, -9, 57, 15, -91, 49, -10, -62, -22, -46, 92, -69, -94, 7, -59, 53, 53, -14, 5, -74, 76, -24, 39, -25, 45, 59, 28, 27, -79, 4, 68, 42, 69, -2, 78, -74, -33, -65, 97, -98, -13, -22, -16, -20, 46, -10, -33, -66, 10, -23, -39, -91, -19, 35, 87, -49, -94, 76, -18, 96, -37, 94, 8, -95, -79, 83, 21, -93, -8, -77, -70, 73, -92, 95, 46, 91, -94, -21, -17, -64, -93, -86, 0, -17, 47, -86, 6, -33, -71, -47, -37, 35, 83, -42, -73, -3, -86, -40, 74, -89, -38, 24, 59, -65, 49, -53, 12, -23, -61, -59, -42, 76, 74, -99, -54, 52, -74, 28, -67, 19, -9, 41, 16, 91, -96, 9, 54, -37, -14, -56, -38, -14, -52, -34, 11, -8, 4, 11, 13, 62, 17, 80, 90, 88, -64, -55, -10, 33, -57, 23, -58, -1, -91, 38, -23, -37, -46, 13, 56, -77, -93, 93, 60, -5, 80, -83, 34, -22, 19, 49, 82, -47, -56, -8, -46, -19, -18, -86, 99, 78, -73, -55, 51, 40, -38, -51, -63, -67, -23, -15, -44, -13, -90, 26, -75, -11, -97, -49, 71, -98, -68, 13, 90, 51, -75, -6, -78, -26, -70, -52, -78, -63, -4, 21, 80, 79, 36, 38, 98, -1, 40, -75, 44, 46, 81, -43, -49, -1, -89, 98, -24, -10, -90, 28, -91, -17, -16, -95, 21, 78, 15, -8, -1, 94, -89, -78, -67, 91, -21, -34, 56, -24, 66, 94, 19, 24, -39, -89, -23, -34, 49, 11, -78, -67, -82, 71, 12, -49, 70, -29, 95, 47, -86, -92, 42, -84, 18, -32, 59, 95, 52, -16, -13, 53, -78, -33, -63, 51, 95, 45, -60, 3, -2, 45, 75, 38, -79, 11, -37, -92, -31, -26, 65, -44, 23, 85, 0, -56, -55, 95, 86, -91, 44, 51, 74, 64, 62, -11, 48, -65, 61, 8, -79, 79, 66, 38, 32, -34, 65, 14, -24, -42, -92, -35, -18, -97, -83, -60, -15, -1, -36, -2, -75, 67, -96, 99, -40, -37, 31, -22, 54, -20, 93, 76, 5, 56, -46, 37, 11, 5, -18, 37, -62, -15, -14, 16, 1, -46, -56, -26, -40, 3, 65, 77, -24, -96, 54, 95, -17, 61, -58, -72, 42, 55, -37, 94, -81, 44, -36, -5, 54, -27, -7, 57, -75, -37, 97, -70, -77, -22, 24, 23, -30, 59, -22, 48, 98, 2, 97, 50, 16, -28, -91, 48, 26, -23, -90, 36, 69, 58, 57, -84, 71, -58, 5, 91, -14, -95, 45, -31, 99, -64, -17, -23, -70, 2, -44, -92, 76, -85, -30, -76, 98, -12, 11, 46, -40, -54, 24, -95, -30, -78, 30, 31, -53, -75, 57, -40, -33, 26, -63, 77, 69, -94, 90, -84, 4, 68, 48, 71, -33, 38, 43, -79, -53, -50, -65, -11, -76, 69, -41, -97, -31, 49, -34, 5, -6, 81, -100, 84, 54, -12, 42, 17, 91, -94, 40, 68, 77, -87, 1, -70, 70, -37, -19, -25, 13, -81, -49, -5, 100, -67, -28, -34, -67, -25, 26, 69, 71, 30, -49, 29, -68, -24, -6, 57, -17, -43, 70, 52, 23, -68, -96, 10, 33, 14, 11, 100, -21, -16, -81, 46, 89, 31, 99, 17, -32, -83, -39, -53, -2, 39, 81, -21, 19, -69, 78, 3, -38, 100, -78, -77, -50, -1, -56, 70, -9, 39, 39, -53, -93, 74, -50, 73, 37, 69, 36, 94, -64, -70, -83, 40, -6, -10, 36, -98, 78, 60, 69, -21, -61, -49, 64, 45, -36, -19, -71, -32, -49, -7, 3, 98, -50, 7, 67, -58, -74, 65, -97, 29, -84, 98, 53, -73, 19, 32, -45, -60, 83, 98, 97, -14, -94, -91, 46, -49, 40, 49, 72, 35, -76, -54, 81, 82, 87, 31, -62, -61, 57, -76, 60, -12, -39, -67, 21, -26, 57, 36, -62, -47, 66, -34, 97, 10, -93, 71, -47, -53, 6, -30, -7, -39, -38, 91, -86, 68, 56, 56, -46, 46, 67, 89, 59, -20, 37, -94, 33, -18, 49, 43, -47, 60, -27, 28, 24, 81, -37, 96, -1, -29, 38, 1, 11, -95, 33, -72, -49, 0, -93, 41, -73, 57, 22, -89, -38, 38, 41, -94, -97, -17, 80, 92, 67, 37, -28, -62, 6, 12, -19, 25, 15, -48, -90, -68, 43, -37, -51, -84, -29, -25, 29, -8, 6, -83, 19, -44, -59, 28, 57, -6, 60, -68, 49, -28, -90, 22, 59, 86, -83, 71, 48, 44, 46, -94, 54, 23, 82, -33, 97, -60, 68, 57, 74, -28, 16, -14, 22, -91, 97, -79, 74, 3, -28, -69, -42, 34, 59, 79, -56, 38, 28, 69, 64, -85, 85, -39, 29, 8, -50, -27, 49, 81, 2, -16, 67, -29, 29, -37, -22, 49, 28, 10, 92, -78, 2, 31, 48, 13, -100, -86, 19, -60, -79, 6, 39, -57, -68, 16, -23, -18, 93, 87, -64, 13, 50, -3, -42, 49, -98, 73, 0, 77, -47, 75, 90, -38, 10, -100, 14, 11, -32, -75, 38, 52, -57, 1, 3, -39, -8, 74, -46, -95, -5, -20, 0, 9, -26, 41, -82, -28, 46, -36, -70, 53, 48, -40, -34, -11, -51, 28, 24, -4, -12, -44, 61, -50, -50, -32, 61, -78, -97, 24, -84, -27, -83, -89, -35, -62, 78, 80, 65, 17, -2, -97, -81, 28, -35, -38, 2, 36, 93, -5, 57, -55, 76, 41, 37, -47, 89, 87, 37, -59, 78, -16, 8, 68, 80, -79, -30, -90, 28, -49, -100, -45, 62, -15, -11, -18, -94, 43, -64, 23, -94, 44, -25, 23, -93, 67, 31, -30, 17, -2, -93, -59, -69, -4, -92, 43, 90, -15, 95, 13, -47, -40, 3, 34, 95, 44, -97, -28, -78, 22, -88, -25, 21, -52, -17, 12, -12, 39, 7, -89, -60, -36, -88, 87, -87, -74, 87, 98, -75, -90, -88, 66, -60, -22, 12, 65, 49, 33, 36, -69, 81, 42, 44, -35, 35, 58, -89, -17, -51, 27, -9, 75, -18, -100, 45, 31, 57, 25, 62, 13, -30, -29, -58, 37, -34, -100, -64, 71, -71, 11, 72, 4, 38, 93, 21, -18, -18, -97, 48, 19, -45, -76, 14, -59, 75, 43, -56, 20, 70, -46, 45, -1, -82, 92, -24, 50, -81, 42, -48, -61, -56, 93, 98, -18, -29, 79, -7, -24, 42, -17, -63, 90, -98, 63, 51, 76, -40, -6, 69, -12, 24, -81, -17, 14, 41, -36, 39, 62, 3, -83, -6, 66, -57, 10, -44, -6, -54, 71, -36, 34, -33, 63, -58, -64, 79, -38, 53, -41, -45, 58, -27, -36, 100, 14, -76, -62, 80, -2, 20, -23, -86, -16, -79, 29, 0, -40, -85, -29, 54, -100, 24, 5, -29, -48, 77, -78, -36, -33, 22, -99, 80, -56, 50, -15, 46, 68, -24, 76, -69, -94, -96, -69, 42, -45, 2, -30, -55, -55, 1, 48, 34, -73, -90, -1, 50, -72, 59, -78, -98, 33, -66, 27, 3, 84, -3, -97, 100, -59, -16, 85, 37, 68, -88, 49, -39, -100, -9, 39, -64, -85, 40, -27, -53, 76, 84, 59, -60, 42, -18, 2, 68, 62, -93, 62, 93, 11, -87, 59, 91, -21, -51, -24, -4, -100, 3, 8, 65, -69, 2, 1, -48, -20, -85, 68, -71, 57, -52, -67, -100, 55, 68, 93, 61, -41, -74, -15, 85, 1, 91, 90, 13, 40, -61, 67, 74, -14, -12, 64, 3, 3, -91, -77, -25, 81, -15, -35, 100, -58, -74, 62, -50, -12, -63, -57, 29, 17, 88, -45, -97, -81, 74, 32, -48, -54, 82, -17, 85, 72, -41, 59, -65, 15, -44, -97, 92, 30, -95, -52, 85, -55, 21, -67, 17, -83, 65, 67, 47, -17, -45, -19, -99, -20, 21, 48, -4, 99, -29, 33, -71, -80, -28, -96, -39, -25, 85, 86, 32, 12, 38, 39, 72, -85, -90, 69, -13, 33, -71, 30, 23, -96, -45, 96, 95, -58, -6, 92, 89, -77, 40, -62, -32, -32, 6, 52, 75, -59, -43, 83, 84, 39, 47, 30, 55, 86, -37, 2, 84, -14, -3, 55, -87, 100, 35, -87, 26, 71, 10, 82, -100, -37, -92, 30, 6, 22, -2, 42, 83, -68, 36, 39, -22, -15, 55, -70, -24, -46, -36, -85, 45, -53, -78, 95, 84, 55, 38, -41, -74, 56, -84, 100, -74, 12, 28, -57, 93, 72, -64, 37, 4, 58, 31, 93, -67, -92, -100, -34, 31, -9, -77, 51, 82, 73, -47, -73, -30, 89, -46, -74, 8, -71, -14, -56, -28, -2, 75, -45, -78, -86, 65, -21, -96, -92, 63, -4, -7, 46, -89, 77, -29, -44, 5, 92, 64, 93, -62, 81, 3, 7, 80, 34, -67, -79, 88, -61, 50, 75, 79, -68, -29, 37, 5, 59, 95, 30, 100, -61, 91, -38, 100, -89, -64, 45, 56, 35, 44, -3, 80, -36, 36, 0, 39, -26, 8, 5, -7, -49, -52, -73, -24, 92, 98, -75, 61, -43, -25, -50, 61, -9, -21, 23, -39, -43, -72, 67, -33, -3, -1, -43, 16, -31, 21, -41, 81, -24, -94, -13, -57, -44, 17, -58, 86, 94, -59, 44, -96, 84, -68, -7, -93, 9, 90, 26, -97, -66, 39, -18, -47, -83, 10, -17, -96, 31, 72, 64, 17, -93, -68, 92, 66, 20, -29, -89, -45, -3, 67, -18, -10, 92, 34, 10, 32, -41, -40, -70, -73, -100, -95, 44, 22, 0, 94, -96, 61, 80, -53, -29, -42, 62, -30, -36, 49, -34, 97, 53, -39, 42, -81, 65, 15, -92, -39, 92, 53, -71, -65, -2, 66, -100, 2, -49, 46, 1, -77, 74, 83, -27, 45, 92, 7, 6, 46, 98, -27, 8, -81, -85, -65, -29, -75, 86, -79, -23, 56, -51, -5, 22, 93, 3, -56, -32, -14, -36, -17, -92, 36, 89, 35, -98, 99, -14, 70, 18, 94, -22, 63, -18, 4, -3, 12, -22, -44, 92, 75, -65, -5, -57, 14, 0, -33, -45, 6, 42, 27, -48, 36, 8, -88, 53, -34, -57, -22, -49, 43, -29, -24, -28, -14, -16, 48, 92, 13, -12, -97, -66, 20, 81, -51, 66, -97, -75, 59, 93, -67, 100, -70, 52, 42, 96, -34, 40, 39, 3, 85, -72, -76, -31, -67, -44, -84, 18, 67, -66, -93, 93, 31, 61, 60, -19, -39, -97, 46, 85, -53, 58, -40, -17, 36, -23, -44, -40, -70, 78, 67, -59, 11, -72, 2, -3, -1, -100, -34, 43, 77, 49, 51, -72, 100, 70, 17, 27, 32, 89, -21, -20, 88, 0, -100, -37, -4, -98, 66, -90, -67, -59, -65, -35, 61, 55, -5, -69, 79, 81, -99, 94, -71, -3, 29, 39, 63, -32, 13, 76, -100, -31, 27, 98, 62, 9, 23, -32, -58, 10, 75, 24, 65, 65, 94, 76, 96, -75, 72, -4, -64, -45, 87, 33, -24, -90, 46, 46, -73, -69, 79, 32, -32, 8, 71, -68, -10, -97, -94, -12, 34, -82, 25, -4, -38, 37, 68, -63, -75, -96, -93, 23, 54, -48, -22, 63, -74, 96, 76, 24, 70, 85, 63, 79, -64, -4, -91, 3, 70, 0, -67, -47, 64, 20, 21, -84, -3, -46, -54, 90, 99, 67, -95, 47, 53, -16, -32, -66, -90, -86, 82, -80, 15, -7, 95, -89, 81, -76, 7, -87, -99, 47, 44, -83, -78, 62, -33, 37, -58, 34, -68, -90, 16, 76, 90, 22, -57, 98, -36, 71, 4, 78, -83, 31, -44, 55, 52, 3, 87, 57, 85, 80, 66, 82, 32, 35, 14, -34, 100, -64, 38, 11, 6, 66, 9, 76, 1, -90, 31, -70, -87, 20, 54, 89, -32, -69, 85, -51, -56, -34, 31, 89, -30, 15, 52, -39, 35, -65, -27, -58, 39, 40, -97, 57, 80, -9, 78, 29, -50, -94, -21, -89, -82, 87, -51, -5, -51, 45, -89, 39, 20, -73, -22, 47, 60, -22, 7, 76, 10, 99, -28, -63, 72, -20, 36, 5, -55, 93, 20, 67, 58, -12, 100, 42, 28, -72, 4, 16, -15, -90, 17, 57, -35, 22, -14, -50, -60, -25, 88, 76, 69, 42, -40, 48, 52, 83, -3, -95, 52, 51, -91, -31, 45, -27, -60, 6, 3, -48, 8, 20, 34, -28, 40, 36, -63, -50, 64, 87, 23, -17, -20, -77, -50, 95, 14, 48, 59, 62, -31, 8, -76, 87, -46, -80, 66, 66, 37, -18, 84, 28, 13, 88, -7, -57, -13, -52, 9, -33, -50, 77, 10, -20, -93, 8, 44, -51, -20, -90, -68, 81, -25, -98, 99, 41, 91, 72, 11, 76, -76, 82, -11, 91, 27, 98, 82, -40, 86, -90, -67, 29, -94, 39, 30, 67, -14, -5, 83, -81, 67, -35, -57, -45, -2, -99, 21, 75, -86, 86, -63, 90, 78, 7, -28, 23, 8, -30, -62, 51, 90, -89, 30, 32, -6, -99, 92, -32, -98, -50, -65, -16, -28, -16, 83, 46, 74, -61, 9, -6, -56, 66, 62, 80, 22, -71, 71, -33, 53, -40, 40, -3, -94, -15, -73, 73, 0, -96, -35, 33, 78, 13, 51, -62, -55, -16, -68, -77, 97, -83, 14, 60, 54, -55, -28, -15, 13, 10, -28, -37, 94, -37, -94, 88, 22, -7, 3, -72, -83, -25, 96, 78, 32, -20, 72, 53, -43, 46, 64, 95, 59, -76, 82, -50, -71, 75, 62, -60, -61, -80, -68, -9, -17, -1, -58, -55, 75, 89, 64, -25, 38, -84, 75, -100, -20, -49, 37, -57, -64, 0, 4, 23, -53, 87, 0, -97, -73, 21, -32, -17, 9, 62, -82, -25, -40, -75, 30, -91, -18, -53, 5, -87, 48, 73, -19, 19, -70, 80, 79, -21, -45, -63, 47, -3, 38, 52, 65, -59, 30, -91, 0, 13, 95, 65, 55, -87, -92, -30, 25, -14, -33, -52, -17, 84, 65, 0, -96, -77, -11, -21, 59, 83, 75, -88, 10, 78, -33, 7, 45, -22, 27, -13, 20, 97, -92, -83, -17, -1, -15, 12, 59, 39, 40, -43, 80, 25, 11, 22, 68, 71, 78, 40, -87, 18, -57, -58, 59, -16, 54, -23, -80, -18, -55, 19, 12, -35, 66, 78, 25, 59, -14, -9, -71, -74, 59, -61, 48, 78, -93, -90, -72, -95, -94, 81, -75, 0, -69, 63, -94, -23, 33, 2, -41, 79, 20, -77, 24, -65, -75, 63, 31, -42, 5, -75, 60, 19, -7, 33, 82, 48, -33, 95, -98, 65, 53, 94, -91, 51, 89, -22, 36, -37, 43, -84, 13, -10, -88, 69, -4, 18, 93, -55, -40, 54, -61, 30, -60, 85, -23, -57, 87, -59, -19, 56, -18, -46, 47, -79, 85, 53, 27, 22, 25, 24, -40, -3, -87, -15, 93, 60, 91, 54, -80, -29, 21, -55, -61, 33, 55, 90, 10, 72, -49, 26, -33, -13, -57, -58, 50, 59, 48, -19, -29, -88, -12, -66, -37, 81, 4, -16, 7, -31, -41, 24, 49, 39, -76, -99, -66, -47, -76, 13, -96, 24, 86, 80, -84, 68, -18, -73, 12, -42, 78, -95, -14, 68, -94, -84, -81, -60, 37, -31, 32, 12, -60, 85, 18, -94, 87, -25, 93, 3, 32, -76, 51, 91, 88, 2, 96, -53, -56, 48, -74, -65, 4, -78, -84, 16, -71, 39, -88, -69, 95, 19, 47, 36, -6, -66, 19, -49, 20, -40, -11, -30, 53, -37, -100, 11, 53, 3, 31, 66, 6, 46, 46, -52, -67, 91, 31, -52, 79, 46, 100, 5, 99, -40, -66, 89, -20, 31, 85, 70, 32, 50, -49, -51, -61, -53, 42, 39, -36, -62, 94, -5, 27, -61, 73, -52, -87, 98, -93, 55, 3, 27, 13, 51, -88, -90, 58, 100, -7, -22, -66, 79, 15, 94, -58, -9, -84, -93, 18, -25, 79, -71, -68, 0, 63, -6, 86, -38, 28, -13, 20, 47, -14, -15, 5, 29, -64, 73, -45, -52, 26, -37, -71, -17, 24, 92, 0, 83, -12, -61, 55, -68, -54, 54, 4, -73, -53, 56, -39, -56, -12, 86, 38, 82, 10, -81, -32, 86, -40, 45, 8, -42, -66, 81, -28, 82, 3, -49, -55, -96, 5, 88, 17, -58, -38, 26, 99, -5, -42, -41, 62, -48, 83, 66, -33, -3, -27, -15, -74, 13, -70, 14, -6, -3, -4, 65, 85, 71, 83, -50, -58, 7, 80, 72, 10, -56, 77, -66, 89, -55, -43, 94, -90, -34, 1, -9, 18, 79, -62, 73, -72, 67, 16, -14, 20, 40, -17, 26, -29, -7, 22, 71, 11, -11, -25, 64, -71, 54, 33, -31, 77, -31, 2, -18, 16, -48, 26, -2, 46, -83, -38, -10, 15, 64, -96, -61, -70, -10, -92, -33, -87, 8, -54, 69, 28, -67, 41, 65, 14, -81, -90, -5, 28, 75, 30, 69, 8, 84, -92, -12, 56, -99, 30, 49, 61, -46, 64, 51, 90, -43, 29, 37, 21, -73, 73, -86, -48, -69, -95, 10, 97, -89, 76, -47, 91, -93, -69, 23, 1, 61, -85, 92, 31, -21, 57, 35, -63, -5, -42, 49, 47, 16, 76, 48, -54, 0, -48, 54, -3, -53, 60, -42, 50, -2, 29, 91, -84, -63, 26, -73, -91, 18, -91, -65, -1, -36, -27, -60, 62, -23, -73, 36, -8, -20, -78, 22, 12, -40, 17, -15, 70, -81, 26, -67, 24, -16, 14, -28, -21, 24, -40, 60, 59, 99, -67, 75, -61, 68, 48, -95, 65, 26, 6, 60, -30, 54, 9, 87, 19, -70, 37, 69, 69, -75, -77, -57, -36, -13, 9, 85, 46, 78, 42, -43, 38, -60, 62, -51, -36, 22, -63, 26, 42, -33, 41, 88, -2, -4, 17, 13, -7, 29, 45, -84, -88, 98, -97, 97, -1, -38, 66, 89, 14, 76, 45, 58, -62, -60, 73, -78, -68, -81, -81, -64, 73, -33, 45, -85, -26, -70, -21, -83, -11, -33, 100, -96, 38, -85, -96, 34, 85, -88, -68, 75, -94, 46, 5, 36, -59, 25, 20, 56, 38, 50, 11, -90, 19, -88, -45, 93, -55, 98, -60, -44, -17, -1, 49, 4, 82, -25, -53, -80, 4, 86, -88, 63, -19, 38, -87, 100, -65, 68, 29, -39, 33, 8, -15, -75, -43, -65, -16, -62, -3, 30, -58, -81, 45, 35, 25, -47, 39, -26, -75, -16, -7, 75, 61, 79, 63, -36, -93, -93, 81, 90, -30, 94, -32, -22, 78, -78, 94, -50, -58, -30, 22, -81, 73, 18, -32, -28, -43, 72, 96, 66, -44, -2, -12, -29, 72, -100, -99, 7, -88, 49, -84, -32, 32, -17, 98, -5, 84, -4, -34, -100, 70, 61, 27, 58, -87, -80, 11, 62, 50, 55, 44, -99, 26, 36, -96, -10, -47, 2, -18, 21, -100, -44, 0, 79, -31, -40, -97, -95, -13, -31, 56, -54, -34, -56, 83, 77, -83, 30, -28, 36, 21, 57, 57, 75, 51, 70, 36, -63, 82, 31, -65, -57, -21, -73, 53, 68, 19, -33, -44, 6, -50, 92, 84, -76, -90, -24, -29, -7, 86, -70, -2, 35, -98, 7, 35, 18, 28, 80, 68, 86, 41, 33, 25, 54, -17, 98, 17, -9, 16, 23, -66, 35, 41, -19, -69, 98, 84, -46, -95, -88, 63, 37, -43, -95, -82, -54, -27, 91, 14, -60, -62, -95, -82, 3, -37, 89, 55, 99, 1, -50, 10, 86, -64, 60, -6, 72, 48, -19, -24, 97, -8, 4, -55, -54, 28, 90, 24, 55, -14, 29, -67, 52, -27, -37, -24, 44, -67, 31, -35, 88, -69, 3, 97, -71, 13, 97, 0, 74, 0, 79, -86, -88, -74, -55, 32, 65, 33, -25, 65, -66, -45, 78, -68, 19, -32, 57, 71, -33, -57, -76, 57, -73, 77, -30, -30, 94, 30, -23, 72, -3, 15, -78, -9, 0, 71, 18, -12, -100, 33, -29, 46, -24, 96, -64, 75, 52, -13, -79, -9, 69, 2, 76, -80, 1, -20, -57, -1, 58, 72, -61, -26, 92, 30, 43, 68, -84, 35, -67, 77, -37, 92, -24, -82, 13, 65, 39, -92, 46, 11, -7, 3, 80, 93, 71, -36, 93, 54, -57, 89, 28, -55, -65, -98, 94, 50, 95, 0, -4, -90, 48, 76, 53, 10, -66, 45, -2, 35, 87, -45, 77, 60, -10, 67, 92, -75, -51, 43, -71, 31, 85, -99, -44, 15, 67, 66, -58, 37, -83, 81, 8, -25, 47, -7, 83, 9, -93, 12, -53, 1, 20, -97, 1, -36, 52, -32, 58, -47, -35, -97, -97, -20, -47, -52, 26, 41, -59, -67, 97, -5, -38, 24, -46, 72, 12, -3, -76, -56, -69, -22, 68, -45, 38, -91, -5, 90, -60, 82, -74, -39, -87, -30, -18, -38, 83, -43, -47, 48, -37, -48, -25, -34, 13, 49, -26, 23, -53, 44, -2, -73, -100, 90, -53, 5, 56, -20, 78, 91, -3, -12, -52, -10, -1, 12, -42, -86, 59, 17, -71, 18, -24, -13, 96, 40, 19, -55, 58, 73, -92, -9, 96, 20, -34, -81, -85, 1, -28, 46, 77, 39, -36, -34, -52, 4, 84, 15, 81, 49, -92, 79, -87, 48, 28, -80, -58, 49, -1, -22, -9, 97, -5, 41, 69, 85, -76, -26, -98, -57, -71, 81, -80, 13, -83, 21, -67, -83, -25, -51, 9, 66, -79, -55, -5, 89, -63, 45, -99, -12, 33, -51, -92, -74, 78, -3, 88, 92, 58, 51, 69, -91, 23, -62, 38, 20, -53, -37, -49, -40, 35, 83, 47, 42, -5, -87, -42, 61, 52, -53, 38, -11, -63, 53, -45, -97, -98, -25, 3, -8, -93, -68, -91, -56, -59, -29, -40, 84, -29, 99, -36, -41, 81, 16, -8, 38, 89, -35, 52, 58, -93, -99, 53, -22, -64, -67, -91, -2, -19, 89, -60, -7, 38, -70, -61, -26, -27, -85, 53, 85, -26, 62, 36, 22, 23, 78, -38, 97, -80, -1, 81, 2, 68, -84, 87, -85, 26, -75, 31, -1, 0, -59, -21, -61, 89, -11, -74, 35, -18, -64, -19, -32, 55, 4, -83, 75, 61, 6, 35, -55, -67, -56, 59, 98, 56, 74, 43, -20, 49, -95, -60, -83, -56, 81, 83, -3, 67, -8, -45, 29, 10, -5, -37, -12, 1, -8, -75, -52, 39, -37, -54, -6, -26, 69, 47, 24, -76, 4, -93, 0, 54, -6, -12, 95, -71, 63, -52, 59, -52, 8, -86, -16, 50, -61, -20, -68, -50, 93, 58, 86, -35, -73, 18, 52, -89, -63, -17, -12, -86, -19, 25, 69, -62, 54, 41, 89, 31, -52, 85, -49, 83, -94, 3, 38, 47, 21, 87, 31, 95, 97, -63, -23, -9, 55, -30, 52, -20, -75, 10, -18, -89, 1, 60, 31, 29, 25, 93, -25, 11, -15, 71, -32, 27, 35, -17, 39, 54, -42, -9, 24, 85, 36, -9, 6, 23, 18, -25, 15, -79, -59, 69, 40, 25, 83, 26, -78, 91, -51, -58, 76, 52, 16, -23, 74, 35, 57, -58, -67, 47, 0, 21, 19, 75, 70, 58, 83, 6, -60, -81, 91, -74, -47, -36, 37, -36, -50, 72, 9, -45, -69, -80, 87, 86, -54, -15, 63, -93, -88, -47, -45, 5, -12, -81, -20, 96, 61, 66, -28, -64, 32, -14, -16, -27, -56, -97, 1, 18, -92, -30, 75, 81, 61, -17, -15, -69, 47, 74, 18, 86, -56, 62, 95, 41, 3, -55, -31, 76, -61, -30, 79, -70, 66, 87, -41, 95, -46, -30, 75, 71, 54, 16, -33, 69, 42, 44, 71, 51, 80, -65, -61, 48, 42, -90, -11, -37, 65, -2, 90, -65, -64, 22, 74, 40, -56, 29, 19, -42, -60, 66, -50, 70, 6, 4, 62, -3, -56, 14, -78, 69, 75, -53, 74, 9, 86, 43, -11, 74, -73, 40, 77, 79, -37, -46, -2, 12, -40, 84, 93, 3, 79, -61, -43, -33, 48, 73, 20, 61, -98, 91, -82, 38, 33, 40, -36, 48, 72, -18, 30, -92, -71, -67, 45, -45, 28, 90, 1, 77, 51, 65, 68, -27, -74, -62, 53, 77, 53, 54, -25, 25, 25, 77, -47, 87, 88, 42, -49, 16, 50, 10, -35, -73, 78, -52, 5, 56, -100, -64, -13, -84, -3, 52, 5, 11, -22, -88, 71, -30, -21, 39, 90, -35, -64, -17, 67, 77, 42, 26, -30, 15, -37, -64, 80, 98, -100, 80, -41, -68, 88, 59, -34, 98, 99, 16, -96, 87, -62, 98, 9, 10, 69, -70, 33, 61, 80, 27, 10, 11, 42, 46, 82, 98, -21, 49, 24, -44, 56, -17, -46, 88, 46, -69, 100, 90, 69, -44, 64, -31, -4, 79, -21, -88, -14, -56, 66, -32, -15, -92, 97, 18, 20, 36, 80, -1, -38, -4, 55, 71, -21, -98, 100, 77, -76, 14, 6, 60, -62, 94, 50, -68, 85, 92, 42, 63, 68, 1, 78, 65, 59, 5, -22, 47, -75, -75, 98, -87, 68, -13, 73, -34, 49, 96, 89, -88, 41, -90, 26, -51, 84, 33, -12, -47, -29, 19, -47, -69, 45, -35, 34, 41, -7, 86, -96, 93, 98, -98, -4, -7, 6, -71, 78, 16, -30, -13, -32, -49, 45, -85, -30, 90, -71, 67, -8, -85, -8, 64, 36, -77, -98, -83, 49, 14, -62, -53, 55, -14, -39, 19, 57, 21, -25, 16, -95, -3, 73, 41, -23, 50, -5, -69, -53, 0, 65, -8, 88, 24, -91, 69, -50, -23, 63, 67, 95, 77, 39, 18, 54, 19, 29, 72, -57, -40, 25, -98, 38, 23, -82, 61, 68, 31, 65, -67, -61, 38, -32, -60, -2, -57, 14, 90, -15, -84, -17, 61, -92, -80, 82, -93, 96, 11, 10, 28, 96, -42, -70, -9, 49, 7, -26, -42, 18, 98, 26, 52, -11, 9, 83, 4, 36, 77, -3, -19, -35, 1, -66, 43, 44, -24, 29, 70, 98, 88, -16, -50, -32, 10, -18, -35, 85, 25, -73, 20, -87, 11, -38, 32, 83, -73, 20, 61, 87, -88, 18, -42, -61, -23, -11, 99, -79, 11, 62, 58, 48, -16, 63, -53, 34, 77, -65, 6, -22, 58, 44, 18, 11, 0, -60, -53, 19, 99, 12, 22, 9, 35, -89, 7, 87, -91, 82, 74, 84, 74, -58, 4, -14, 8, 15, -39, 1, -11, -75, 74, -90, 96, 34, -78, -59, 66, -57, -71, 36, -92, 77, -37, -6, 88, -69, 43, -67, 3, 64, 94, 40, 25, -37, 64, 15, 69, -9, 93, -63, -19, 39, -38, -11, -52, -68, -37, 33, -1, -38, -63, -5, -79, 43, -59, -39, 14, 12, -81, -75, 35, 91, -2, 21, -22, 60, -14, -84, 12, -8, -27, 82, -11, -22, 93, -81, 52, -93, 40, 42, -54, 30, -41, -49, -74, 53, 73, 25, -64, -72, 84, -64, -81, 26, 25, -34, -13, 5, -92, 99, 56, -82, -22, 78, 83, -96, 43, -61, -19, -32, -32, -65, 23, -29, -88, -17, -21, -59, -44, -89, -91, -9, -57, -47, -13, -16, -88, 95, -61, -19, 64, 61, 36, -20, 65, 99, -73, 68, -81, -55, 25, -76, -6, -60, 27, 22, 96, 84, 81, 25, -11, -55, -71, -37, 21, -67, -30, 7, -4, -63, 46, 84, 48, 85, -7, 3, -26, -64, 74, -32, 5, 3, -71, 48, 34, -32, 96, 93, 62, -18, 64, 80, -26, 36, 48, -89, -90, -8, -75, -48, -90, -20, -25, 52, 45, 93, -1, 40, 75, -40, -90, -68, 93, 47, 100, 7, 19, 96, 100, -27, -70, 31, -28, 22, -23, -71, 87, 17, -99, -26, 97, 97, 59, 80, -13, 5, -81, -15, 17, 1, 48, -64, 76, -58, 88, 20, 61, 23, -62, -99, 10, 93, 39, -87, -91, 60, 66, 6, 12, -91, 85, -99, -22, 62, 46, -14, 27, 76, -10, 39, 6, -84, -26, -71, 96, -45, 69, 41, -16, 64, 86, -84, 27, 20, 81, 39, 74, -81, 77, -93, 97, -69, -82, 63, 31, -56, 29, -32, 17, -6, -78, -41, -53, 13, 38, 0, 43, -9, -21, 21, 78, -52, -9, 18, 16, -28, -24, 95, -100, 13, -52, -98, -99, 83, -65, 90, 95, 20, 79, -45, -71, 41, -85, -11, 57, -12, 39, 41, 9, 59, 83, -55, 13, -99, -42, -39, 65, -74, -98, -60, -50, 95, 11, -91, -60, 67, 19, -26, -24, -97, -21, -82, 26, 16, 23, 95, 9, -61, -61, 62, 43, 86, -47, 28, 12, 99, -76, 47, -92, -64, 29, 15, -93, -44, -96, 33, 15, -76, 58, 23, 37, -92, 57, 57, 4, -91, -10, 83, -33, 70, -88, 5, -99, -66, -86, 28, 47, -96, 68, 92, 85, 81, -50, -50, -12, 52, 52, -46, -98, -49, 11, 68, -71, -85, 17, 66, 27, 85, 0, 60, -84, -39, -93, 46, 11, 25, 8, 36, 23, -25, 86, 1, -12, 92, 97, -37, 5, 99, 42, -85, -19, -64, -37, -31, 13, -8, 37, 83, 13, 52, -99, 81, 89, -63, -38, -75, -49, -19, 43, 4, -93, -4, -90, 69, -77, -61, -84, -97, -82, -20, -16, -45, -79, 45, -31, -74, 34, 56, -14, 19, 94, 62, -14, -28, -39, -63, 67, 61, -58, 66, 33, 78, -37, 73, 24, 62, -58, 34, 30, 63, 28, -5, -19, 85, -53, -98, -18, 89, 6, 28, 0, -48, 22, 14, 43, 31, -26, 43, -27, -78, -12, 91, 54, 82, 22, -15, 99, -25, 49, 60, 97, 99, 14, 83, 67, -72, 44, 99, 51, 29, -58, -95, 15, -25, 58, 88, -99, -82, 97, -90, -28, 73, -74, -3, 42, -40, -20, -42, 9, -9, -72, 80, -66, -42, -22, 85, -14, -8, 78, 83, -78, 22, -36, 30, -82, -60, 99, 13, -57, 11, 86, 84, -40, 49, -34, 95, -86, 2, 20, -36, -38, 60, -13, 1, -67, -18, 52, 33, 62, 66, -13, 94, -23, 67, 79, 65, 23, -54, -95, -71, -95, 70, -34, 70, 31, 71, 45, -4, -18, 57, -84, -48, 59, 4, 81, -27, -38, 49, -14, -87, -4, 75, -3, -70, 99, 17, 55, 45, 37, -51, -32, 44, -68, 40, -6, -4, -57, 52, 44, -25, -43, 72, 91, 61, 94, -20, 9, -1, -42, -43, -31, 59, 34, -26, 56, 24, -62, -59, -24, 77, -57, -14, -9, -47, 34, -64, 31, 0, -86, -53, 6, -79, -4, -14, 42, -8, 0, 69, 87, 18, -82, 20, 36, -44, -80, -80, -1, -36, 64, 86, -58, -27, 2, 33, -17, -8, 49, -86, 27, 100, 54, -95, -43, -53, -29, 88, 65, 92, 25, 29, -85, 40, -82, 87, -60, 35, -64, 60, -9, -27, 96, 39, 61, 40, 69, -76, -10, -52, 63, 4, 77, 83, -65, 44, 21, -79, 78, -1, -57, -27, -86, 88, -55, -46, -66, 79, 23, 98, 10, -17, -81, 97, 25, -53, -38, -68, -23, 2, 82, 52, -56, 27, 35, -25, 53, 100, 32, 12, 30, 40, 65, -44, 3, 33, -67, -63, -77, -69, 43, -42, -21, 21, -4, 89, 56, -14, 72, -94, 9, 79, 83, 69, 94, -45, -13, 46, 58, 29, -44, 25, -82, -38, -37, -43, 2, 49, 87, -47, 49, 85, 42, -76, -34, 59, -74, 30, 9, -53, -65, 100, -63, 46, 27, 12, -55, 94, 34, -55, -51, -17, 80, 17, -85, -8, -45, 17, -34, 72, 60, 8, -69, -64, 83, 34, -9, 23, 22, 99, -51, 91, 84, -41, 79, 35, -53, -51, 56, -54, 11, 49, -100, -56, -46, -6, -23, 80, -29, -65, -100, -15, 74, -64, -54, 20, -46, -26, -35, 44, -48, 73, 50, 42, 91, 68, 73, 67, 49, 17, 94, -30, -100, -25, -43, -69, -70, 49, 41, 26, 46, 90, -96, -22, 51, 68, -35, -70, 24, -48, 42, -94, 65, -59, 43, -81, 25, 84, 13, -90, -62, 33, -56, 75, 40, -43, 54, 49, 14, 95, -29, 55, -64, 88, -25, -55, 12, 73, 99, -65, 70, -68, -36, 6, 69, -92, -30, 56, -4, -14, -1, -8, 55, 59, -19, 95, -4, -45, 4, -40, 41, 95, -19, 75, 84, -14, 96, -6, 2, -98, -9, 19, -78, 46, -69, -35, 62, 96, -18, -77, -28, 71, 11, -9, -20, -50, -72, 33, 12, -25, -86, -42, 49, 33, -43, 83, -75, 24, 85, -14, -99, 18, -14, -90, -85, 16, 68, 62, -98, -21, 8, 36, -28, 40, 68, -32, -77, -26, 83, 59, -89, 73, -75, 27, 4, -85, -89, -30, 41, 87, -49, 59, 80, -24, -65, 50, 47, 84, -51, 36, 26, 79, -93, 63, -95, 34, 45, -18, 66, -25, -88, -7, -5, 16, 97, -46, 1, 4, 72, 100, -39, 15, 55, -6, 89, -1, 56, -37, 85, 4, 69, -4, 91, -81, 20, 62, -13, -43, 24, -51, 64, 58, -21, -36, -85, 57, -45, -1, -84, 29, 80, 76, -34, 64, -75, -25, 87, -29, 31, 70, -92, -28, -71, 34, -83, -47, 64, 11, 52, -72, -72, 52, 6, 64, -82, 51, 18, -59, 7, -62, -63, -65, -37, -44, 93, 55, -85, -52, -54, 39, 24, -89, 66, -80, 2, -52, 24, 26, -55, -89, 16, 27, 11, -24, -85, 61, -40, 32, 93, 67, 30, 5, -57, 27, 91, 69, 15, -67, -12, -76, -19, -63, 1, -62, 79, 59, -16, -90, 79, 96, 6, 7, -85, -35, 59, -90, -87, -10, 59, 41, -5, 98, -69, -30, 17, 37, 82, 77, 62, 82, 30, -68, 26, 58, 36, 36, 52, 64, 26, 78, -11, 87, 49, 32, -25, -14, 36, -93, -77, 87, 2, 54, -92, -72, -21, 84, 14, -5, -65, -97, -93, -65, -80, -59, 43, -21, 62, 0, -33, 47, -64, 48, -43, 85, 97, 21, 31, 76, 21, 30, 31, -83, -91, 100, -21, -34, 54, 77, 42, -71, -16, -35, -87, 22, -56, -51, -4, 48, 86, 43, 43, 54, 42, -40, 90, 10, -32, 13, 45, -80, 36, -36, 17, -76, 56, 50, -78, -97, -74, 18, 96, -85, -11, 30, -82, 73, -59, 76, 95, 4, -1, 48, 25, -30, -35, -52, -93, 18, -70, 18, 16, 100, -82, -7, 56, -60, 73, -19, -23, 60, 7, -77, 44, -76, -68, 67, 42, -35, 66, -28, 4, -97, 0, -19, -59, 73, 50, 78, 76, -59, 59, 53, -13, 73, -2, 95, 58, -48, 68, -22, -99, 66, -93, -17, 62, -75, 14, -4, -45, -26, 27, 43, -6, 92, -11, -9, -24, -7, 33, 14, 90, 96, -72, 36, -67, 95, 52, -93, -43, -71, 100, 87, -45, 0, -9, 94, 41, -96, -82, -83, 81, 18, -7, 67, 79, 77, 67, -5, -93, -37, 56, 85, -29, 30, -69, 61, -29, -89, 99, -4, -36, -52, -11, -5, 33, -85, -1, -9, 87, -54, -56, -51, 51, 77, -15, 37, -61, 3, 72, -35, 3, 54, -7, 85, 82, -81, 97, 3, -16, 32, -79, -19, -54, 5, 34, 67, -86, 35, -80, -25, 26, -39, 91, -40, -23, -11, -44, -66, 67, 42, 12, -58, 21, -72, 93, -32, 75, -60, -91, 86, -79, -61, 40, 22, 91, -24, -95, 74, -37, -31, -88, 99, -12, 57, 30, -90, -22, 12, 73, 62, 89, 23, -1, -80, 9, 69, 14, 18, -3, 64, -54, 65, -58, 86, 41, 5, -47, 37, -68, 71, -38, -57, 37, 17, -73, 12, 6, -85, -84, 93, -28, -3, 23, 70, 36, -33, -37, -31, 42, -60, 20, 53, -59, -31, 10, -3, 63, 89, 60, 88, 56, -16, 67, 71, 47, -54, 77, -70, -15, -91, -65, 80, -23, -65, 59, 81, -88, 100, 88, 30, 93, 32, 98, -72, -51, -91, -51, -87, -57, -72, -41, 49, 44, -43, 89, 97, 74, 42, -44, -1, 9, -35, -36, -28, -51, 75, -40, -21, 4, -19, 88, 14, 86, 2, -80, -40, -48, 34, 55, -37, 82, -39, -42, -73, 85, 48, 75, -62, 82, 16, 42, -85, 17, -21, 50, 62, -22, -64, -37, 6, -37, -86, 19, -41, 29, 98, -11, 100, 83, 41, 50, 90, -39, 2, 22, -35, 38, -68, -9, 44, 42, -74, 4, -54, -22, 55, -52, -92, -7, 34, -25, -28, 71, -82, -61, 99, -87, 63, -42, 91, 14, 45, 38, 27, 59, 63, -43, 99, -64, -80, -13, 100, -53, -24, 19, -3, 95, 49, 44, 65, -64, -59, -45, 18, 79, -61, -64, 9, 80, -87, 79, 66, 27, -85, 41, 65, 25, -80, 69, 64, -73, 29, 76, 15, -11, -73, -91, 76, -10, 48, -22, -89, 23, 18, 76, 94, -76, -50, -27, 59, -35, -20, 31, 38, -49, 97, -55, 37, -43, 15, -8, 72, 24, -33, 48, -36, -98, 11, 12, 20, 22, -21, 43, -61, -50, -47, -37, -42, 65, -43, -16, -90, 72, -3, -97, 98, 53, -78, 5, 88, 39, 18, -13, -42, -1, -90, -72, -21, 82, -98, -45, -19, -34, -61, 42, 98, 5, -68, -7, 84, -61, -64, 68, 72, 70, -46, -58, -68, 46, -71, 99, -90, 99, 39, -75, 4, -93, 89, -43, 59, 96, 66, 12, 7, -81, -44, -67, 25, 41, -13, -51, 26, 5, -65, -79, 47, -98, -87, 33, 64, -41, 77, -91, -52, -48, -17, -50, -99, -67, 0, -39, 45, 26, -63, 30, 95, -43, -76, 59, -61, 9, 0, -35, 50, -31, -70, -86, 7, -20, -18, -83, -81, -48, -45, 0, 15, 31, 64, -84, 69, -2, -7, 67, -3, -34, 3, -93, 14, -21, -50, 74, -32, -87, -57, -93, 79, 60, -5, -85, 97, 18, -6, 87, -20, 92, -26, 39, -24, 14, -63, 32, -31, -66, 11, 18, -16, -28, -75, -17, 96, 29, -88, 42, 81, -78, -48, 50, 55, -51, 82, 30, 5, -95, 86, 66, 33, -5, -93, -32, 91, 71, -82, -55, -92, 5, -14, -41, -99, -19, -95, 4, -35, 28, 89, -65, -67, 26, 70, 98, -24, -29, -44, 48, -79, 100, 86, -43, -100, 88, -100, 97, -10, -26, -65, -44, 96, -2, -90, 95, 13, 45, 40, 91, 95, 4, -64, -81, 98, 13, 25, -32, -32, 50, -97, 76, -22, -1, -85, -19, 82, -76, 4, -1, -84, -62, -51, -100, -1, 91, -53, 74, -87, -18, -25, -85, 19, -21, 16, 0, -18, 100, -55, 96, 58, 67, 31, 9, -16, 21, 64, 12, -99, 94, 51, -67, 20, -1, 96, 68, 60, 31, -91, 14, -79, 29, 53, -20, 88, -3, -57, -57, -13, 13, 86, 14, -6, 66, 9, 27, -36, 38, -21, 96, 5, -21, -72, -48, 40, -52, -96, 4, 84, -14, -73, 52, 69, -17, 88, 73, -62, -51, 90, 85, -31, 2, -92, -71, 78, 62, 46, -37, -80, 34, -70, -4, 42, 71, 53, 59, -3, -51, 94, -4, -30, 72, -68, -80, 21, 10, -94, 57, 8, 9, 28, -50, 10, -71, -60, -25, -18, -19, -91, 14, -35, -24, 35, 74, -45, -3, -83, -58, -20, -12, 7, 2, 38, 86, 67, -58, 76, 83, -52, 44, 36, -21, 100, -72, -42, -39, -32, -44, 61, 94, 0, -77, -48, 1, -78, -26, 46, 90, 78, -35, -89, -11, -69, -71, 71, -29, -25, -82, -98, -52, 87, 9, 50, 41, 45, 0, -100, -16, 36, -8, 27, -3, -91, 60, -63, -90, 24, -88, -49, 38, 55, -60, -81, 93, 98, 93, 24, 98, -31, -53, -70, 19, 19, -5, -14, 79, 47, -86, 23, -54, -58, 20, -59, 100, -90, 80, 69, -2, -23, -59, -49, 63, 90, 98, -51, 44, 46, -32, 44, 95, 99, -59, 63, -83, -66, 70, 14, 26, 43, 27, -39, -23, 24, 46, -34, 13, -49, -60, -11, 5, -29, 65, 62, -60, 91, -37, -28, -61, -70, 66, 58, 28, -84, 48, -31, 19, -80, 26, 67, -12, 66, -30, -43, 65, 42, -28, -97, 23, 86, 63, 83, -76, 71, -64, 10, -85, -78, 69, -11, -71, -61, -64, 35, -74, -65, 55, -42, -39, 57, -40, 73, 41, -43, 83, -96, -46, -19, 87, -41, 11, 37, -47, -52, -69, -85, 100, 77, 6, 9, 87, 27, 95, 40, 90, -55, 68, 70, -35, -85, 95, -82, 4, 12, 41, -8, 60, 21, -68, -47, -58, 74, -44, 81, 62, -99, 83, -20, 49, 31, 29, -20, -76, -10, 7, 82, 53, -17, -72, -30, 63, -13, -28, 82, 96, 31, -100, -15, 60, 8, -59, -94, 70, -79, -24, -33, -22, -51, 25, -17, 22, 58, -77, 43, 80, -43, -45, -39, 10, -59, 37, 55, -91, 59, -70, -82, 84, 28, -43, -37, -71, -22, -14, 10, -8, 5, 16, 15, -92, -50, 38, -53, -81, 26, -59, 17, -61, 78, 25, 53, -33, -10, -95, 69, -65, 71, 93, 49, -48, 16, -25, 44, -93, -9, 46, -71, 84, 33, 53, -30, -84, -38, -90, 68, 33, 53, -29, -59, -78, -55, -75, -5, 83, -63, -20, -75, -47, 10, 23, 29, 20, -88, 37, 8, -17, 41, -51, 9, 28, 67, 54, -17, -5, -73, -71, -58, -29, -42, -12, -90, 92, 22, -30, -35, -11, 0, 4, -11, -19, -46, 86, 30, 72, -54, -3, 48, -80, -45, -64, 69, 29, 86, 64, -93, -32, 50, -2, 39, -86, 4, -71, 87, -2, 85, -29, 38, -35, 0, 22, -26, 3, 13, -73, -18, 52, -35, 62, -21, -76, -59, 40, 22, 86, -54, -22, -35, -85, 58, -43, -50, -66, -76, 43, 93, 34, -56, 13, 12, -23, -40, 86, 16, 26, -29, 7, -61, -78, -23, 26, 17, 48, 71, -38, -23, 28, -27, 26, -71, -95, 25, -88, -32, -21, -82, -97, -42, -75, -65, -19, 4, -84, 59, 18, -16, 72, 10, -65, 16, 61, -81, -8, 41, -14, -18, 73, -78, 85, -95, -62, 5, -47, -52, 12, 42, 29, -51, -33, -12, -1, 94, 100, 56, 6, 28, -7, 76, -72, 3, -80, 25, -55, 36, -2, -39, -45, -33, 92, 15, 40, -49, -81, -76, 24, 84, -78, -57, 5, 24, 7, 95, 97, 85, 28, -19, 100, 77, 69, 7, 8, 79, 98, -75, -23, 39, 58, 63, 47, -87, 62, 88, 76, 96, -67, 65, -33, -99, -40, 70, 49, -92, 16, 36, -82, 26, 33, -86, -12, -88, 69, -64, -31, -52, -13, -23, -44, -79, -3, 31, -58, -87, -64, -10, 69, -63, -25, 63, 60, -34, 17, 24, -42, -37, 19, -12, 94, -95, 24, -72, 6, -61, 51, -90, -23, 21, -18, 59, 63, -21, 71, -51, -19, -85, -33, -49, -8, 65, -1, -81, 62, 28, 38, 79, 85, 54, -97, 73, -84, 68, -30, 72, -68, 15, -38, 26, -21, 70, 78, -23, 23, -31, -96, -15, -31, -48, 99, -63, -65, -1, -10, 68, 64, 79, 99, -27, -38, -41, -83, 70, -85, -31, 39, 32, 21, 39, 59, 76, 51, -59, -51, 79, 82, 59, 46, 7, -46, 95, 82, -32, -42, -4, -97, 82, 86, 54, 30, 3, 61, -100, 98, -21, -65, 14, -27, 16, -41, 34, 80, 55, -35, -73, -96, -17, 99, 17, -36, -17, 87, 65, -100, -40, -7, -67, -6, 99, 51, -33, -33, -53, -71, 15, -24, -39, -10, 17, -99, 78, 42, -85, 66, -8, 62, -30, 36, -75, -90, 42, 46, -44, -3, -33, -4, 65, -92, 36, 72, -53, 13, 86, 50, 9, 98, 66, -33, 20, -99, -94, -99, -100, -24, 8, 45, 27, 98, -94, -50, -41, -9, -56, -81, 80, -87, -11, -91, -50, -32, 65, -52, 13, -52, 54, -10, -1, -27, 20, 25, 17, -63, -8, -38, -46, 0, -98, -42, -73, -88, -15, -82, 75, -44, 2, -23, -90, 1, -51, -62, -44, -61, -20, -66, 50, -65, 72, -32, 47, 76, -63, -32, -99, 42, -26, 52, 40, -85, -39, 77, -62, 2, 54, 25, -17, -82, -9, -15, -38, -98, -84, -46, 89, 80, -74, 61, 18, 3, 11, 7, 46, -48, 72, -38, 80, -85, -75, -45, 87, 52, -55, -74, -80, -35, 66, -45, -27, -9, 51, -72, 53, 88, -63, -73, -57, -97, 71, 33, -91, 50, 33, 66, -29, -48, 84, -70, -88, -73, 72, -16, -19, 77, 52, 13, 6, -27, 99, -88, -14, 45, -91, -59, -91, -96, 20, -84, 12, 74, 14, -91, 100, -28, -84, -31, -3, -21, -19, -100, 67, 47, 77, 63, 30, 36, 1, -74, 23, -63, -30, -25, 12, 95, -35, -76, 78, -4, 20, -31, -7, -45, -80, 62, -26, 9, -66, 77, 63, 41, 36, -24, -23, 6, 10, 96, 55, -76, -11, -40, -80, 93, 61, 2, -32, 55, -53, -73, -73, -25, -48, -24, 75, 75, 37, 74, 98, -44, -34, 52, -43, -22, -30, -87, -94, -38, 13, -62, 87, -69, -62, -4, 7, -9, -6, -61, -95, -95, 98, -47, -68, -95, 15, -52, 25, -61, 98, -54, 35, 20, -85, -35, 63, 28, 47, -77, 11, -10, -12, 3, 42, -21, -63, 61, -74, -4, -44, 63, 32, 56, 49, -28, -45, -99, -51, 60, 33, 22, 87, -16, -93, -22, -94, 45, 17, 99, 88, -61, -92, -16, 17, -80, 55, 69, 8, -86, 20, -11, 82, 60, -27, 64, 22, 34, -67, -57, -70, 2, 79, -15, -55, 35, 4, -42, 15, -69, -10, -97, -25, 38, -75, -39, -19, -13, 48, -100, -44, -55, 18, 43, 33, 35, 66, -63, -79, 72, -15, 94, 26, 30, 85, -50, -41, 76, -87, -100, 90, 96, 18, -89, 86, 25, 35, 79, 91, -72, -50, 12, -16, 50, 15, 69, 72, 45, 14, 9, -40, -92, -36, 60, -51, 55, -38, -2, -80, 31, -31, 24, 20, -80, -52, 72, -45, -59, -56, -26, -24, -85, 72, 26, 60, -20, 51, 7, 63, 35, 59, 78, 69, 61, -90, -84, -11, -91, 53, 14, 45, 28, -65, -100, 5, 31, 19, 34, 29, 86, 68, 92, -84, -36, -87, -89, -82, -19, -88, 92, 73, -98, 23, 56, 72, 4, 61, -97, 28, -68, 10, -56, 8, 45, 100, -3, 87, 86, 70, -58, 57, -14, 54, 92, -79, 13, 17, -11, -61, 47, 65, -2, 13, -84, -9, -80, 39, -36, 48, -99, 49, 49, 92, -80, 19, -97, 33, -2, 14, -2, -25, -13, 56, 17, -56, -17, -59, 90, -5, -74, 87, 18, -15, -23, 99, -82, -71, 71, -22, -14, 27, -81, 14, 1, 23, 71, -21, 79, 73, -75, -83, -6, 75, 71, 31, 58, 15, -93, 18, -66, -27, 24, -38]
Subarray found: [48, 98, 43, 82, -35, -92, 76, -60, -93, 67, -36, -30, 21, 82, -38, 53, -50, -81, 56, -75, -9, 93, 54, 53, -63, 94, -18, -33, -26, -29, -26, 99, 4, 8, 72, -93, 21, 100, -31, -57, 2, 54, 26, -82, 2, -28, -34, -12, -22, 42, 32, 92, 59, -16, 6, 9, 53, -59, -27, 9, 13, 39, -31, -95, 97, -49, 30, 62, 45, -20, -48, -32, -61, 64, -10, -58, 80, 34, 54, 29, 27, -11, -13, 19, 70, 77, -80, 6, 92, -34, 95, -60, 21, 75, 69, 55, 79, -36, -52, -53, 80, 35, 72, 84, -55, 34, -49, 11, 35, -99, 69, 85, 48, 45, -13, -75, -72, 76, 59, 58, 95, 92, -18, 52, 75, -17, 86, 49, 90, -93, 57, -20, 90, -13, -55, 81, 49, -61, 28, 16, -32, 0, -25, -79, -5, 67, -99, -63, -58, 2, -9, 58, -76, -86, -70, 39, 70, 19, 95, 95, -100, -16, 17, 14, -47, 83, -47, -51, 25, -53, -78, -9, -97, 8, 45, -16, -76, 73, -36, 50, -95, -68, 51, -71, -86, -37, -65, 68, -25, 14, 81, 62, -49, 28, 50, -50, -7, 54, 39, 53, -81, -59, 84, 43, -11, 41, 72, -70, -84, 15, -32, 96, -2, 47, -94, -97, -68, 97, 17, 12, -65, 51, -4, 56, -43, 26, 84, -83, -52, 43, 64, 16, -15, -28, 89, -17, 67, 60, -12, -35, -22, 74, -31, -79, -68, -46, -64, -45, 69, 38, 85, -88, -91, -21, -75, 40, 51, 70, 21, 68, -42, 82, -52, 63, 24, 59, 33, 26, 7, 12, -92, -60, 41, -41, 27, -73, 95, 56, 76, -72, 55, 87, 86, 82, 25, -50, -24, 29, 95, -66, -24, 83, 45, -86, -22, -45, 100, -11, -61, 46, -64, 33, 43, 43, 30, 13, 20, 35, -99, 22, -82, -7, -55, -59, -92, -32, 53, -10, -57, -33, -99, -35, -24, 50, 31, 59, -50, -97, 32, 49, -45, -85, -79, 27, -60, -90, -91, 55, 68, 76, 21, -68, -98, 14, 70, 22, 79, -8, -100, 70, 48, 50, 8, 74, 69, 10, -9, 77, -55, -37, -1, -61, 23, 87, 29, 31, 33, -57, 59, -12, -66, 57, -2, -78, -7, 75, -78, -6, -85, 95, 88, -38, -86, 68, 40, 86, 96, 53, -53, 64, 61, -64, 86, 36, 72, -57, 61, 14, 0, -38, -57, 29, -30, 61, 23, -95, -17, -86, -93, -52, 38, 17, 100, 80, 95, 58, 87, -28, -99, 49, 94, 79, 88, -51, -67, 47, -71, 95, -58, 60, 52, -52, -43, -63, 7, 4, 86, -17, 39, -92, 97, -1, -80, 0, 97, -77, -76, 94, -62, -37, -37, -96, -98, -96, -49, 62, 38, 81, -92, -75, -38, -17, -3, -41, 55, -13, 23, 76, -95, 77, 100, 30, 98, 72, -42, 37, -65, -77, 72, -88, -44, 86, 51, -53, -3, 6, 43, -70, 22, -72, 55, -60, -3, -34, -43, -3, -35, 64, 96, -48, 98, 70, 59, -52, 1, -63, -98, 99, 98, 70, -22, 52, -58, -21, 4, 9, 34, 51, -17, -61, -48, -17, -31, 8, -31, 30, -55, -10, -24, -69, -12, 2, -39, 33, -88, 44, -87, -45, 29, 73, 76, 94, 65, -50, 99, -20, 36, 62, 98, 29, 84, 94, 6, -7, -85, -8, -11, 18, 70, 96, -13, 23, 49, -38, -21, 12, 57, 92, 53, 12, 35, 11, -81, -94, -44, -69, -29, 38, 60, -8, 76, 30, -92, 98, -91, 13, -3, 49, -14, 25, 3, -58, 28, 78, -27, -1, 94, -70, 27, 25, 54, 100, -80, 18, 24, 13, 43, 49, -83, -17, 76, 13, -36, 21, 70, -64, -94, -80, 57, 94, 80, 42, -21, -46, 5, -30, 38, -51, 60, 36, 2, -33, -69, -71, 7, 52, 54, 56, 61, 21, -30, -91, 99, 20, -50, -66, -94, 1, -9, -24, -31, -23, -53, -18, 41, -4, -90, -26, 55, -15, 65, -4, -30, 54, -16, 84, -83, 91, 7, -81, 74, -12, 56, 33, -38, -59, 36, -22, -61, -11, -59, -29, -95, -56, -14, 82, 47, -92, 80, 94, -49, -70, 65, 38, -19, 12, -27, 85, 59, -48, -66, 36, 75, 44, 73, 1, -90, -21, 5, -61, 1, 77, -88, 54, -20, -6, 50, -31, -33, -27, -28, 33, 21, 55, 98, -48, 60, -61, 94, -85, -72, -42, -54, -6, -33, -89, 42, 32, 73, 56, -100, -4, 85, 60, -10, 98, 69, 94, 28, -34, -7, 76, -58, -14, -77, -23, 88, 31, 58, -92, -21, -40, -39, -46, -91, -63, -27, -61, 73, -49, -63, 26, 49, 36, -62, 22, 31, -71, 47, 21, 53, -91, -25, 90, 28, -47, -61, -89, 9, 96, -58, 42, -59, 25, 21, 24, -54, 76, 1, 61, 16, 68, -63, 77, -54, -1, 27, -93, 30, -73, 55, 65, -67, 74, -35, -80, 32, 57, -81, 81, -94, 63, -88, -80, -95, -62, -45, 89, -1, -6, -72, -70, 8, -32, -75, 94, 24, -57, 84, 18, -46, -63, -77, -46, 25, -40, -27, 91, -59, -18, -31, -82, -32, 52, 85, -82, 65, -73, -12, 81, 90, -28, 95, -43, -67, -96, -46, -30, 57, 20, -13, 56, -61, 62, -22, 64, 0, 83, 89, 24, 78, 33, -24, 83, -42, 30, -83, 43, -2, 94, 65, 78, -95, 78, 92, -60, -18, -73, 23, -36, -53, -1, -63, 15, -41, 80, 17, -12, -78, -85, 79, -73, 81, 92, 25, 66, -28, -19, -92, -74, -81, 95, -90, -44, 66, -46, -67, -35, 26, 71, -16, 42, -70, 39, -45, 87, 49, -89, 90, -89, 94, -7, 37, 23, 58, -87, -15, 93, 46, 3, -66, 99, -2, -18, 29, 24, -82, 91, -3, 1, 28, 26, -11, 32, -64, 65, -87, -20, -93, -40, 98, -96, 6, 9, 44, -82, -83, 94, -67, 92, -48, 36, -69, -17, -84, 3, 79, 91, -84, 53, 16, -98, 93, 95, 62, 53, 3, 90, 44, 18, 41, -13, -48, 46, 41, -62, -85, -34, -79, 91, 79, -6, 80, 64, 52, -58, 23, -9, -87, -54, -69, -20, 4, -75, 63, -92, 32, -76, -76, 49, 76, 71, -4, 25, 29, -89, -64, 52, -23, -77, -60, 3, 36, 84, -28, -11, -14, 62, 48, 96, -82, 81, 27, 81, 80, 7, 53, -56, -45, -95, 82, 99, 100, 3, 76, 92, 93, 81, 92, -48, 39, 40, -41, 56, -9, -61, -46, 80, -52, 82, 23, -3, 86, -18, 72, 72, -43, 76, -6, 79, 10, 90, -63, -100, -45, -39, 87, -86, 78, -40, -55, 71, -85, -22, -35, 91, 47, -45, 28, -100, 16, -70, 94, 10, -77, 59, 34, 44, 66, -31, 47, 81, 79, -50, 94, 89, 87, 69, -47, -49, 1, -12, 56, 20, -84, -22, -89, -1, 26, -64, -11, -30, 79, 87, 56, 35, -86, -69, 71, 51, 43, -37, -11, -88, -69, -50, -94, 13, 88, -76, 46, 41, -15, -56, -79, -18, -9, 97, -81, -72, -42, 19, 85, 32, -75, 92, 28, -96, 79, -55, 56, -84, 21, -85, 87, 69, 81, 38, 57, 8, -99, -9, 30, -42, -54, -9, 0, 22, 58, 88, 39, 25, 81, 1, -78, -93, -18, -70, -13, -65, 67, 7, -36, -7, -90, -63, 94, 99, -89, 61, 43, 24, 14, -90, 77, 59, 45, -58, -53, -63, -68, -66, -7, -40, 38, 97, 0, 91, 67, 16, -74, 13, -63, 76, -93, -60, 96, 80, -27, -98, 90, 45, -38, 24, -66, 59, -47, 90, -8, -2, 36, -82, 54, 84, 1, -20, -99, -26, -28, -83, -59, -70, 81, 47, -37, 52, 72, 30, -43, 6, -37, 15, -77, 10, -85, -2, 68, 45, -90, -37, -4, -40, -56, -8, 51, 53, -75, -21, -24, -27, 3, 22, -29, 84, 81, -72, -90, 99, 93, 74, 52, -84, -15, 65, 88, -56, 90, 73, -84, 59, 40, -3, -9, 95, 36, -9, 30, 13, 71, 40, 61, 64, 100, -75, 70, -9, 61, 16, 57, -55, 56, 13, -1, 97, -7, 73, 15, 76, -60, 18, 33, -61, -54, 47, -55, 62, -22, 51, 52, -5, -10, 99, -46, -26, -60, -61, -58, 49, -53, 95, -1, -87, 99, -56, -87, 17, 88, 53, -100, -11, 7, -9, -98, 79, 78, -39, 80, -97, 80, 89, 4, 60, 38, 93, -59, 66, -46, -27, -85, 38, 22, 63, -10, -87, 29, 83, -48, 50, -34, 72, -20, -11, 33, 52, -30, 63, -58, 83, 44, -61, -3, 82, -31, -50, -34, -74, 92, -44, 44, -41, -8, 6, 20, 98, -70, -1, -86, 44, -75, 26, -63, -9, -27, -71, -75, 36, -53, 86, 24, -49, 13, -54, 74, -97, 51, 9, -70, -52, -100, -95, 100, 86, -85, 4, 87, 86, -78, -97, 53, -38, 6, -29, 31, -38, 9, 11, -35, 49, 14, 69, 80, -94, -5, 50, 19, -53, 45, -77, -66, 84, 33, 62, -76, -72, 1, -100, 49, 40, -50, -79, -13, -3, -13, -3, -43, -77, -1, 31, 34, -53, -81, -56, -41, 23, -79, 100, 50, -73, 37, -76, -85, 3, -55, -12, -32, 94, -25, -89, -42, 99, 26, 51, 98, -12, -85, 19, 13, 7, -22, -76, -24, -12, 1, 8, -19, 80, 49, 66, -75, -61, 88, -25, 6, -42, -67, 29, -50, -56, -81, 3, 30, 21, -97, -52, 74, 8, -79, 67, -26, -79, -23, 76, -92, 74, 28, -29, -69, -50, 69, -89, 37, -63, 10, -76, -35, -89, -27, 3, 57, 69, 79, 0, -98, 76, -36, -98, -62, 84, -36, 85, 86, 41, 54, 30, -23, 62, 79, -48, -86, -81, 45, -59, -16, 45, -50, -33, -87, 25, 9, 61, 98, 2, 9, -25, 90, -38, 10, -86, 5, -18, -61, -20, 92, -35, 41, -43, 66, 28, 61, 31, 79, -5, 68, 19, 16, 61, -4, 95, -63, -70, -65, 75, -87, -81, -62, -26, 27, -27, -43, 14, -81, 47, -17, -83, 6, 53, -22, -1, 11, -38, 68, 65, -4, 54, -16, 16, 15, 89, -64, -50, 86, -32, 43, 66, 75, -35, -56, -18, 2, 67, -58, -81, -36, -4, -99, -19, 80, -68, 82, 50, -99, -31, -5, -78, 13, -11, 43, -1, 47, -100, 56, 80, 66, -63, 1, -77, 30, 29, -44, -65, 41, -77, 68, 58, 38, -32, -22, 90, 7, -80, -95, -76, 83, -80, 48, -88, 45, 69, -72, 19, 54, -2, -7, 9, 66, -98, 63, -91, -44, -44, 43, 76, 52, -97, 1, -53, -97, -85, 90, 15, 71, -7, -71, 73, 72, 17, -62, 60, 18, 27, 45, 96, -84, -49, 64, 41, 65, -29, 37, 24, 51, -55, -15, -49, -81, -62, 18, 94, -80, 59, 37, -75, 77, 45, -58, 6, -22, -57, -47, -48, 35, 62, -33, -45, 39, 45, -86, -54, 100, -15, 98, -3, 83, -12, 22, -65, -61, -74, -11, 70, 77, 86, 95, -7, 29, 89, 16, 30, 57, -17, 76, 43, -57, 86, -12, 18, -10, 16, -98, 58, 79, -89, 99, 22, 44, -69, 88, -16, 57, -44, -38, -10, -61, 3, -21, 68, -74, -5, -77, 52, 34, -52, 81, 86, 80, 28, 91, -71, -40, -5, -11, -12, -13, -29, -35, 79, -85, -40, 18, -16, -20, 73, 23, -57, 69, -24, -11, -4, -63, 37, 30, -9, -89, 99, -9, 52, 61, -60, 31, -33, -11, -83, 37, 35, -73, 46, -7, -87, 32, 38, 58, -97, 93, 84, 36, 51, -79, -82, 23, -56, 3, 4, 89, -11, 11, 45, 15, 36, -11, -40, 4, -16, 1, -59, -23, 90, 4, -73, -57, 28, 82, -14, -61, -1, -66, -98, 18, 22, 12, 74, -95, -23, 87, -5, 92, -77, -46, -89, -46, -66, 38, 60, 60, -72, 56, -45, 41, 43, -85, 82, 27, -8, -45, -46, 90, -54, 43, 59, -57, -54, -78, -39, 27, -75, -45, 62, 81, -28, -55, 93, 70, -66, -24, 27, -33, 55, 63, 13, -38, -21, -68, -76, -16, 73, 71, 34, 8, 29, 19, -96, 95, -97, 10, -98, 9, -51, 89, 73, -29, -36, 69, -10, -11, 7, 21, 38, -32, 32, 53, 37, 39, 96, -88, 45, 55, 27, 29, 29, -3, 47, 78, 71, -27, 39, 85, -87, 92, 16, 92, 87, -83, 33, -37, 30, -65, -42, 22, 69, -60, 69, 86, 19, 61, 14, -78, -26, -99, -85, 11, -59, -38, -96, -79, -50, 48, -98, -93, 62, -58, 89, 56, -25, 37, -28, -97, -84, 79, -24, 99, 11, -80, 37, -49, 79, 31, 52, -18, 53, 75, 53, 1, 52, 75, -48, -1, -15, 75, 42, -52, -34, 45, -27, -76, -2, 94, -65, 16, 79, -29, -7, -64, -21, 4, 61, 38, -32, 79, -62, -6, -100, -91, -32, 98, -28, 23, 50, 6, -30, 17, -31, -29, 91, -93, -38, 54, 61, 19, 63, 47, 41, -37, 93, -1, -95, -76, 68, -46, -18, -82, -80, -87, 16, -50, -88, -25, -13, -4, -85, -21, -23, 9, 68, 73, 39, 9, -40, 39, -94, 38, -25, -64, -85, 10, -84, 90, 49, 90, 9, -14, 48, -70, -75, 6, -77, 36, 95, -23, 51, 84, 9, 42, 26, 64, 61, 95, 8, -10, 84, -62, -98, -77, 74, -24, 92, -2, -90, 40, -52, -14, 37, 65, -7, 80, -88, 6, -14, 58, 32, 78, -13, -32, -54, -78, -28, -100, 3, -50, 85, 31, -79, 67, 22, -51, -90, 65, 83, 11, -21, -43, -21, -8, 5, 8, -11, -6, -28, 95, 28, 93, -21, -17, -61, -82, 53, 29, -23, 54, 68, 83, 58, 27, -99, -29, 85, -64, 45, 78, 87, -50, 85, -80, -93, 5, -2, 36, 95, -61, 37, 83, 50, -82, 22, 96, 6, 97, 49, -77, 21, 29, -84, 76, -69, 37, 92, 77, 95, 48, -53, -98, -31, -20, 3, -76, -17, 40, -51, 73, 29, 60, -18, -50, -4, 72, 21, 57, -65, 21, -43, 96, 19, -4, 76, -57, 12, -69, -20, -1, 70, 16, 36, 59, -15, -99, 84, 73, 2, 59, 12, 18, 63, -20, -62, -21, 18, 25, -4, 74, 29, 80, 89, -64, -4, 87, 94, -9, 91, 11, 17, -90, 21, 57, 61, 87, -67, 6, 62, -53, 89, -1, -23, -21, -49, -52, 46, 97, 51, -47, -93, -28, -78, 96, -93, 43, -55, -86, -47, -34, 4, 71, -55, 19, -61, 55, 47, 76, -77, 32, -51, -73, -70, -72, -16, 81, 86, -31, 72, -75, 46, 52, -50, 26, 40, -67, 60, -63, 45, 66, 85, -25, -92, -87, -90, -66, -88, -18, 43, -66, 51, 96, 87, 39, -29, 32, 84, 46, 10, -59, -83, 7, 26, 66, 70, 24, 83, 89, 71, -34, 12, -68, -18, -87, -35, 84, -56, -88, -88, 61, 43, -95, 92, -70, -65, 52, 55, -28, 23, 40, -43, -61, 74, 97, 24, 74, -73, 34, -79, -34, 53, 55, 49, 36, 75, 76, -37, -6, -67, -72, -82, 35, 88, 47, 46, -42, 95, -92, 36, -59, 9, 95, -55, -64, -62, -41, -45, -24, -71, -52, -78, 25, -68, 21, -4, 17, -88, -95, -71, 22, -27, 65, -62, 0, 47, 51, -70, -93, 43, 50, 53, -46, 16, -92, -79, 22, 21, 18, 31, 40, 48, -55, 17, 90, -46, 2, -79, 62, 8, -66, 98, -15, 60, -16, -89, -5, -25, 59, -8, -23, 52, -73, -51, -5, 96, -57, 15, -91, -75, -38, -56, 72, -18, 4, -47, -97, -11, -69, 6, -75, -9, -2, -20, 86, 20, -28, -13, 95, -9, 47, 14, -14, -43, 38, -39, -41, -27, -45, 47, 21, 42, -73, 58, -33, -16, 74, -93, 41, -67, -36, 6, -59, -6, 73, 59, -44, 6, 89, 99, 83, 65, 9, 54, -22, 34, 48, -65, 8, -70, 89, 62, 29, 98, 14, -74, 40, 7, 44, -36, 50, 23, 7, 69, 71, -41, 58, 29, -11, 74, 57, -28, 79, -63, -59, -1, 3, -13, 56, 74, 34, 68, -97, 71, 12, -42, -24, -84, 85, 5, 100, -100, 42, -88, -56, -22, -44, -5, 46, 26, 42, 1, 42, -78, -3, 60, 54, 53, -7, -45, 91, 51, -42, -7, 13, 90, -82, 97, -77, 82, 37, 5, -24, -14, -75, -60, 52, 29, -45, -97, 25, 48, 89, 3, -100, -17, -72, 58, -75, -21, -91, -85, 91, -18, -65, 39, 46, 45, -30, 0, 40, -66, 84, 55, 27, 88, -16, -9, -30, -67, 90, 74, 2, -28, -40, -99, 19, -49, 8, 85, 23, 65, 22, 49, -7, -49, -49, -62, 62, 70, 38, -94, 59, -26, -1, -11, -86, -42, 32, 6, -32, 6, -19, -18, -36, -64, -83, 88, 23, 93, 38, 30, -50, -43, 60, -93, -61, -60, 82, -46, 50, 73, -69, -56, 21, 23, -5, 53, -26, -64, 15, 67, 96, -86, -3, 92, 11, 35, -51, 66, 37, 30, 93, -93, 48, 4, -22, -61, -62, 68, 59, -80, -82, -55, -51, 77, 3, 14, 3, 77, -58, -21, -96, -30, -77, -6, 85, -82, -64, 1, 88, 76, 10, 89, -54, 41, -75, -46, -67, -82, 57, -34, 63, 9, -41, -58, 78, 49, 76, 61, -81, 31, 71, 90, 84, 91, 19, 63, -37, 8, 27, -15, 22, -74, -99, -56, 96, 87, 43, -98, -90, 65, -29, 15, -50, -53, 21, 62, -11, -43, 4, -86, -52, -64, -43, 95, 72, 43, 78, 61, -56, -17, 82, 72, -64, -87, -63, 24, 60, -11, 30, 40, -21, -65, -50, -54, -98, -47, -64, 82, -10, -44, 37, 57, -82, -26, 85, 17, 47, 17, -99, -73, -82, -50, -22, 92, 18, 23, 21, 74, -47, 65, -94, 81, 87, -86, -4, -53, 41, -3, 28, 73, 27, -33, -24, -65, 14, 73, 75, 75, -73, -93, -70, -23, -20, -13, 88, 64, -19, 83, -81, 26, -92, -76, -26, 83, 92, -33, 93, -74, -59, 13, -66, -34, -26, -98, 11, 9, -49, -3, -47, 86, 46, -71, 55, 77, -31, -16, -36, -35, -20, 99, -45, 100, 58, -24, -50, 90, 54, 1, 87, -17, -31, -95, -15, -85, 75, 7, 72, 50, -38, 50, -35, 49, 50, -21, -65, -77, 10, -61, -80, -25, -4, -76, 72, -24, 95, 100, -65, 40, 50, 77, -83, 66, -51, 41, 100, 69, -79, 8, -19, -39, 81, 2, -55, 37, 45, -73, -90, -80, -33, 50, -44, -17, -50, 64, -75, -28, 93, 51, -96, -1, -7, 0, -22, 64, -49, 6, 76, 74, -10, 98, 59, -58, -91, -60, -82, -7, 42, 15, -91, 94, 40, 45, 49, -57, 54, 44, 86, 30, -30, 7, 68, 34, 67, -2, 80, 70, 40, -94, -48, -25, -15, 22, -36, -23, -62, -6, 48, -100, -3, -27, 47, 4, -43, 29, 72, -52, -50, -87, -23, -75, -57, -42, -53, -4, 96, 87, -45, 29, -58, 17, -95, 60, -67, 63, 97, -60, 7, 81, -4, 47, -24, -53, -30, 92, -23, -34, -92, 29, -78, -85, 75, 67, 84, -85, 89, 32, 89, -29, -7, -11, -56, 10, 92, -80, 67, -37, -7, -84, 48, -60, 72, 32, -99, 42, 13, -47, 82, -24, -16, 1, 83, -60, -5, -41, 97, 37, 4, 46, 98, -75, -100, -38, 3, -2, -66, -100, 22, 8, -88, 52, 31, 1, 3, 0, 11, 55, 29, -92, -17, -57, 72, -60, 36, -33, 10, -63, 65, -89, 5, 9, -70, 90, -96, 100, -47, 13, 17, -53, 91, -1, -36, -52, -23, 42, -62, 12, -96, 45, -22, 40, -22, 75, -77, -89, -36, 74, 61, -54, 38, -35, -88, -90, 6, 45, -94, 89, -10, 34, -37, 0, -9, 55, 57, 75, -51, 75, -81, -82, 55, -45, -17, -16, -31, -1, 100, 78, 18, -61, 91, -47, 0, -41, -61, 48, -28, -47, 76, -15, -88, -99, 8, -54, 72, -47, 36, -90, -91, 6, -83, -58, 71, -30, 15, -25, -9, -61, -97, 62, 4, -68, -100, 79, -8, 55, -44, 91, 78, -38, 99, -76, 7, -56, -97, -65, -63, 77, 30, 4, -84, 50, 52, 13, 42, 38, -61, -1, 4, 73, -42, 81, 4, 71, -88, 14, 36, -62, -23, -34, 98, 81, -52, 67, 80, -41, -25, 48, 80, 95, -53, -36, -55, 33, -79, -14, -90, 3, -70, 27, 4, -59, -10, 5, 40, -69, 45, -86, -50, 26, 36, 27, -70, -67, -65, 48, 38, 44, 84, 45, -92, -77, 56, -42, -96, -51, -94, 72, 49, 67, 71, 6, 47, 77, -65, 18, -82, 1, -8, -11, 79, -47, -12, -34, 83, 9, 95, 82, -75, -94, 42, -61, 48, -8, 78, 13, -21, -15, 92, -60, 16, -6, -43, 54, 14, 81, -35, -43, 27, -60, -44, -96, 27, -20, 27, 58, 29, 25, 92, -30, -36, -56, -96, -38, 48, 76, -89, -90, 36, -61, 63, 42, 80, -84, 85, -45, 68, -98, -15, 27, -76, 54, 77, 34, 86, 94, 39, -2, 86, -68, -34, -87, -50, 71, -87, 51, 28, 65, -84, 13, -39, 12, 17, 11, 13, -16, 10, 2, -89, 39, -80, 79, 64, -90, 23, 91, -25, 73, 7, 39, 99, -41, 11, -87, -38, 97, 27, -64, 66, -82, -72, 47, -81, -41, 23, -64, -70, -88, 44, -56, 40, 75, -67, -18, 54, 17, -29, 32, -28, -82, 94, 2, -98, -100, 83, 89, 26, -18, -22, -52, 13, -1, 41, 9, 46, 30, 57, -31, -91, -100, 52, 98, -58, -94, -2, -73, -35, 82, -83, -96, -31, -27, 63, 30, 9, -8, -48, -95, 58, -90, -85, -18, 39, -48, 49, -48, 77, 86, 69, 96, -42, -45, -49, 63, -36, -15, -25, 2, -14, 34, -97, -88, 6, 20, -62, -92, -88, -2, 17, -31, -43, -18, 71, 18, 24, 38, -90, 52, -46, -27, -13, -16, -45, -69, 39, -87, -54, 2, 95, 70, 9, -5, 18, -90, -1, -37, 56, 33, -66, 78, -89, -6, -35, 20, -18, -98, 8, 65, -39, -80, 52, -21, 58, -92, 20, 32, -41, 97, 55, 73, -100, 53, 34, -21, -37, -95, 8, 83, 99, -63, -19, 73, -8, 64, 76, 56, 77, -100, 54, -57, 54, 62, 24, 12, -24, -4, -95, -94, -78, -93, 90, -69, -97, -17, 50, -82, 6, -16, -5, 63, -52, 61, -74, 6, 86, 31, -24, 15, 18, -18, -9, -73, -23, 3, -86, -46, 46, 35, 2, -14, -91, 31, -30, -55, -9, 12, -56, 67, -40, -23, -66, -51, -45, -75, -68, 99, -90, 100, 0, 2, 20, -28, -76, 54, 98, 40, 68, -76, -75, 44, -17, -70, 8, -91, 17, -8, 61, 79, -57, 76, 79, -7, -17, 38, -17, -47, -26, 60, 96, -7, 27, -7, 11, 47, -69, 27, -88, -73, 19, 17, 74, 25, 49, 34, -89, 86, 6, -26, -27, 46, 98, 67, 61, -62, 1, 98, -94, 2, 41, -2, 89, 5, -60, 73, -97, -48, -14, 24, -66, -15, -43, 8, -72, -14, 56, 41, 91, -76, 17, -78, 32, -81, -22, 94, -27, 60, 8, 88, 6, -35, -12, 85, -15, 24, -8, 5, -40, 24, 26, 29, 21, -81, 46, 54, 16, -15, 86, -60, 39, 80, 23, -92, -22, 50, 12, 65, 69, -57, -57, -80, -88, -87, 35, -100, 17, -19, 25, 75, 27, 30, 74, -13, -94, 55, 97, -31, 17, -60, 58, 96, 32, -3, 42, 40, 23, -83, 61, -50, -10, -8, -1, 51, -37, -40, 9, -64, -23, 89, -81, -43, 26, 2, -53, 8, 36, -56, 5, -60, 48, 85, 20, -43, 25, 97, 16, 96, -47, -55, 90, -8, -56, -57, 20, -5, -75, -79, -4, -46, -99, 90, -85, -76, 50, 45, 14, -97, 73, -95, 62, -10, -71, -43, 28, -45, -78, 88, -10, -63, 26, 8, -87, -43, -77, 43, -57, -61, -19, 94, -4, 90, -5, -32, 34, 1, 35, 68, -90, 92, 17, -46, 89, 100, 99, 96, 5, -7, -51, -80, 77, 35, -76, -25, -95, 10, -83, -34, -51, -78, 10, 51, -47, 28, 18, 46, 93, -54, -39, 31, -45, -42, -88, 19, -14, -31, 40, 42, 40, -41, 56, 68, 97, -6, 6, -6, 35, -62, 96, 85, 89, -14, -12, 49, 80, -8, -66, 47, 6, -82, 78, -57, 45, -9, -96, 53, 77, -59, -50, -50, -72, 7, 0, 16, -63, 43, -81, 57, -96, -55, -27, 48, -54, 5, -24, 70, -86, -81, -49, 31, -62, 72, 45, 80, -96, -45, 7, -39, 68, 44, 65, 62, 49, 9, 74, -67, 24, 25, 52, 64, -4, -6, -92, -14, -24, 99, 16, 43, -56, 15, -62, -92, -39, 22, 59, -32, 59, 18, -41, -39, 18, -54, -33, 27, -90, -20, 66, 80, -7, 82, -48, -29, -11, 76, 55, -4, 37, 7, -14, -100, -20, -13, 5, 10, 100, -61, 15, -74, 82, 98, -12, 29, 41, -30, 77, 27, 93, 50, 20, 19, -93, -88, -54, -28, -60, -8, -98, 23, -50, -34, -87, -72, 47, -20, 92, 62, -61, -17, -20, 32, -56, 57, 98, -30, 53, 3, -19, 15, 25, 68, -19, 56, -91, -23, -96, -47, -13, -15, -43, 97, 38, 29, 47, 66, -33, 69, 37, -7, -95, 13, -93, -22, 72, -76, -21, 85, -100, 84, -30, -59, 32, -96, 8, 65, -77, -91, -54, 18, -67, -30, -9, 95, -84, 24, -51, 7, 60, 68, 54, -7, -47, -53, 75, -79, -95, 89, 68, 81, 80, 66, -60, 62, -29, 14, -18, 61, 95, -26, -20, -79, 31, 4, -25, -30, 73, -94, -23, -83, -78, 86, -67, -94, 10, 33, 78, 13, 91, 71, 17, -4, 91, 34, -9, -54, 44, 69, -12, 99, -33, -69, -21, -69, -83, 39, -17, -57, 90, 96, 36, 75, -97, 29, 28, -86, -23, -17, 78, 17, -21, 53, 21, -13, -54, -88, 93, 80, 81, -79, 20, -54, 5, 65, 21, -42, -67, -9, -20, 52, 49, 50, -22, 36, -85, -54, 93, 51, 71, -61, 88, 61, -3, 62, 17, -83, -5, 45, 41, -71, 53, 68, -21, -95, -48, -21, -3, 100, 87, -20, -69, -9, -96, 17, 29, 37, -11, 26, -5, -1, 10, 20, 70, -23, 41, -93, -35, -66, 25, -24, 10, 24, -40, 40, 8, 31, 91, -30, -18, 95, 59, 98, -38, -9, 57, 15, -91, 49, -10, -62, -22, -46, 92, -69, -94, 7, -59, 53, 53, -14, 5, -74, 76, -24, 39, -25, 45, 59, 28, 27, -79, 4, 68, 42, 69, -2, 78, -74, -33, -65, 97, -98, -13, -22, -16, -20, 46, -10, -33, -66, 10, -23, -39, -91, -19, 35, 87, -49, -94, 76, -18, 96, -37, 94, 8, -95, -79, 83, 21, -93, -8, -77, -70, 73, -92, 95, 46, 91, -94, -21, -17, -64, -93, -86, 0, -17, 47, -86, 6, -33, -71, -47, -37, 35, 83, -42, -73, -3, -86, -40, 74, -89, -38, 24, 59, -65, 49, -53, 12, -23, -61, -59, -42, 76, 74, -99, -54, 52, -74, 28, -67, 19, -9, 41, 16, 91, -96, 9, 54, -37, -14, -56, -38, -14, -52, -34, 11, -8, 4, 11, 13, 62, 17, 80, 90, 88, -64, -55, -10, 33, -57, 23, -58, -1, -91, 38, -23, -37, -46, 13, 56, -77, -93, 93, 60, -5, 80, -83, 34, -22, 19, 49, 82, -47, -56, -8, -46, -19, -18, -86, 99, 78, -73, -55, 51, 40, -38, -51, -63, -67, -23, -15, -44, -13, -90, 26, -75, -11, -97, -49, 71, -98, -68, 13, 90, 51, -75, -6, -78, -26, -70, -52, -78, -63, -4, 21, 80, 79, 36, 38, 98, -1, 40, -75, 44, 46, 81, -43, -49, -1, -89, 98, -24, -10, -90, 28, -91, -17, -16, -95, 21, 78, 15, -8, -1, 94, -89, -78, -67, 91, -21, -34, 56, -24, 66, 94, 19, 24, -39, -89, -23, -34, 49, 11, -78, -67, -82, 71, 12, -49, 70, -29, 95, 47, -86, -92, 42, -84, 18, -32, 59, 95, 52, -16, -13, 53, -78, -33, -63, 51, 95, 45, -60, 3, -2, 45, 75, 38, -79, 11, -37, -92, -31, -26, 65, -44, 23, 85, 0, -56, -55, 95, 86, -91, 44, 51, 74, 64, 62, -11, 48, -65, 61, 8, -79, 79, 66, 38, 32, -34, 65, 14, -24, -42, -92, -35, -18, -97, -83, -60, -15, -1, -36, -2, -75, 67, -96, 99, -40, -37, 31, -22, 54, -20, 93, 76, 5, 56, -46, 37, 11, 5, -18, 37, -62, -15, -14, 16, 1, -46, -56, -26, -40, 3, 65, 77, -24, -96, 54, 95, -17, 61, -58, -72, 42, 55, -37, 94, -81, 44, -36, -5, 54, -27, -7, 57, -75, -37, 97, -70, -77, -22, 24, 23, -30, 59, -22, 48, 98, 2, 97, 50, 16, -28, -91, 48, 26, -23, -90, 36, 69, 58, 57, -84, 71, -58, 5, 91, -14, -95, 45, -31, 99, -64, -17, -23, -70, 2, -44, -92, 76, -85, -30, -76, 98, -12, 11, 46, -40, -54, 24, -95, -30, -78, 30, 31, -53, -75, 57, -40, -33, 26, -63, 77, 69, -94, 90, -84, 4, 68, 48, 71, -33, 38, 43, -79, -53, -50, -65, -11, -76, 69, -41, -97, -31, 49, -34, 5, -6, 81, -100, 84, 54, -12, 42, 17, 91, -94, 40, 68, 77, -87, 1, -70, 70, -37, -19, -25, 13, -81, -49, -5, 100, -67, -28, -34, -67, -25, 26, 69, 71, 30, -49, 29, -68, -24, -6, 57, -17, -43, 70, 52, 23, -68, -96, 10, 33, 14, 11, 100, -21, -16, -81, 46, 89, 31, 99, 17, -32, -83, -39, -53, -2, 39, 81, -21, 19, -69, 78, 3, -38, 100, -78, -77, -50, -1, -56, 70, -9, 39, 39, -53, -93, 74, -50, 73, 37, 69, 36, 94, -64, -70, -83, 40, -6, -10, 36, -98, 78, 60, 69, -21, -61, -49, 64, 45, -36, -19, -71, -32, -49, -7, 3, 98, -50, 7, 67, -58, -74, 65, -97, 29, -84, 98, 53, -73, 19, 32, -45, -60, 83, 98, 97, -14, -94, -91, 46, -49, 40, 49, 72, 35, -76, -54, 81, 82, 87, 31, -62, -61, 57, -76, 60, -12, -39, -67, 21, -26, 57, 36, -62, -47, 66, -34, 97, 10, -93, 71, -47, -53, 6, -30, -7, -39, -38, 91, -86, 68, 56, 56, -46, 46, 67, 89, 59, -20, 37, -94, 33, -18, 49, 43, -47, 60, -27, 28, 24, 81, -37, 96, -1, -29, 38, 1, 11, -95, 33, -72, -49, 0, -93, 41, -73, 57, 22, -89, -38, 38, 41, -94, -97, -17, 80, 92, 67, 37, -28, -62, 6, 12, -19, 25, 15, -48, -90, -68, 43, -37, -51, -84, -29, -25, 29, -8, 6, -83, 19, -44, -59, 28, 57, -6, 60, -68, 49, -28, -90, 22, 59, 86, -83, 71, 48, 44, 46, -94, 54, 23, 82, -33, 97, -60, 68, 57, 74, -28, 16, -14, 22, -91, 97, -79, 74, 3, -28, -69, -42, 34, 59, 79, -56, 38, 28, 69, 64, -85, 85, -39, 29, 8, -50, -27, 49, 81, 2, -16, 67, -29, 29, -37, -22, 49, 28, 10, 92, -78, 2, 31, 48, 13, -100, -86, 19, -60, -79, 6, 39, -57, -68, 16, -23, -18, 93, 87, -64, 13, 50, -3, -42, 49, -98, 73, 0, 77, -47, 75, 90, -38, 10, -100, 14, 11, -32, -75, 38, 52, -57, 1, 3, -39, -8, 74, -46, -95, -5, -20, 0, 9, -26, 41, -82, -28, 46, -36, -70, 53, 48, -40, -34, -11, -51, 28, 24, -4, -12, -44, 61, -50, -50, -32, 61, -78, -97, 24, -84, -27, -83, -89, -35, -62, 78, 80, 65, 17, -2, -97, -81, 28, -35, -38, 2, 36, 93, -5, 57, -55, 76, 41, 37, -47, 89, 87, 37, -59, 78, -16, 8, 68, 80, -79, -30, -90, 28, -49, -100, -45, 62, -15, -11, -18, -94, 43, -64, 23, -94, 44, -25, 23, -93, 67, 31, -30, 17, -2, -93, -59, -69, -4, -92, 43, 90, -15, 95, 13, -47, -40, 3, 34, 95, 44, -97, -28, -78, 22, -88, -25, 21, -52, -17, 12, -12, 39, 7, -89, -60, -36, -88, 87, -87, -74, 87, 98, -75, -90, -88, 66, -60, -22, 12, 65, 49, 33, 36, -69, 81, 42, 44, -35, 35, 58, -89, -17, -51, 27, -9, 75, -18, -100, 45, 31, 57, 25, 62, 13, -30, -29, -58, 37, -34, -100, -64, 71, -71, 11, 72, 4, 38, 93, 21, -18, -18, -97, 48, 19, -45, -76, 14, -59, 75, 43, -56, 20, 70, -46, 45, -1, -82, 92, -24, 50, -81, 42, -48, -61, -56, 93, 98, -18, -29, 79, -7, -24, 42, -17, -63, 90, -98, 63, 51, 76, -40, -6, 69, -12, 24, -81, -17, 14, 41, -36, 39, 62, 3, -83, -6, 66, -57, 10, -44, -6, -54, 71, -36, 34, -33, 63, -58, -64, 79, -38, 53, -41, -45, 58, -27, -36, 100, 14, -76, -62, 80, -2, 20, -23, -86, -16, -79, 29, 0, -40, -85, -29, 54, -100, 24, 5, -29, -48, 77, -78, -36, -33, 22, -99, 80, -56, 50, -15, 46, 68, -24, 76, -69, -94, -96, -69, 42, -45, 2, -30, -55, -55, 1, 48, 34, -73, -90, -1, 50, -72, 59, -78, -98, 33, -66, 27, 3, 84, -3, -97, 100, -59, -16, 85, 37, 68, -88, 49, -39, -100, -9, 39, -64, -85, 40, -27, -53, 76, 84, 59, -60, 42, -18, 2, 68, 62, -93, 62, 93, 11, -87, 59, 91, -21, -51, -24, -4, -100, 3, 8, 65, -69, 2, 1, -48, -20, -85, 68, -71, 57, -52, -67, -100, 55, 68, 93, 61, -41, -74, -15, 85, 1, 91, 90, 13, 40, -61, 67, 74, -14, -12, 64, 3, 3, -91, -77, -25, 81, -15, -35, 100, -58, -74, 62, -50, -12, -63, -57, 29, 17, 88, -45, -97, -81, 74, 32, -48, -54, 82, -17, 85, 72, -41, 59, -65, 15, -44, -97, 92, 30, -95, -52, 85, -55, 21, -67, 17, -83, 65, 67, 47, -17, -45, -19, -99, -20, 21, 48, -4, 99, -29, 33, -71, -80, -28, -96, -39, -25, 85, 86, 32, 12, 38, 39, 72, -85, -90, 69, -13, 33, -71, 30, 23, -96, -45, 96, 95, -58, -6, 92, 89, -77, 40, -62, -32, -32, 6, 52, 75, -59, -43, 83, 84, 39, 47, 30, 55, 86, -37, 2, 84, -14, -3, 55, -87, 100, 35, -87, 26, 71, 10, 82, -100, -37, -92, 30, 6, 22, -2, 42, 83, -68, 36, 39, -22, -15, 55, -70, -24, -46, -36, -85, 45, -53, -78, 95, 84, 55, 38, -41, -74, 56, -84, 100, -74, 12, 28, -57, 93, 72, -64, 37, 4, 58, 31, 93, -67, -92, -100, -34, 31, -9, -77, 51, 82, 73, -47, -73, -30, 89, -46, -74, 8, -71, -14, -56, -28, -2, 75, -45, -78, -86, 65, -21, -96, -92, 63, -4, -7, 46, -89, 77, -29, -44, 5, 92, 64, 93, -62, 81, 3, 7, 80, 34, -67, -79, 88, -61, 50, 75, 79, -68, -29, 37, 5, 59, 95, 30, 100, -61, 91, -38, 100, -89, -64, 45, 56, 35, 44, -3, 80, -36, 36, 0, 39, -26, 8, 5, -7, -49, -52, -73, -24, 92, 98, -75, 61, -43, -25, -50, 61, -9, -21, 23, -39, -43, -72, 67, -33, -3, -1, -43, 16, -31, 21, -41, 81, -24, -94, -13, -57, -44, 17, -58, 86, 94, -59, 44, -96, 84, -68, -7, -93, 9, 90, 26, -97, -66, 39, -18, -47, -83, 10, -17, -96, 31, 72, 64, 17, -93, -68, 92, 66, 20, -29, -89, -45, -3, 67, -18, -10, 92, 34, 10, 32, -41, -40, -70, -73, -100, -95, 44, 22, 0, 94, -96, 61, 80, -53, -29, -42, 62, -30, -36, 49, -34, 97, 53, -39, 42, -81, 65, 15, -92, -39, 92, 53, -71, -65, -2, 66, -100, 2, -49, 46, 1, -77, 74, 83, -27, 45, 92, 7, 6, 46, 98, -27, 8, -81, -85, -65, -29, -75, 86, -79, -23, 56, -51, -5, 22, 93, 3, -56, -32, -14, -36, -17, -92, 36, 89, 35, -98, 99, -14, 70, 18, 94, -22, 63, -18, 4, -3, 12, -22, -44, 92, 75, -65, -5, -57, 14, 0, -33, -45, 6, 42, 27, -48, 36, 8, -88, 53, -34, -57, -22, -49, 43, -29, -24, -28, -14, -16, 48, 92, 13, -12, -97, -66, 20, 81, -51, 66, -97, -75, 59, 93, -67, 100, -70, 52, 42, 96, -34, 40, 39, 3, 85, -72, -76, -31, -67, -44, -84, 18, 67, -66, -93, 93, 31, 61, 60, -19, -39, -97, 46, 85, -53, 58, -40, -17, 36, -23, -44, -40, -70, 78, 67, -59, 11, -72, 2, -3, -1, -100, -34, 43, 77, 49, 51, -72, 100, 70, 17, 27, 32, 89, -21, -20, 88, 0, -100, -37, -4, -98, 66, -90, -67, -59, -65, -35, 61, 55, -5, -69, 79, 81, -99, 94, -71, -3, 29, 39, 63, -32, 13, 76, -100, -31, 27, 98, 62, 9, 23, -32, -58, 10, 75, 24, 65, 65, 94, 76, 96, -75, 72, -4, -64, -45, 87, 33, -24, -90, 46, 46, -73, -69, 79, 32, -32, 8, 71, -68, -10, -97, -94, -12, 34, -82, 25, -4, -38, 37, 68, -63, -75, -96, -93, 23, 54, -48, -22, 63, -74, 96, 76, 24, 70, 85, 63, 79, -64, -4, -91, 3, 70, 0, -67, -47, 64, 20, 21, -84, -3, -46, -54, 90, 99, 67, -95, 47, 53, -16, -32, -66, -90, -86, 82, -80, 15, -7, 95, -89, 81, -76, 7, -87, -99, 47, 44, -83, -78, 62, -33, 37, -58, 34, -68, -90, 16, 76, 90, 22, -57, 98, -36, 71, 4, 78, -83, 31, -44, 55, 52, 3, 87, 57, 85, 80, 66, 82, 32, 35, 14, -34, 100, -64, 38, 11, 6, 66, 9, 76, 1, -90, 31, -70, -87, 20, 54, 89, -32, -69, 85, -51, -56, -34, 31, 89, -30, 15, 52, -39, 35, -65, -27, -58, 39, 40, -97, 57, 80, -9, 78, 29, -50, -94, -21, -89, -82, 87, -51, -5, -51, 45, -89, 39, 20, -73, -22, 47, 60, -22, 7, 76, 10, 99, -28, -63, 72, -20, 36, 5, -55, 93, 20, 67, 58, -12, 100, 42, 28, -72, 4, 16, -15, -90, 17, 57, -35, 22, -14, -50, -60, -25, 88, 76, 69, 42, -40, 48, 52, 83, -3, -95, 52, 51, -91, -31, 45, -27, -60, 6, 3, -48, 8, 20, 34, -28, 40, 36, -63, -50, 64, 87, 23, -17, -20, -77, -50, 95, 14, 48, 59, 62, -31, 8, -76, 87, -46, -80, 66, 66, 37, -18, 84, 28, 13, 88, -7, -57, -13, -52, 9, -33, -50, 77, 10, -20, -93, 8, 44, -51, -20, -90, -68, 81, -25, -98, 99, 41, 91, 72, 11, 76, -76, 82, -11, 91, 27, 98, 82, -40, 86, -90, -67, 29, -94, 39, 30, 67, -14, -5, 83, -81, 67, -35, -57, -45, -2, -99, 21, 75, -86, 86, -63, 90, 78, 7, -28, 23, 8, -30, -62, 51, 90, -89, 30, 32, -6, -99, 92, -32, -98, -50, -65, -16, -28, -16, 83, 46, 74, -61, 9, -6, -56, 66, 62, 80, 22, -71, 71, -33, 53, -40, 40, -3, -94, -15, -73, 73, 0, -96, -35, 33, 78, 13, 51, -62, -55, -16, -68, -77, 97, -83, 14, 60, 54, -55, -28, -15, 13, 10, -28, -37, 94, -37, -94, 88, 22, -7, 3, -72, -83, -25, 96, 78, 32, -20, 72, 53, -43, 46, 64, 95, 59, -76, 82, -50, -71, 75, 62, -60, -61, -80, -68, -9, -17, -1, -58, -55, 75, 89, 64, -25, 38, -84, 75, -100, -20, -49, 37, -57, -64, 0, 4, 23, -53, 87, 0, -97, -73, 21, -32, -17, 9, 62, -82, -25, -40, -75, 30, -91, -18, -53, 5, -87, 48, 73, -19, 19, -70, 80, 79, -21, -45, -63, 47, -3, 38, 52, 65, -59, 30, -91, 0, 13, 95, 65, 55, -87, -92, -30, 25, -14, -33, -52, -17, 84, 65, 0, -96, -77, -11, -21, 59, 83, 75, -88, 10, 78, -33, 7, 45, -22, 27, -13, 20, 97, -92, -83, -17, -1, -15, 12, 59, 39, 40, -43, 80, 25, 11, 22, 68, 71, 78, 40, -87, 18, -57, -58, 59, -16, 54, -23, -80, -18, -55, 19, 12, -35, 66, 78, 25, 59, -14, -9, -71, -74, 59, -61, 48, 78, -93, -90, -72, -95, -94, 81, -75, 0, -69, 63, -94, -23, 33, 2, -41, 79, 20, -77, 24, -65, -75, 63, 31, -42, 5, -75, 60, 19, -7, 33, 82, 48, -33, 95, -98, 65, 53, 94, -91, 51, 89, -22, 36, -37, 43, -84, 13, -10, -88, 69, -4, 18, 93, -55, -40, 54, -61, 30, -60, 85, -23, -57, 87, -59, -19, 56, -18, -46, 47, -79, 85, 53, 27, 22, 25, 24, -40, -3, -87, -15, 93, 60, 91, 54, -80, -29, 21, -55, -61, 33, 55, 90, 10, 72, -49, 26, -33, -13, -57, -58, 50, 59, 48, -19, -29, -88, -12, -66, -37, 81, 4, -16, 7, -31, -41, 24, 49, 39, -76, -99, -66, -47, -76, 13, -96, 24, 86, 80, -84, 68, -18, -73, 12, -42, 78, -95, -14, 68, -94, -84, -81, -60, 37, -31, 32, 12, -60, 85, 18, -94, 87, -25, 93, 3, 32, -76, 51, 91, 88, 2, 96, -53, -56, 48, -74, -65, 4, -78, -84, 16, -71, 39, -88, -69, 95, 19, 47, 36, -6, -66, 19, -49, 20, -40, -11, -30, 53, -37, -100, 11, 53, 3, 31, 66, 6, 46, 46, -52, -67, 91, 31, -52, 79, 46, 100, 5, 99, -40, -66, 89, -20, 31, 85, 70, 32, 50, -49, -51, -61, -53, 42, 39, -36, -62, 94, -5, 27, -61, 73, -52, -87, 98, -93, 55, 3, 27, 13, 51, -88, -90, 58, 100, -7, -22, -66, 79, 15, 94, -58, -9, -84, -93, 18, -25, 79, -71, -68, 0, 63, -6, 86, -38, 28, -13, 20, 47, -14, -15, 5, 29, -64, 73, -45, -52, 26, -37, -71, -17, 24, 92, 0, 83, -12, -61, 55, -68, -54, 54, 4, -73, -53, 56, -39, -56, -12, 86, 38, 82, 10, -81, -32, 86, -40, 45, 8, -42, -66, 81, -28, 82, 3, -49, -55, -96, 5, 88, 17, -58, -38, 26, 99, -5, -42, -41, 62, -48, 83, 66, -33, -3, -27, -15, -74, 13, -70, 14, -6, -3, -4, 65, 85, 71, 83, -50, -58, 7, 80, 72, 10, -56, 77, -66, 89, -55, -43, 94, -90, -34, 1, -9, 18, 79, -62, 73, -72, 67, 16, -14, 20, 40, -17, 26, -29, -7, 22, 71, 11, -11, -25, 64, -71, 54, 33, -31, 77, -31, 2, -18, 16, -48, 26, -2, 46, -83, -38, -10, 15, 64, -96, -61, -70, -10, -92, -33, -87, 8, -54, 69, 28, -67, 41, 65, 14, -81, -90, -5, 28, 75, 30, 69, 8, 84, -92, -12, 56, -99, 30, 49, 61, -46, 64, 51, 90, -43, 29, 37, 21, -73, 73, -86, -48, -69, -95, 10, 97, -89, 76, -47, 91, -93, -69, 23, 1, 61, -85, 92, 31, -21, 57, 35, -63, -5, -42, 49, 47, 16, 76, 48, -54, 0, -48, 54, -3, -53, 60, -42, 50, -2, 29, 91, -84, -63, 26, -73, -91, 18, -91, -65, -1, -36, -27, -60, 62, -23, -73, 36, -8, -20, -78, 22, 12, -40, 17, -15, 70, -81, 26, -67, 24, -16, 14, -28, -21, 24, -40, 60, 59, 99, -67, 75, -61, 68, 48, -95, 65, 26, 6, 60, -30, 54, 9, 87, 19, -70, 37, 69, 69, -75, -77, -57, -36, -13, 9, 85, 46, 78, 42, -43, 38, -60, 62, -51, -36, 22, -63, 26, 42, -33, 41, 88, -2, -4, 17, 13, -7, 29, 45, -84, -88, 98, -97, 97, -1, -38, 66, 89, 14, 76, 45, 58, -62, -60, 73, -78, -68, -81, -81, -64, 73, -33, 45, -85, -26, -70, -21, -83, -11, -33, 100, -96, 38, -85, -96, 34, 85, -88, -68, 75, -94, 46, 5, 36, -59, 25, 20, 56, 38, 50, 11, -90, 19, -88, -45, 93, -55, 98, -60, -44, -17, -1, 49, 4, 82, -25, -53, -80, 4, 86, -88, 63, -19, 38, -87, 100, -65, 68, 29, -39, 33, 8, -15, -75, -43, -65, -16, -62, -3, 30, -58, -81, 45, 35, 25, -47, 39, -26, -75, -16, -7, 75, 61, 79, 63, -36, -93, -93, 81, 90, -30, 94, -32, -22, 78, -78, 94, -50, -58, -30, 22, -81, 73, 18, -32, -28, -43, 72, 96, 66, -44, -2, -12, -29, 72, -100, -99, 7, -88, 49, -84, -32, 32, -17, 98, -5, 84, -4, -34, -100, 70, 61, 27, 58, -87, -80, 11, 62, 50, 55, 44, -99, 26, 36, -96, -10, -47, 2, -18, 21, -100, -44, 0, 79, -31, -40, -97, -95, -13, -31, 56, -54, -34, -56, 83, 77, -83, 30, -28, 36, 21, 57, 57, 75, 51, 70, 36, -63, 82, 31, -65, -57, -21, -73, 53, 68, 19, -33, -44, 6, -50, 92, 84, -76, -90, -24, -29, -7, 86, -70, -2, 35, -98, 7, 35, 18, 28, 80, 68, 86, 41, 33, 25, 54, -17, 98, 17, -9, 16, 23, -66, 35, 41, -19, -69, 98, 84, -46, -95, -88, 63, 37, -43, -95, -82, -54, -27, 91, 14, -60, -62, -95, -82, 3, -37, 89, 55, 99, 1, -50, 10, 86, -64, 60, -6, 72, 48, -19, -24, 97, -8, 4, -55, -54, 28, 90, 24, 55, -14, 29, -67, 52, -27, -37, -24, 44, -67, 31, -35, 88, -69, 3, 97, -71, 13, 97, 0, 74, 0, 79, -86, -88, -74, -55, 32, 65, 33, -25, 65, -66, -45, 78, -68, 19, -32, 57, 71, -33, -57, -76, 57, -73, 77, -30, -30, 94, 30, -23, 72, -3, 15, -78, -9, 0, 71, 18, -12, -100, 33, -29, 46, -24, 96, -64, 75, 52, -13, -79, -9, 69, 2, 76, -80, 1, -20, -57, -1, 58, 72, -61, -26, 92, 30, 43, 68, -84, 35, -67, 77, -37, 92, -24, -82, 13, 65, 39, -92, 46, 11, -7, 3, 80, 93, 71, -36, 93, 54, -57, 89, 28, -55, -65, -98, 94, 50, 95, 0, -4, -90, 48, 76, 53, 10, -66, 45, -2, 35, 87, -45, 77, 60, -10, 67, 92, -75, -51, 43, -71, 31, 85, -99, -44, 15, 67, 66, -58, 37, -83, 81, 8, -25, 47, -7, 83, 9, -93, 12, -53, 1, 20, -97, 1, -36, 52, -32, 58, -47, -35, -97, -97, -20, -47, -52, 26, 41, -59, -67, 97, -5, -38, 24, -46, 72, 12, -3, -76, -56, -69, -22, 68, -45, 38, -91, -5, 90, -60, 82, -74, -39, -87, -30, -18, -38, 83, -43, -47, 48, -37, -48, -25, -34, 13, 49, -26, 23, -53, 44, -2, -73, -100, 90, -53, 5, 56, -20, 78, 91, -3, -12, -52, -10, -1, 12, -42, -86, 59, 17, -71, 18, -24, -13, 96, 40, 19, -55, 58, 73, -92, -9, 96, 20, -34, -81, -85, 1, -28, 46, 77, 39, -36, -34, -52, 4, 84, 15, 81, 49, -92, 79, -87, 48, 28, -80, -58, 49, -1, -22, -9, 97, -5, 41, 69, 85, -76, -26, -98, -57, -71, 81, -80, 13, -83, 21, -67, -83, -25, -51, 9, 66, -79, -55, -5, 89, -63, 45, -99, -12, 33, -51, -92, -74, 78, -3, 88, 92, 58, 51, 69, -91, 23, -62, 38, 20, -53, -37, -49, -40, 35, 83, 47, 42, -5, -87, -42, 61, 52, -53, 38, -11, -63, 53, -45, -97, -98, -25, 3, -8, -93, -68, -91, -56, -59, -29, -40, 84, -29, 99, -36, -41, 81, 16, -8, 38, 89, -35, 52, 58, -93, -99, 53, -22, -64, -67, -91, -2, -19, 89, -60, -7, 38, -70, -61, -26, -27, -85, 53, 85, -26, 62, 36, 22, 23, 78, -38, 97, -80, -1, 81, 2, 68, -84, 87, -85, 26, -75, 31, -1, 0, -59, -21, -61, 89, -11, -74, 35, -18, -64, -19, -32, 55, 4, -83, 75, 61, 6, 35, -55, -67, -56, 59, 98, 56, 74, 43, -20, 49, -95, -60, -83, -56, 81, 83, -3, 67, -8, -45, 29, 10, -5, -37, -12, 1, -8, -75, -52, 39, -37, -54, -6, -26, 69, 47, 24, -76, 4, -93, 0, 54, -6, -12, 95, -71, 63, -52, 59, -52, 8, -86, -16, 50, -61, -20, -68, -50, 93, 58, 86, -35, -73, 18, 52, -89, -63, -17, -12, -86, -19, 25, 69, -62, 54, 41, 89, 31, -52, 85, -49, 83, -94, 3, 38, 47, 21, 87, 31, 95, 97, -63, -23, -9, 55, -30, 52, -20, -75, 10, -18, -89, 1, 60, 31, 29, 25, 93, -25, 11, -15, 71, -32, 27, 35, -17, 39, 54, -42, -9, 24, 85, 36, -9, 6, 23, 18, -25, 15, -79, -59, 69, 40, 25, 83, 26, -78, 91, -51, -58, 76, 52, 16, -23, 74, 35, 57, -58, -67, 47, 0, 21, 19, 75, 70, 58, 83, 6, -60, -81, 91, -74, -47, -36, 37, -36, -50, 72, 9, -45, -69, -80, 87, 86, -54, -15, 63, -93, -88, -47, -45, 5, -12, -81, -20, 96, 61, 66, -28, -64, 32, -14, -16, -27, -56, -97, 1, 18, -92, -30, 75, 81, 61, -17, -15, -69, 47, 74, 18, 86, -56, 62, 95, 41, 3, -55, -31, 76, -61, -30, 79, -70, 66, 87, -41, 95, -46, -30, 75, 71, 54, 16, -33, 69, 42, 44, 71, 51, 80, -65, -61, 48, 42, -90, -11, -37, 65, -2, 90, -65, -64, 22, 74, 40, -56, 29, 19, -42, -60, 66, -50, 70, 6, 4, 62, -3, -56, 14, -78, 69, 75, -53, 74, 9, 86, 43, -11, 74, -73, 40, 77, 79, -37, -46, -2, 12, -40, 84, 93, 3, 79, -61, -43, -33, 48, 73, 20, 61, -98, 91, -82, 38, 33, 40, -36, 48, 72, -18, 30, -92, -71, -67, 45, -45, 28, 90, 1, 77, 51, 65, 68, -27, -74, -62, 53, 77, 53, 54, -25, 25, 25, 77, -47, 87, 88, 42, -49, 16, 50, 10, -35, -73, 78, -52, 5, 56, -100, -64, -13, -84, -3, 52, 5, 11, -22, -88, 71, -30, -21, 39, 90, -35, -64, -17, 67, 77, 42, 26, -30, 15, -37, -64, 80, 98, -100, 80, -41, -68, 88, 59, -34, 98, 99, 16, -96, 87, -62, 98, 9, 10, 69, -70, 33, 61, 80, 27, 10, 11, 42, 46, 82, 98, -21, 49, 24, -44, 56, -17, -46, 88, 46, -69, 100, 90, 69, -44, 64, -31, -4, 79, -21, -88, -14, -56, 66, -32, -15, -92, 97, 18, 20, 36, 80, -1, -38, -4, 55, 71, -21, -98, 100, 77, -76, 14, 6, 60, -62, 94, 50, -68, 85, 92, 42, 63, 68, 1, 78, 65, 59, 5, -22, 47, -75, -75, 98, -87, 68, -13, 73, -34, 49, 96, 89, -88, 41, -90, 26, -51, 84, 33, -12, -47, -29, 19, -47, -69, 45, -35, 34, 41, -7, 86, -96, 93, 98, -98, -4, -7, 6, -71, 78, 16, -30, -13, -32, -49, 45, -85, -30, 90, -71, 67, -8, -85, -8, 64, 36, -77, -98, -83, 49, 14, -62, -53, 55, -14, -39, 19, 57, 21, -25, 16, -95, -3, 73, 41, -23, 50, -5, -69, -53, 0, 65, -8, 88, 24, -91, 69, -50, -23, 63, 67, 95, 77, 39, 18, 54, 19, 29, 72, -57, -40, 25, -98, 38, 23, -82, 61, 68, 31, 65, -67, -61, 38, -32, -60, -2, -57, 14, 90, -15, -84, -17, 61, -92, -80, 82, -93, 96, 11, 10, 28, 96, -42, -70, -9, 49, 7, -26, -42, 18, 98, 26, 52, -11, 9, 83, 4, 36, 77, -3, -19, -35, 1, -66, 43, 44, -24, 29, 70, 98, 88, -16, -50, -32, 10, -18, -35, 85, 25, -73, 20, -87, 11, -38, 32, 83, -73, 20, 61, 87, -88, 18, -42, -61, -23, -11, 99, -79, 11, 62, 58, 48, -16, 63, -53, 34, 77, -65, 6, -22, 58, 44, 18, 11, 0, -60, -53, 19, 99, 12, 22, 9, 35, -89, 7, 87, -91, 82, 74, 84, 74, -58, 4, -14, 8, 15, -39, 1, -11, -75, 74, -90, 96, 34, -78, -59, 66, -57, -71, 36, -92, 77, -37, -6, 88, -69, 43, -67, 3, 64, 94, 40, 25, -37, 64, 15, 69, -9, 93, -63, -19, 39, -38, -11, -52, -68, -37, 33, -1, -38, -63, -5, -79, 43, -59, -39, 14, 12, -81, -75, 35, 91, -2, 21, -22, 60, -14, -84, 12, -8, -27, 82, -11, -22, 93, -81, 52, -93, 40, 42, -54, 30, -41, -49, -74, 53, 73, 25, -64, -72, 84, -64, -81, 26, 25, -34, -13, 5, -92, 99, 56, -82, -22, 78, 83, -96, 43, -61, -19, -32, -32, -65, 23, -29, -88, -17, -21, -59, -44, -89, -91, -9, -57, -47, -13, -16, -88, 95, -61, -19, 64, 61, 36, -20, 65, 99, -73, 68, -81, -55, 25, -76, -6, -60, 27, 22, 96, 84, 81, 25, -11, -55, -71, -37, 21, -67, -30, 7, -4, -63, 46, 84, 48, 85, -7, 3, -26, -64, 74, -32, 5, 3, -71, 48, 34, -32, 96, 93, 62, -18, 64, 80, -26, 36, 48, -89, -90, -8, -75, -48, -90, -20, -25, 52, 45, 93, -1, 40, 75, -40, -90, -68, 93, 47, 100, 7, 19, 96, 100, -27, -70, 31, -28, 22, -23, -71, 87, 17, -99, -26, 97, 97, 59, 80, -13, 5, -81, -15, 17, 1, 48, -64, 76, -58, 88, 20, 61, 23, -62, -99, 10, 93, 39, -87, -91, 60, 66, 6, 12, -91, 85, -99, -22, 62, 46, -14, 27, 76, -10, 39, 6, -84, -26, -71, 96, -45, 69, 41, -16, 64, 86, -84, 27, 20, 81, 39, 74, -81, 77, -93, 97, -69, -82, 63, 31, -56, 29, -32, 17, -6, -78, -41, -53, 13, 38, 0, 43, -9, -21, 21, 78, -52, -9, 18, 16, -28, -24, 95, -100, 13, -52, -98, -99, 83, -65, 90, 95, 20, 79, -45, -71, 41, -85, -11, 57, -12, 39, 41, 9, 59, 83, -55, 13, -99, -42, -39, 65, -74, -98, -60, -50, 95, 11, -91, -60, 67, 19, -26, -24, -97, -21, -82, 26, 16, 23, 95, 9, -61, -61, 62, 43, 86, -47, 28, 12, 99, -76, 47, -92, -64, 29, 15, -93, -44, -96, 33, 15, -76, 58, 23, 37, -92, 57, 57, 4, -91, -10, 83, -33, 70, -88, 5, -99, -66, -86, 28, 47, -96, 68, 92, 85, 81, -50, -50, -12, 52, 52, -46, -98, -49, 11, 68, -71, -85, 17, 66, 27, 85, 0, 60, -84, -39, -93, 46, 11, 25, 8, 36, 23, -25, 86, 1, -12, 92, 97, -37, 5, 99, 42, -85, -19, -64, -37, -31, 13, -8, 37, 83, 13, 52, -99, 81, 89, -63, -38, -75, -49, -19, 43, 4, -93, -4, -90, 69, -77, -61, -84, -97, -82, -20, -16, -45, -79, 45, -31, -74, 34, 56, -14, 19, 94, 62, -14, -28, -39, -63, 67, 61, -58, 66, 33, 78, -37, 73, 24, 62, -58, 34, 30, 63, 28, -5, -19, 85, -53, -98, -18, 89, 6, 28, 0, -48, 22, 14, 43, 31, -26, 43, -27, -78, -12, 91, 54, 82, 22, -15, 99, -25, 49, 60, 97, 99, 14, 83, 67, -72, 44, 99, 51, 29, -58, -95, 15, -25, 58, 88, -99, -82, 97, -90, -28, 73, -74, -3, 42, -40, -20, -42, 9, -9, -72, 80, -66, -42, -22, 85, -14, -8, 78, 83, -78, 22, -36, 30, -82, -60, 99, 13, -57, 11, 86, 84, -40, 49, -34, 95, -86, 2, 20, -36, -38, 60, -13, 1, -67, -18, 52, 33, 62, 66, -13, 94, -23, 67, 79, 65, 23, -54, -95, -71, -95, 70, -34, 70, 31, 71, 45, -4, -18, 57, -84, -48, 59, 4, 81, -27, -38, 49, -14, -87, -4, 75, -3, -70, 99, 17, 55, 45, 37, -51, -32, 44, -68, 40, -6, -4, -57, 52, 44, -25, -43, 72, 91, 61, 94, -20, 9, -1, -42, -43, -31, 59, 34, -26, 56, 24, -62, -59, -24, 77, -57, -14, -9, -47, 34, -64, 31, 0, -86, -53, 6, -79, -4, -14, 42, -8, 0, 69, 87, 18, -82, 20, 36, -44, -80, -80, -1, -36, 64, 86, -58, -27, 2, 33, -17, -8, 49, -86, 27, 100, 54, -95, -43, -53, -29, 88, 65, 92, 25, 29, -85, 40, -82, 87, -60, 35, -64, 60, -9, -27, 96, 39, 61, 40, 69, -76, -10, -52, 63, 4, 77, 83, -65, 44, 21, -79, 78, -1, -57, -27, -86, 88, -55, -46, -66, 79, 23, 98, 10, -17, -81, 97, 25, -53, -38, -68, -23, 2, 82, 52, -56, 27, 35, -25, 53, 100, 32, 12, 30, 40, 65, -44, 3, 33, -67, -63, -77, -69, 43, -42, -21, 21, -4, 89, 56, -14, 72, -94, 9, 79, 83, 69, 94, -45, -13, 46, 58, 29, -44, 25, -82, -38, -37, -43, 2, 49, 87, -47, 49, 85, 42, -76, -34, 59, -74, 30, 9, -53, -65, 100, -63, 46, 27, 12, -55, 94, 34, -55, -51, -17, 80, 17, -85, -8, -45, 17, -34, 72, 60, 8, -69, -64, 83, 34, -9, 23, 22, 99, -51, 91, 84, -41, 79, 35, -53, -51, 56, -54, 11, 49, -100, -56, -46, -6, -23, 80, -29, -65, -100, -15, 74, -64, -54, 20, -46, -26, -35, 44, -48, 73, 50, 42, 91, 68, 73, 67, 49, 17, 94, -30, -100, -25, -43, -69, -70, 49, 41, 26, 46, 90, -96, -22, 51, 68, -35, -70, 24, -48, 42, -94, 65, -59, 43, -81, 25, 84, 13, -90, -62, 33, -56, 75, 40, -43, 54, 49, 14, 95, -29, 55, -64, 88, -25, -55, 12, 73, 99, -65, 70, -68, -36, 6, 69, -92, -30, 56, -4, -14, -1, -8, 55, 59, -19, 95, -4, -45, 4, -40, 41, 95, -19, 75, 84, -14, 96, -6, 2, -98, -9, 19, -78, 46, -69, -35, 62, 96, -18, -77, -28, 71, 11, -9, -20, -50, -72, 33, 12, -25, -86, -42, 49, 33, -43, 83, -75, 24, 85, -14, -99, 18, -14, -90, -85, 16, 68, 62, -98, -21, 8, 36, -28, 40, 68, -32, -77, -26, 83, 59, -89, 73, -75, 27, 4, -85, -89, -30, 41, 87, -49, 59, 80, -24, -65, 50, 47, 84, -51, 36, 26, 79, -93, 63, -95, 34, 45, -18, 66, -25, -88, -7, -5, 16, 97, -46, 1, 4, 72, 100, -39, 15, 55, -6, 89, -1, 56, -37, 85, 4, 69, -4, 91, -81, 20, 62, -13, -43, 24, -51, 64, 58, -21, -36, -85, 57, -45, -1, -84, 29, 80, 76, -34, 64, -75, -25, 87, -29, 31, 70, -92, -28, -71, 34, -83, -47, 64, 11, 52, -72, -72, 52, 6, 64, -82, 51, 18, -59, 7, -62, -63, -65, -37, -44, 93, 55, -85, -52, -54, 39, 24, -89, 66, -80, 2, -52, 24, 26, -55, -89, 16, 27, 11, -24, -85, 61, -40, 32, 93, 67, 30, 5, -57, 27, 91, 69, 15, -67, -12, -76, -19, -63, 1, -62, 79, 59, -16, -90, 79, 96, 6, 7, -85, -35, 59, -90, -87, -10, 59, 41, -5, 98, -69, -30, 17, 37, 82, 77, 62, 82, 30, -68, 26, 58, 36, 36, 52, 64, 26, 78, -11, 87, 49, 32, -25, -14, 36, -93, -77, 87, 2, 54, -92, -72, -21, 84, 14, -5, -65, -97, -93, -65, -80, -59, 43, -21, 62, 0, -33, 47, -64, 48, -43, 85, 97, 21, 31, 76, 21, 30, 31, -83, -91, 100, -21, -34, 54, 77, 42, -71, -16, -35, -87, 22, -56, -51, -4, 48, 86, 43, 43, 54, 42, -40, 90, 10, -32, 13, 45, -80, 36, -36, 17, -76, 56, 50, -78, -97, -74, 18, 96, -85, -11, 30, -82, 73, -59, 76, 95, 4, -1, 48, 25, -30, -35, -52, -93, 18, -70, 18, 16, 100, -82, -7, 56, -60, 73, -19, -23, 60, 7, -77, 44, -76, -68, 67, 42, -35, 66, -28, 4, -97, 0, -19, -59, 73, 50, 78, 76, -59, 59, 53, -13, 73, -2, 95, 58, -48, 68, -22, -99, 66, -93, -17, 62, -75, 14, -4, -45, -26, 27, 43, -6, 92, -11, -9, -24, -7, 33, 14, 90, 96, -72, 36, -67, 95, 52, -93, -43, -71, 100, 87, -45, 0, -9, 94, 41, -96, -82, -83, 81, 18, -7, 67, 79, 77, 67, -5, -93, -37, 56, 85, -29, 30, -69, 61, -29, -89, 99, -4, -36, -52, -11, -5, 33, -85, -1, -9, 87, -54, -56, -51, 51, 77, -15, 37, -61, 3, 72, -35, 3, 54, -7, 85, 82, -81, 97, 3, -16, 32, -79, -19, -54, 5, 34, 67, -86, 35, -80, -25, 26, -39, 91, -40, -23, -11, -44, -66, 67, 42, 12, -58, 21, -72, 93, -32, 75, -60, -91, 86, -79, -61, 40, 22, 91, -24, -95, 74, -37, -31, -88, 99, -12, 57, 30, -90, -22, 12, 73, 62, 89, 23, -1, -80, 9, 69, 14, 18, -3, 64, -54, 65, -58, 86, 41, 5, -47, 37, -68, 71, -38, -57, 37, 17, -73, 12, 6, -85, -84, 93, -28, -3, 23, 70, 36, -33, -37, -31, 42, -60, 20, 53, -59, -31, 10, -3, 63, 89, 60, 88, 56, -16, 67, 71, 47, -54, 77, -70, -15, -91, -65, 80, -23, -65, 59, 81, -88, 100, 88, 30, 93, 32, 98, -72, -51, -91, -51, -87, -57, -72, -41, 49, 44, -43, 89, 97, 74, 42, -44, -1, 9, -35, -36, -28, -51, 75, -40, -21, 4, -19, 88, 14, 86, 2, -80, -40, -48, 34, 55, -37, 82, -39, -42, -73, 85, 48, 75, -62, 82, 16, 42, -85, 17, -21, 50, 62, -22, -64, -37, 6, -37, -86, 19, -41, 29, 98, -11, 100, 83, 41, 50, 90, -39, 2, 22, -35, 38, -68, -9, 44, 42, -74, 4, -54, -22, 55, -52, -92, -7, 34, -25, -28, 71, -82, -61, 99, -87, 63, -42, 91, 14, 45, 38, 27, 59, 63, -43, 99, -64, -80, -13, 100, -53, -24, 19, -3, 95, 49, 44, 65, -64, -59, -45, 18, 79, -61, -64, 9, 80, -87, 79, 66, 27, -85, 41, 65, 25, -80, 69, 64, -73, 29, 76, 15, -11, -73, -91, 76, -10, 48, -22, -89, 23, 18, 76, 94, -76, -50, -27, 59, -35, -20, 31, 38, -49, 97, -55, 37, -43, 15, -8, 72, 24, -33, 48] with a sum of 13288
-> Time: 38.3764 seconds